scenario,yr,if1,if2,if3,if4,if5,if6,if7,if8,if9,if10,if11,if12,if13,if14,if15
1,1998,1,1,0,0,0,0,0,1,1,0,0,0,0,0,1
2,1998,1,1,0,0,0,0,0,0,0,0,0,0,0,0,1
3,1998,1,0,0,0,0,0,0,0,0,1,0,0,0,0,0
4,1998,1,1,0,0,0,0,0,0,0,0,0,0,0,0,1
5,1998,1,1,0,0,0,0,0,0,0,0,1,0,0,0,1
6,1998,0,0,0,0,0,0,0,0,0,0,0,0,0,0,0
7,1998,1,1,0,0,0,1,0,0,0,0,0,0,0,0,1
8,1998,1,1,0,0,0,0,0,0,0,0,0,0,0,0,0
9,1998,1,0,0,0,0,0,0,0,0,0,0,0,0,0,0
10,1998,1,1,0,0,0,0,0,0,0,0,0,0,0,0,0
11,1998,1,1,0,0,0,0,0,0,0,0,0,0,0,0,1
12,1998,1,1,0,0,0,1,0,0,0,0,1,0,0,0,1
13,1998,1,1,0,0,0,0,0,0,0,0,0,0,0,0,1
14,1998,1,1,0,0,0,0,0,0,0,0,0,0,0,0,0
15,1998,1,1,0,0,0,0,0,0,0,0,0,0,0,0,0
16,1998,1,1,0,0,0,0,0,0,0,0,0,0,0,0,1
17,1998,1,1,0,0,0,0,0,0,1,0,0,0,0,0,1
18,1998,1,1,0,0,0,0,0,0,0,0,0,0,0,0,1
19,1998,0,1,0,0,0,0,0,0,0,0,0,0,0,0,0
20,1998,1,1,0,0,0,0,0,0,1,0,0,0,0,0,1
21,1998,1,0,0,0,1,0,0,0,0,0,0,1,0,0,0
22,1998,1,1,0,0,0,0,0,0,0,0,0,0,0,0,1
23,1998,1,0,0,0,0,0,0,0,0,0,0,0,0,0,1
24,1998,0,0,0,0,0,0,1,0,0,0,0,0,0,0,0
25,1998,0,0,0,0,0,0,0,0,0,0,0,0,0,0,0
26,1998,1,0,0,0,0,0,0,0,1,0,1,0,0,0,0
27,1998,1,1,0,0,0,0,0,0,0,0,0,0,0,0,1
28,1998,0,0,0,0,0,0,1,0,0,0,1,0,0,0,0
29,1998,0,0,0,0,0,0,0,0,0,0,0,0,0,0,0
30,1998,1,1,0,0,0,0,0,1,1,1,0,0,0,0,1
31,1998,1,1,0,0,0,0,0,0,0,0,0,0,0,0,1
32,1998,1,1,0,0,0,0,0,0,0,0,0,0,0,0,1
33,1998,1,1,0,0,0,0,0,0,0,0,1,0,0,0,0
34,1998,1,1,0,0,0,0,0,0,0,0,0,0,0,0,1
35,1998,1,1,0,0,0,0,0,0,0,0,0,0,0,0,1
36,1998,1,1,0,0,0,0,0,0,0,0,1,0,0,0,0
37,1998,1,1,0,0,0,0,0,0,0,0,0,0,0,0,1
38,1998,1,1,0,0,0,0,0,0,0,0,0,0,0,0,1
39,1998,0,0,0,0,0,0,0,0,0,0,0,0,0,0,1
40,1998,0,1,0,0,0,0,0,0,0,0,0,0,0,1,0
41,1998,1,0,0,0,0,0,0,0,0,0,0,0,0,0,1
42,1998,1,1,0,0,0,0,1,0,0,0,0,0,0,0,1
43,1998,0,1,0,0,0,0,0,0,0,0,0,0,0,0,1
44,1998,1,1,1,0,0,0,1,1,1,0,1,1,0,0,0
45,1998,1,1,0,0,0,0,0,0,0,0,0,0,0,0,1
46,1998,1,1,0,0,0,0,0,0,0,0,1,0,0,0,1
47,1998,0,1,0,0,0,0,0,0,0,0,0,0,0,0,1
48,1998,1,1,0,0,0,0,0,0,0,0,0,0,0,0,1
49,1998,1,1,0,0,0,0,0,1,0,0,0,0,0,0,0
50,1998,0,0,0,0,0,0,0,0,0,0,0,0,0,0,0
51,1998,0,1,0,0,0,0,0,0,0,0,0,0,0,0,0
52,1998,1,1,0,0,0,0,0,0,0,0,0,0,0,0,1
53,1998,1,1,0,0,0,0,0,0,0,0,0,0,0,0,1
54,1998,1,1,0,0,0,0,0,0,0,0,0,0,0,0,0
55,1998,1,1,0,0,0,1,0,0,0,0,0,0,0,0,0
56,1998,1,1,1,0,0,0,0,1,0,0,0,0,0,0,1
57,1998,0,0,0,0,0,0,0,0,0,0,0,0,0,0,0
58,1998,1,1,0,0,0,0,0,0,0,0,0,0,0,0,1
59,1998,1,1,0,0,0,0,0,0,0,0,0,0,0,0,0
60,1998,1,1,0,0,0,0,0,1,1,0,0,0,0,0,1
61,1998,0,0,0,0,0,0,0,0,0,0,0,0,0,0,0
62,1998,1,0,0,0,0,0,0,0,0,0,0,0,0,0,0
63,1998,1,1,0,0,0,0,0,0,0,0,0,0,0,0,1
64,1998,1,0,0,0,0,0,0,1,1,0,1,0,0,0,0
65,1998,1,1,0,0,0,0,0,0,0,0,0,0,0,0,1
66,1998,1,0,0,0,0,0,0,0,0,0,0,0,0,0,1
67,1998,1,1,0,0,0,0,1,0,0,0,1,0,0,0,0
68,1998,1,1,0,0,0,0,0,0,0,0,1,0,0,0,1
69,1998,1,1,0,0,0,0,0,0,0,0,0,0,0,0,0
70,1998,1,1,1,0,0,0,0,0,0,0,1,0,0,0,1
71,1998,1,1,0,0,0,0,0,0,0,0,1,0,0,0,1
72,1998,1,1,1,0,0,0,1,1,0,0,0,0,0,0,0
73,1998,1,1,0,0,0,0,0,0,0,0,0,0,0,0,0
74,1998,0,1,0,0,0,0,0,0,0,0,0,0,0,0,1
75,1998,1,1,1,0,0,0,1,0,0,0,1,0,0,0,0
76,1998,1,1,0,0,0,0,0,0,0,0,0,0,0,0,1
77,1998,1,1,0,0,0,0,0,1,0,0,1,0,0,0,0
78,1998,1,1,0,0,0,0,0,0,1,0,1,0,0,1,0
79,1998,1,1,0,0,0,0,0,0,0,0,0,0,0,0,1
80,1998,1,1,0,0,0,0,0,0,0,0,0,0,0,0,0
81,1998,1,1,0,0,0,0,1,1,1,0,1,0,0,0,1
82,1998,1,1,0,0,0,0,1,1,1,0,1,1,0,0,1
83,1998,1,0,0,0,0,0,0,0,0,0,0,0,0,0,1
84,1998,0,1,0,0,0,0,0,0,0,0,0,0,0,0,1
85,1998,1,1,0,0,0,1,0,0,0,0,0,0,0,0,1
86,1998,0,0,0,0,0,0,0,0,0,0,0,0,0,0,0
87,1998,1,0,0,0,0,0,0,0,1,0,0,0,0,0,0
88,1998,1,1,0,0,0,0,0,0,0,0,1,0,0,0,1
89,1998,1,1,0,0,0,0,0,0,0,0,0,0,0,0,1
90,1998,1,0,0,0,0,0,0,0,0,0,0,0,0,0,0
91,1998,0,1,0,0,0,0,0,0,0,0,0,0,0,0,0
92,1998,1,1,0,0,0,0,0,0,0,0,0,0,0,0,0
93,1998,1,1,1,0,0,0,0,0,0,0,0,0,0,0,0
94,1998,1,1,0,0,0,0,0,0,0,0,0,0,0,0,1
95,1998,1,1,0,0,0,0,0,0,0,0,0,0,0,0,1
96,1998,1,1,0,0,0,0,0,0,0,0,0,1,0,0,1
97,1998,1,1,0,0,0,0,0,0,0,0,0,0,0,0,1
98,1998,1,1,0,0,0,0,0,0,0,0,0,0,0,0,0
99,1998,1,1,1,0,0,0,0,1,1,0,1,0,0,0,1
100,1998,1,1,0,0,0,0,0,0,0,0,0,0,0,0,1
101,1998,0,1,0,0,0,0,0,0,0,0,0,0,0,0,1
102,1998,1,1,0,0,0,0,0,0,0,0,0,0,0,0,1
103,1998,1,1,0,0,0,0,0,0,0,0,0,0,0,0,1
104,1998,1,1,0,0,0,0,0,0,0,0,0,0,0,0,1
105,1998,1,1,0,0,0,0,0,0,0,0,0,0,0,0,1
106,1998,0,0,0,0,0,0,0,0,0,0,0,0,0,0,0
107,1998,1,1,0,0,0,0,0,0,0,0,0,0,0,0,1
108,1998,1,1,0,0,0,0,0,0,0,0,0,0,0,0,1
109,1998,1,1,0,0,0,0,0,0,0,0,0,0,0,0,0
110,1998,1,1,0,0,0,0,0,0,0,0,0,0,0,0,1
111,1998,1,0,0,0,0,1,0,0,0,0,0,0,0,0,1
112,1998,1,1,0,0,0,0,0,0,0,0,0,0,0,0,0
113,1998,1,1,0,0,0,0,0,0,0,0,0,0,0,0,1
114,1998,1,0,0,0,0,0,0,0,0,0,0,0,0,0,1
115,1998,1,1,0,0,0,0,0,0,0,0,0,0,0,0,1
116,1998,1,1,0,0,0,0,0,0,0,0,1,0,0,0,0
117,1998,1,1,0,0,0,0,0,0,0,0,0,0,0,0,1
118,1998,1,1,0,0,0,0,0,0,0,0,0,0,0,0,1
119,1998,1,1,0,0,0,0,0,1,1,0,0,0,0,0,1
120,1998,1,1,0,0,0,0,0,0,0,0,0,0,0,0,1
121,1998,1,1,0,0,0,0,0,0,0,0,0,0,0,0,0
122,1998,1,1,0,0,0,0,0,0,0,0,0,0,0,0,1
123,1998,1,1,0,0,0,0,0,0,0,0,0,0,0,0,1
124,1998,1,0,0,0,0,0,0,0,0,0,0,0,0,0,0
125,1998,1,1,0,0,0,0,0,0,1,0,1,0,0,0,1
126,1998,1,1,0,0,0,0,0,0,0,0,0,0,0,0,0
127,1998,1,1,0,0,0,0,0,0,0,0,0,0,0,0,1
128,1998,0,1,0,0,0,0,1,1,0,0,1,1,0,0,0
129,1998,0,0,0,0,0,0,0,0,0,0,0,0,0,0,0
130,1998,1,0,0,0,0,0,0,0,0,0,0,0,0,0,1
131,1998,1,1,0,0,0,0,0,0,0,1,1,0,0,0,0
132,1998,1,1,0,0,0,1,0,0,0,1,0,0,0,0,0
133,1998,1,1,0,0,0,0,0,0,0,0,0,0,0,0,1
134,1998,1,1,0,0,0,0,1,1,1,0,1,0,0,0,0
135,1998,0,1,0,0,0,0,0,0,0,0,0,0,0,0,0
136,1998,1,1,0,0,0,0,0,0,0,0,1,0,0,0,1
137,1998,1,0,1,0,0,0,1,1,1,0,1,0,0,0,0
138,1998,1,1,1,0,0,0,0,1,1,0,0,0,0,0,1
139,1998,0,0,0,0,0,0,0,0,0,0,0,0,0,0,1
140,1998,0,0,0,0,0,0,0,0,0,0,0,0,0,0,0
141,1998,1,1,0,0,0,0,0,0,0,0,0,0,0,0,0
142,1998,0,1,1,0,0,1,0,0,0,0,0,0,0,0,0
143,1998,1,1,0,0,0,0,0,0,0,0,0,0,0,0,1
144,1998,1,1,0,0,0,0,0,1,1,1,0,0,0,0,1
145,1998,1,1,0,0,0,0,0,0,0,0,0,0,0,0,1
146,1998,1,1,0,0,0,1,0,0,0,0,0,0,0,0,0
147,1998,1,1,0,0,0,1,0,0,0,0,1,0,0,0,1
148,1998,1,1,0,0,0,0,0,1,1,0,0,0,0,0,1
149,1998,1,1,0,0,0,0,0,0,0,0,0,0,0,0,1
150,1998,0,1,0,0,0,0,1,0,0,0,1,0,0,0,1
151,1998,1,1,0,0,0,0,0,0,0,0,0,0,0,0,1
152,1998,1,1,0,0,0,1,0,0,0,0,0,0,0,0,1
153,1998,1,1,0,0,0,0,0,0,0,0,0,0,0,0,1
154,1998,1,1,0,0,0,0,0,0,0,0,0,0,0,0,1
155,1998,1,1,0,0,0,0,0,0,0,0,0,0,0,0,0
156,1998,1,1,0,0,0,0,1,1,0,0,1,0,0,0,1
157,1998,1,0,1,0,0,0,1,1,1,0,0,0,0,0,1
158,1998,1,1,0,0,0,0,1,1,1,0,0,0,0,0,1
159,1998,0,0,0,0,0,0,0,0,0,0,0,0,0,0,0
160,1998,1,1,0,0,0,0,0,1,0,0,1,0,0,0,1
161,1998,1,1,0,0,0,0,0,1,1,0,1,0,0,0,0
162,1998,1,1,0,0,0,0,1,0,0,0,0,0,0,0,0
163,1998,1,1,0,0,0,0,0,0,0,0,0,0,0,0,1
164,1998,1,1,0,0,0,0,0,0,0,0,0,0,0,0,1
165,1998,0,0,1,0,0,0,0,0,0,0,0,0,0,0,0
166,1998,1,1,0,0,0,0,0,0,0,0,0,0,0,0,1
167,1998,1,1,0,0,0,0,0,0,0,0,1,0,0,0,1
168,1998,1,1,0,0,0,0,0,1,1,1,0,0,0,0,1
169,1998,0,1,1,0,0,0,0,0,0,0,0,0,0,0,1
170,1998,1,0,0,0,0,0,0,1,1,0,1,0,0,0,0
171,1998,1,0,0,0,0,0,0,0,0,0,0,0,0,0,1
172,1998,1,1,0,0,0,0,1,0,0,0,0,0,0,0,0
173,1998,1,1,1,0,0,0,0,0,0,0,0,0,0,0,1
174,1998,1,1,0,0,0,0,0,0,0,0,1,0,0,0,1
175,1998,1,1,0,0,0,0,0,0,0,1,0,0,0,0,1
176,1998,1,0,0,0,0,0,0,1,1,0,1,0,0,0,1
177,1998,1,0,0,0,0,0,0,0,0,0,0,0,0,0,1
178,1998,1,1,0,0,0,0,0,1,0,0,0,0,0,0,0
179,1998,0,1,0,0,0,0,0,0,0,0,0,0,0,0,1
180,1998,1,1,1,0,0,0,1,1,1,0,1,0,0,0,0
181,1998,0,0,0,0,0,0,1,0,0,0,0,0,0,0,0
182,1998,1,1,0,0,0,0,0,0,0,0,0,0,0,0,1
183,1998,0,0,0,0,0,0,1,0,0,0,0,0,0,0,0
184,1998,1,1,0,0,0,0,0,0,1,0,0,0,0,0,1
185,1998,1,1,0,0,0,1,0,0,0,0,0,0,0,0,1
186,1998,1,1,0,0,0,0,0,0,0,0,0,0,0,0,1
187,1998,1,1,0,0,0,0,0,1,1,0,1,0,0,0,1
188,1998,1,1,0,0,0,0,0,0,0,0,0,0,0,0,1
189,1998,1,0,0,0,0,0,0,0,0,0,0,0,0,0,0
190,1998,1,1,0,0,0,0,0,0,0,0,1,0,0,0,1
191,1998,1,1,0,0,0,0,0,0,0,0,0,0,0,0,0
192,1998,1,1,0,0,0,0,0,0,0,0,1,0,0,0,0
193,1998,1,1,0,0,0,0,0,0,0,0,0,0,0,0,0
194,1998,1,1,0,0,0,0,0,0,0,0,0,0,0,0,1
195,1998,1,1,0,0,0,1,0,0,0,0,0,0,0,0,1
196,1998,1,1,0,0,0,0,1,1,0,0,0,0,0,0,0
197,1998,1,1,0,0,0,0,0,0,0,0,0,0,0,0,1
198,1998,1,1,0,0,0,0,0,0,0,0,0,0,0,0,1
199,1998,1,1,0,0,0,0,0,0,0,0,0,0,0,0,1
200,1998,1,1,0,0,0,0,0,0,0,0,0,0,0,0,1
201,1998,1,1,0,0,0,1,0,1,1,0,0,0,0,0,1
202,1998,1,1,0,0,0,0,0,1,1,0,1,0,0,0,0
203,1998,1,1,0,0,0,0,0,0,0,0,0,0,0,0,1
204,1998,1,1,1,0,0,0,1,1,0,0,1,0,0,0,1
205,1998,1,1,0,0,0,0,0,0,0,0,1,0,0,0,1
206,1998,1,1,0,0,0,0,0,0,0,0,0,0,0,0,1
207,1998,1,1,0,0,0,0,0,0,0,0,0,0,0,0,0
208,1998,1,1,0,0,0,0,0,0,0,0,0,0,0,0,0
209,1998,1,1,0,0,0,0,0,0,0,0,0,0,0,0,1
210,1998,1,1,0,0,0,0,0,0,0,0,0,0,0,0,1
211,1998,1,1,0,0,0,0,0,0,0,0,0,0,0,0,1
212,1998,1,1,0,0,0,0,1,0,0,0,0,0,0,0,0
213,1998,1,1,0,0,1,0,1,1,1,0,0,1,0,0,1
214,1998,1,1,1,0,0,0,0,0,0,0,1,0,0,0,1
215,1998,1,1,0,0,0,1,1,0,0,0,0,0,0,0,1
216,1998,1,1,0,0,0,0,0,0,0,0,0,0,0,0,1
217,1998,1,1,0,0,0,0,0,0,0,0,0,0,0,0,1
218,1998,1,1,0,0,0,0,0,0,1,0,0,0,0,0,1
219,1998,1,1,0,0,0,0,0,0,0,0,0,0,0,0,1
220,1998,1,1,1,0,0,0,1,0,0,0,1,0,0,0,1
221,1998,1,1,0,0,0,0,0,0,0,0,0,0,0,0,0
222,1998,1,1,0,0,0,0,0,1,1,1,1,0,0,0,1
223,1998,1,0,0,0,0,0,0,1,0,0,1,0,0,0,0
224,1998,1,1,0,0,0,0,0,0,0,0,1,0,0,0,1
225,1998,1,1,0,0,0,0,0,0,0,0,0,0,0,0,1
226,1998,1,1,0,0,0,0,0,0,0,0,0,0,0,0,1
227,1998,1,1,0,0,0,0,0,0,0,0,0,0,0,0,1
228,1998,1,1,0,0,0,0,0,0,0,0,0,0,0,0,1
229,1998,1,1,0,0,0,0,0,0,0,0,1,0,0,0,0
230,1998,1,1,0,0,0,1,1,1,1,0,0,0,0,0,1
231,1998,1,1,0,0,0,0,0,0,0,0,0,0,0,0,0
232,1998,1,1,0,0,0,0,0,0,0,0,0,0,0,0,1
233,1998,1,1,0,0,0,0,0,0,0,0,0,0,0,0,1
234,1998,1,1,0,0,0,0,0,0,0,0,1,0,0,0,0
235,1998,1,1,0,0,0,0,0,0,0,0,0,0,0,0,0
236,1998,1,1,0,0,0,0,1,1,1,0,1,0,0,0,1
237,1998,1,1,0,0,0,0,0,0,0,0,0,0,0,0,1
238,1998,1,1,0,0,0,0,0,0,0,0,0,0,0,0,1
239,1998,1,1,1,0,0,0,0,0,0,0,0,0,0,0,0
240,1998,1,1,1,0,0,0,0,0,0,0,0,0,0,0,1
241,1998,0,1,0,0,0,0,0,0,0,0,0,0,0,0,0
242,1998,1,1,0,0,0,0,0,0,0,0,0,0,0,0,1
243,1998,1,1,0,0,0,0,0,0,0,0,0,0,0,0,1
244,1998,1,1,0,0,0,0,0,0,0,0,0,0,0,0,0
245,1998,1,1,0,0,0,0,1,1,1,0,1,0,0,0,1
246,1998,1,1,0,0,0,0,1,1,1,0,0,0,0,0,1
247,1998,0,1,0,0,0,0,0,0,1,0,0,0,0,0,0
248,1998,1,1,0,0,0,0,0,0,0,0,0,0,0,0,1
249,1998,1,1,0,0,0,0,0,0,0,0,0,0,0,0,0
250,1998,1,1,0,0,0,0,0,0,0,0,0,1,0,0,1
251,1998,1,1,0,0,0,0,0,0,0,0,0,0,0,0,1
252,1998,1,1,0,0,0,0,0,0,0,0,1,0,0,0,0
253,1998,1,1,0,0,0,1,0,0,0,0,0,0,0,0,1
254,1998,1,1,1,0,0,0,0,0,0,0,0,0,0,0,0
255,1998,1,0,0,0,0,0,0,1,0,0,0,0,0,0,1
256,1998,1,1,0,0,0,0,0,0,0,0,0,0,0,0,0
257,1998,1,1,0,0,0,0,0,0,0,0,0,0,0,0,1
258,1998,1,1,0,0,0,0,0,0,0,0,0,0,0,0,1
259,1998,1,1,0,0,0,0,0,1,0,1,0,0,0,0,1
260,1998,1,1,0,0,0,0,0,0,0,0,1,0,0,0,0
261,1998,1,1,0,0,0,0,0,0,0,0,0,0,0,0,1
262,1998,1,1,0,0,0,0,0,0,0,0,1,0,0,1,1
263,1998,1,1,0,0,0,0,0,0,0,0,0,0,0,0,1
264,1998,1,1,1,0,0,0,0,0,0,0,0,0,0,0,1
265,1998,1,1,1,0,0,0,1,0,0,0,1,0,0,0,1
266,1998,1,1,0,0,0,0,1,0,0,0,1,0,0,0,0
267,1998,1,1,1,0,0,0,0,0,0,0,1,0,0,0,0
268,1998,1,1,0,0,0,0,0,0,0,0,0,0,0,0,0
269,1998,1,1,0,0,0,0,0,0,0,0,0,0,0,0,1
270,1998,1,1,0,0,0,0,0,0,0,0,0,0,0,0,0
271,1998,1,1,0,0,0,0,0,0,0,0,0,0,0,0,1
272,1998,1,1,0,0,0,0,0,0,0,0,0,0,0,0,1
273,1998,1,1,0,0,0,0,0,0,0,0,0,0,0,0,0
274,1998,1,1,0,0,0,0,0,0,0,0,0,0,0,0,1
275,1998,1,1,1,0,0,0,0,0,0,0,0,0,0,0,1
276,1998,1,1,0,0,0,0,0,1,1,1,0,0,0,0,0
277,1998,1,1,1,0,0,0,1,0,1,0,0,1,0,0,0
278,1998,1,1,0,0,0,0,0,0,0,0,0,0,0,0,0
279,1998,1,1,0,0,0,0,0,0,0,0,0,0,0,0,1
280,1998,1,1,0,0,0,0,0,0,0,0,0,0,0,0,0
281,1998,1,1,0,0,0,0,1,1,1,0,0,0,0,0,1
282,1998,1,1,0,0,0,0,1,0,1,0,1,0,0,0,0
283,1998,1,1,0,0,0,0,1,1,1,0,1,0,0,0,0
284,1998,1,1,0,0,0,0,0,0,0,0,1,0,0,0,1
285,1998,1,1,0,0,0,0,0,1,0,0,0,0,0,0,1
286,1998,1,1,0,0,0,0,0,0,1,0,0,0,0,0,0
287,1998,1,1,0,0,0,0,0,0,0,0,1,0,0,0,1
288,1998,0,0,0,0,0,0,0,0,0,0,0,0,0,0,0
289,1998,1,1,0,0,0,0,0,0,0,0,0,0,0,0,0
290,1998,1,1,0,0,0,0,1,1,1,0,0,0,0,0,1
291,1998,0,1,0,0,0,0,0,0,0,0,0,0,0,0,1
292,1998,1,1,0,0,0,0,0,0,0,0,0,0,0,0,1
293,1998,1,1,0,0,0,0,0,0,0,0,0,0,0,0,0
294,1998,1,1,0,0,0,0,0,0,0,0,1,0,0,0,1
295,1998,1,1,0,0,0,0,0,0,0,0,1,0,0,0,1
296,1998,0,1,0,0,0,0,0,0,1,0,0,0,0,0,0
297,1998,1,1,0,0,0,0,0,0,0,0,0,0,0,0,1
298,1998,1,1,0,0,0,0,0,0,0,0,0,0,0,0,0
299,1998,1,1,0,0,0,0,0,0,0,0,0,0,0,0,1
300,1998,1,1,0,0,0,0,0,0,0,0,0,0,0,0,0
1,1999,1,1,1,0,0,0,0,0,0,0,1,0,0,0,1
2,1999,1,1,0,0,0,0,0,0,0,0,1,0,0,0,0
3,1999,0,1,0,0,0,0,0,0,0,0,0,0,0,0,1
4,1999,0,0,0,0,0,0,0,0,0,0,1,0,0,0,1
5,1999,0,0,0,0,0,0,0,0,0,0,0,0,0,0,0
6,1999,0,0,0,0,0,0,0,0,0,0,0,0,0,0,0
7,1999,1,1,0,0,0,0,0,0,0,0,0,0,0,0,0
8,1999,0,1,0,0,0,0,0,0,0,0,0,0,0,0,1
9,1999,1,1,0,0,0,0,0,0,0,0,0,0,0,0,1
10,1999,0,1,1,0,0,0,1,1,0,0,1,0,0,0,1
11,1999,1,1,0,0,0,0,0,0,0,0,1,0,0,0,0
12,1999,1,1,0,0,0,0,0,0,0,0,0,0,0,0,1
13,1999,1,1,0,0,0,0,0,0,1,0,1,0,0,0,1
14,1999,1,1,0,0,0,0,0,0,0,0,1,0,0,0,0
15,1999,0,1,0,0,0,0,0,0,0,0,0,0,0,0,1
16,1999,1,1,0,0,0,0,0,0,0,0,0,0,0,0,0
17,1999,0,0,0,0,0,0,0,0,0,0,0,0,0,0,0
18,1999,0,0,0,0,0,0,0,0,0,0,0,0,0,0,0
19,1999,0,0,0,0,0,0,0,0,0,0,0,0,0,0,0
20,1999,0,1,0,0,0,0,0,0,0,0,0,0,0,0,0
21,1999,0,0,0,0,0,0,0,0,0,0,0,0,0,0,0
22,1999,1,0,0,0,0,0,0,0,0,0,0,0,0,0,0
23,1999,1,1,0,0,0,0,0,0,0,0,0,0,0,0,0
24,1999,0,0,0,0,0,0,0,0,0,0,0,0,0,0,0
25,1999,0,0,0,0,0,0,0,0,0,0,0,0,0,0,0
26,1999,1,1,0,0,0,0,0,0,0,0,1,0,0,0,0
27,1999,1,0,0,0,0,0,1,1,1,0,1,0,0,0,1
28,1999,1,1,0,0,0,0,0,0,1,0,1,0,0,0,1
29,1999,1,1,0,0,0,0,1,1,0,0,1,0,0,0,1
30,1999,0,1,0,0,0,0,0,0,0,0,0,0,0,0,0
31,1999,1,1,0,0,0,0,0,0,0,0,0,0,0,0,1
32,1999,1,1,0,0,0,0,0,0,0,0,1,0,0,0,0
33,1999,1,1,0,0,0,0,0,0,0,0,0,0,0,0,0
34,1999,1,1,0,0,0,0,0,0,0,0,0,0,0,0,0
35,1999,0,1,0,0,0,0,0,0,0,0,0,0,0,0,1
36,1999,0,0,0,0,0,0,0,0,0,0,0,0,0,0,0
37,1999,0,0,0,0,0,0,0,0,0,0,0,0,0,0,0
38,1999,1,1,0,0,0,0,0,0,0,0,0,0,0,0,1
39,1999,0,0,0,0,0,0,0,0,0,0,1,0,0,0,1
40,1999,0,0,0,0,0,0,0,0,0,0,0,0,0,0,1
41,1999,1,1,0,0,0,0,0,0,0,0,0,0,0,0,0
42,1999,0,1,0,0,0,0,0,0,0,0,0,0,0,0,1
43,1999,0,1,0,0,0,0,0,0,0,0,0,0,0,0,0
44,1999,1,1,0,0,0,0,0,0,0,0,0,0,0,0,1
45,1999,0,1,0,0,0,0,0,0,0,0,0,0,0,0,0
46,1999,1,1,0,0,0,0,0,0,0,0,0,0,0,0,1
47,1999,1,1,0,0,0,0,1,0,0,0,0,0,0,0,1
48,1999,1,1,0,0,0,0,0,0,0,0,0,0,0,0,0
49,1999,0,1,0,0,0,0,0,0,0,0,0,0,0,0,1
50,1999,0,0,0,0,0,0,0,0,0,0,1,0,0,0,1
51,1999,0,0,0,0,0,0,0,0,0,0,0,0,0,0,0
52,1999,0,1,0,0,0,0,0,0,0,0,0,0,0,0,1
53,1999,1,1,0,0,0,0,0,0,0,0,0,0,0,0,0
54,1999,1,1,0,0,0,0,1,0,0,0,0,0,0,0,1
55,1999,0,1,0,0,0,0,0,0,0,0,0,0,0,0,0
56,1999,1,1,1,0,0,0,0,0,0,0,1,0,0,0,1
57,1999,0,0,0,0,0,0,0,0,0,0,0,0,0,0,0
58,1999,0,1,0,0,0,0,0,0,0,0,1,0,0,0,1
59,1999,0,1,0,0,0,0,0,0,0,0,0,0,0,0,0
60,1999,1,1,0,0,0,0,0,0,0,0,0,0,0,0,1
61,1999,0,0,0,0,0,0,0,0,0,0,0,0,0,0,0
62,1999,0,1,0,0,0,0,0,0,0,0,0,0,0,0,1
63,1999,1,1,0,0,0,0,0,0,0,0,1,0,0,0,1
64,1999,0,1,1,0,0,0,0,0,0,0,0,0,0,0,0
65,1999,1,1,0,0,0,0,0,0,0,0,0,0,0,0,1
66,1999,0,1,0,0,0,0,0,0,0,0,1,0,0,0,0
67,1999,1,1,0,0,0,0,0,0,0,0,0,0,0,0,0
68,1999,1,1,0,0,0,0,0,0,0,0,1,0,0,0,0
69,1999,1,1,0,0,0,0,0,0,0,0,0,0,0,0,0
70,1999,1,1,0,0,0,0,0,0,0,0,1,0,0,0,0
71,1999,1,1,0,0,0,0,0,0,0,0,0,0,0,0,0
72,1999,1,1,0,0,0,0,0,0,0,0,0,0,0,0,1
73,1999,1,1,0,0,0,0,0,0,0,0,0,0,0,0,1
74,1999,0,1,0,0,0,0,0,0,0,0,0,0,0,0,0
75,1999,1,1,0,0,0,0,0,0,0,0,0,0,0,0,0
76,1999,1,1,0,0,0,0,0,0,0,0,1,0,0,0,1
77,1999,1,1,0,0,0,0,0,0,0,0,1,0,0,0,0
78,1999,0,1,0,0,0,0,0,0,0,0,0,0,0,0,1
79,1999,1,1,0,0,0,0,0,0,0,0,0,0,0,0,0
80,1999,1,1,0,0,0,0,0,0,0,0,0,0,0,0,0
81,1999,0,0,0,0,0,0,0,0,0,0,0,0,0,0,1
82,1999,1,1,1,0,0,0,0,0,0,1,0,0,0,0,1
83,1999,1,1,0,0,0,0,0,0,1,1,0,0,0,0,0
84,1999,0,0,1,0,0,0,0,0,0,0,1,0,0,0,1
85,1999,1,1,0,0,1,0,0,0,0,0,1,0,0,0,0
86,1999,0,0,1,0,0,0,0,0,0,0,0,0,0,0,1
87,1999,0,1,0,0,0,0,0,0,0,0,1,0,0,0,0
88,1999,1,0,0,0,0,0,0,1,0,0,0,0,0,0,0
89,1999,1,1,0,0,0,0,0,0,0,0,0,0,0,0,0
90,1999,0,0,0,0,0,0,0,0,0,0,0,0,0,0,0
91,1999,1,1,0,0,0,0,0,0,0,0,0,0,0,0,0
92,1999,1,1,0,0,0,0,0,0,1,0,0,0,0,0,0
93,1999,0,0,0,0,0,0,0,0,0,0,1,0,0,0,1
94,1999,1,1,0,0,0,0,0,0,0,0,0,0,0,0,0
95,1999,0,1,0,0,0,0,0,0,0,1,0,0,0,0,0
96,1999,0,1,0,0,0,0,0,0,0,0,0,0,0,0,1
97,1999,1,1,0,0,0,0,0,0,0,0,0,0,0,0,1
98,1999,0,1,0,0,0,0,0,0,0,0,0,0,0,0,0
99,1999,1,1,0,0,0,0,0,0,0,1,1,0,0,0,1
100,1999,1,1,0,0,0,0,0,0,0,0,0,0,0,0,0
101,1999,1,1,0,0,0,0,0,0,0,0,1,0,0,0,0
102,1999,0,1,0,0,0,0,0,0,0,0,0,0,0,0,1
103,1999,0,0,0,0,0,0,0,0,0,0,0,0,0,0,0
104,1999,1,1,0,0,0,0,0,0,0,0,1,0,0,0,0
105,1999,1,0,0,0,0,0,0,0,0,0,0,0,0,0,0
106,1999,1,1,1,0,0,0,0,0,0,0,1,0,0,1,1
107,1999,0,1,0,0,0,0,0,0,0,0,1,0,0,0,1
108,1999,0,0,0,0,0,0,0,0,0,0,0,0,0,0,1
109,1999,1,1,0,0,0,0,0,0,0,0,0,0,0,0,0
110,1999,1,1,0,0,0,0,0,0,0,0,0,0,0,0,0
111,1999,0,1,0,0,0,0,0,0,0,0,0,0,0,0,0
112,1999,0,0,0,0,0,0,0,0,0,0,0,0,0,0,0
113,1999,1,1,0,0,0,0,0,0,0,0,1,0,0,0,1
114,1999,1,1,1,0,0,0,0,0,0,0,1,0,0,0,1
115,1999,1,1,0,0,0,0,0,0,0,0,0,0,0,0,1
116,1999,1,1,0,0,0,0,0,0,0,0,0,0,0,0,0
117,1999,0,1,0,0,0,0,0,0,0,0,0,0,0,0,0
118,1999,1,1,0,0,0,0,0,0,0,0,0,0,0,0,0
119,1999,0,1,0,0,0,0,0,0,0,0,1,0,0,0,1
120,1999,1,1,0,0,0,0,0,0,0,0,0,0,0,0,1
121,1999,1,1,0,0,0,0,0,0,0,0,0,0,0,0,0
122,1999,0,1,0,0,0,0,0,0,0,0,0,0,0,0,1
123,1999,0,0,0,0,0,0,0,0,0,0,0,0,0,0,0
124,1999,1,1,0,0,0,0,0,0,0,0,0,0,0,0,1
125,1999,0,0,0,0,0,0,0,0,0,0,0,0,0,0,0
126,1999,1,1,0,0,0,0,0,0,0,0,0,0,0,0,1
127,1999,1,1,0,0,0,0,0,0,0,0,0,0,0,0,0
128,1999,1,1,0,0,0,0,0,0,0,0,0,0,0,0,0
129,1999,0,1,1,0,0,0,0,0,0,0,0,0,0,0,1
130,1999,1,1,0,0,0,0,0,0,0,0,0,0,0,0,0
131,1999,1,0,1,0,0,0,0,0,0,1,0,0,0,0,1
132,1999,1,1,1,0,0,0,0,0,0,0,1,0,0,0,1
133,1999,0,0,0,0,0,0,0,0,0,0,0,0,0,0,0
134,1999,0,0,1,0,0,0,0,0,0,0,1,0,0,0,1
135,1999,0,0,0,0,0,0,0,0,0,0,0,0,0,0,0
136,1999,1,1,0,0,0,0,0,0,0,0,0,0,0,0,0
137,1999,1,1,0,0,0,0,1,0,0,0,1,0,0,0,1
138,1999,1,1,0,0,0,0,0,0,0,0,0,0,0,0,0
139,1999,0,1,0,0,0,0,0,0,0,0,0,0,0,0,1
140,1999,0,1,0,0,0,0,0,0,0,0,0,0,0,0,1
141,1999,1,1,0,0,0,0,0,0,0,0,1,0,0,0,0
142,1999,0,0,0,0,0,0,0,0,0,0,0,0,0,0,0
143,1999,0,1,0,0,0,0,0,0,0,0,0,0,0,0,0
144,1999,0,1,0,0,0,0,0,0,0,0,0,0,0,0,1
145,1999,0,1,0,0,0,0,0,0,0,0,0,0,0,0,1
146,1999,1,1,0,0,0,0,0,0,0,0,0,0,0,0,0
147,1999,1,1,0,0,0,0,0,0,0,0,0,0,0,0,0
148,1999,0,1,0,0,0,0,0,0,0,0,1,0,0,0,1
149,1999,1,1,0,0,0,0,0,0,0,0,1,0,0,0,0
150,1999,1,1,1,0,0,0,0,1,0,0,1,0,0,0,1
151,1999,1,1,0,0,0,0,0,0,0,0,1,0,0,0,1
152,1999,1,1,0,0,0,0,0,0,0,0,1,0,0,0,0
153,1999,0,1,0,0,0,0,0,0,0,0,0,0,0,0,0
154,1999,1,1,0,0,0,0,0,0,0,0,0,0,0,0,1
155,1999,1,1,0,0,0,0,0,0,0,0,0,0,0,0,0
156,1999,1,1,0,0,0,0,1,0,0,0,0,0,0,0,0
157,1999,1,1,0,0,0,0,0,1,1,0,1,0,0,0,1
158,1999,1,1,0,0,0,0,0,0,0,0,1,0,0,0,1
159,1999,0,1,0,0,0,0,0,0,0,0,0,0,0,0,0
160,1999,1,1,0,0,0,0,0,0,0,0,0,0,0,0,0
161,1999,1,1,0,0,0,0,0,0,0,0,0,0,0,0,1
162,1999,0,1,0,0,0,0,0,0,0,0,0,0,0,0,0
163,1999,1,1,0,0,0,0,0,0,0,0,0,0,0,0,1
164,1999,0,1,0,0,0,0,0,0,0,0,0,0,0,0,0
165,1999,0,1,0,0,0,0,0,0,0,0,1,0,0,0,1
166,1999,0,1,0,0,0,0,0,0,0,0,0,0,0,0,1
167,1999,1,1,0,0,0,0,0,0,0,0,0,0,0,0,0
168,1999,0,1,0,0,0,0,0,0,0,0,0,0,0,0,0
169,1999,1,1,0,0,0,0,0,0,0,0,0,0,0,0,1
170,1999,0,1,1,0,0,0,0,0,0,0,1,0,0,0,0
171,1999,0,1,0,0,0,0,0,0,0,0,0,0,0,0,0
172,1999,1,1,0,0,0,0,0,0,0,0,0,0,0,0,0
173,1999,0,1,0,0,0,0,0,0,0,0,0,0,0,0,0
174,1999,1,1,0,0,0,0,0,0,0,0,1,0,0,0,0
175,1999,0,0,0,0,0,0,0,0,0,0,0,0,0,0,1
176,1999,1,0,0,0,0,0,0,0,0,0,0,0,0,0,1
177,1999,0,1,0,0,0,0,0,0,0,0,0,0,0,0,1
178,1999,0,1,0,0,0,0,0,0,0,0,0,0,0,0,1
179,1999,0,1,0,0,0,0,0,0,0,0,0,0,0,0,0
180,1999,1,1,0,0,0,0,0,0,0,0,1,0,0,0,0
181,1999,0,0,1,0,0,0,0,1,1,0,0,1,0,0,1
182,1999,0,1,0,0,0,0,0,0,0,0,0,0,0,0,0
183,1999,0,1,0,0,0,0,0,0,0,0,0,0,0,0,0
184,1999,1,1,0,0,0,0,0,0,0,0,0,0,0,0,1
185,1999,1,1,0,0,0,0,0,0,0,0,0,0,0,0,1
186,1999,1,1,0,0,0,0,0,0,0,0,1,0,0,0,0
187,1999,0,1,0,0,0,0,0,0,0,0,1,0,0,0,1
188,1999,1,1,0,0,0,0,0,0,0,0,1,0,0,0,0
189,1999,1,1,0,0,0,1,0,0,0,0,0,0,0,0,0
190,1999,1,1,0,0,0,0,1,0,0,0,0,0,0,0,0
191,1999,0,1,0,0,0,0,0,0,0,0,0,0,0,0,1
192,1999,1,1,0,0,0,0,0,0,0,0,0,0,0,0,0
193,1999,1,1,0,0,0,0,0,0,0,0,0,0,0,0,0
194,1999,1,1,0,0,0,0,0,0,0,0,1,0,0,0,0
195,1999,1,1,0,0,0,0,0,0,0,0,0,0,0,0,1
196,1999,0,1,0,0,0,0,0,0,0,0,1,0,0,0,0
197,1999,1,1,0,0,0,0,0,0,0,0,0,0,0,0,1
198,1999,1,1,0,0,0,0,0,0,0,0,0,0,0,0,0
199,1999,1,1,0,0,0,0,0,0,0,0,1,0,0,0,1
200,1999,1,1,0,0,0,0,0,0,0,0,0,0,0,0,0
201,1999,0,1,0,0,0,0,0,0,0,0,1,0,0,0,0
202,1999,1,1,0,0,0,0,0,0,0,0,0,0,0,0,1
203,1999,1,1,0,0,0,0,0,0,0,0,0,0,0,0,0
204,1999,1,1,1,0,0,0,0,0,0,0,1,0,0,0,1
205,1999,1,1,0,0,0,0,0,0,0,0,0,0,0,0,1
206,1999,1,1,0,0,0,0,0,0,0,0,0,0,0,0,0
207,1999,0,1,1,0,0,0,0,0,0,0,1,0,0,0,1
208,1999,1,1,0,0,0,0,0,0,0,0,0,0,0,0,0
209,1999,0,1,0,0,0,0,0,0,0,0,0,0,0,0,0
210,1999,1,1,0,0,0,0,0,0,0,0,0,0,0,0,1
211,1999,1,1,0,0,0,0,0,0,0,0,1,0,0,0,1
212,1999,1,1,0,0,0,0,0,0,0,0,0,0,0,0,0
213,1999,1,1,0,0,0,0,1,0,0,0,1,0,0,0,0
214,1999,1,1,0,0,0,0,0,0,0,0,0,0,0,0,1
215,1999,1,1,0,0,0,0,0,0,0,1,0,0,0,0,0
216,1999,1,1,0,0,0,0,0,0,0,0,0,0,0,0,0
217,1999,1,1,0,0,0,0,0,0,0,0,0,0,0,0,0
218,1999,0,1,0,0,0,0,0,0,0,0,1,0,0,0,0
219,1999,1,1,0,0,0,0,0,0,0,0,0,0,0,0,1
220,1999,1,1,0,0,0,0,0,0,0,0,1,0,0,0,0
221,1999,1,1,0,0,0,0,0,0,0,0,1,0,0,0,1
222,1999,1,1,0,0,0,0,1,0,0,0,1,1,0,0,0
223,1999,1,1,0,0,0,0,0,0,0,0,1,0,0,0,0
224,1999,1,1,0,0,0,0,0,0,0,0,1,0,0,0,0
225,1999,1,1,0,0,0,0,0,0,0,0,0,0,0,0,0
226,1999,1,1,0,0,0,0,0,0,0,0,0,0,0,0,1
227,1999,1,1,0,0,0,0,0,0,0,0,0,0,0,0,0
228,1999,1,1,0,0,0,0,0,0,0,0,0,0,0,0,0
229,1999,0,1,0,0,0,0,0,1,0,0,0,0,0,0,0
230,1999,0,1,0,0,0,0,0,0,0,0,0,0,0,0,0
231,1999,1,1,0,0,0,0,0,0,0,0,0,0,0,0,0
232,1999,1,1,0,0,0,0,0,0,0,0,0,0,0,0,0
233,1999,1,1,0,0,0,0,0,0,0,0,1,0,0,0,1
234,1999,1,1,0,0,0,0,0,0,0,0,0,0,0,0,0
235,1999,1,1,0,0,0,0,0,0,0,0,0,0,0,0,0
236,1999,1,1,0,0,0,0,0,0,0,0,0,0,0,0,1
237,1999,0,1,0,0,0,0,0,0,0,0,0,0,0,0,0
238,1999,1,1,0,0,0,0,0,0,0,0,0,0,0,0,0
239,1999,1,1,0,0,0,0,0,0,0,0,0,0,0,0,0
240,1999,1,1,0,0,0,0,0,0,0,0,0,0,0,0,1
241,1999,1,1,0,0,0,0,0,1,1,0,0,0,0,0,0
242,1999,0,0,0,0,0,0,0,0,1,0,0,0,0,0,0
243,1999,1,1,0,0,0,0,0,0,0,0,0,0,0,0,1
244,1999,1,1,0,0,0,0,0,0,0,0,0,0,0,0,1
245,1999,1,1,0,0,0,0,0,0,0,0,0,0,0,0,1
246,1999,0,1,1,0,0,0,0,0,0,0,1,0,0,0,0
247,1999,0,1,0,0,0,0,0,0,0,0,0,0,0,0,0
248,1999,1,1,1,0,0,0,0,0,0,0,0,0,0,0,1
249,1999,1,1,0,0,0,0,0,0,0,0,0,0,0,0,1
250,1999,1,1,0,0,0,0,0,0,0,0,1,0,0,0,1
251,1999,1,1,0,0,0,0,0,0,0,0,0,0,0,0,0
252,1999,0,0,0,0,0,0,0,0,0,0,0,0,0,0,0
253,1999,1,1,0,0,0,0,0,0,0,0,1,0,0,0,0
254,1999,0,1,0,0,0,0,0,0,0,0,0,0,0,0,0
255,1999,1,1,0,0,0,0,0,0,0,0,0,0,0,0,0
256,1999,1,1,0,0,0,0,0,0,0,0,0,0,0,1,0
257,1999,1,1,0,0,0,0,0,0,0,0,0,0,0,0,0
258,1999,1,0,0,0,0,0,0,0,0,0,0,0,0,0,0
259,1999,1,1,0,0,0,0,0,0,0,0,1,0,0,0,0
260,1999,1,1,0,0,0,0,0,0,0,0,0,0,0,0,0
261,1999,1,1,0,0,0,0,0,0,0,0,0,0,0,0,0
262,1999,1,1,0,0,0,0,0,0,0,0,0,0,0,1,0
263,1999,1,1,0,0,0,0,0,0,0,0,1,0,0,0,0
264,1999,0,1,0,0,0,0,0,0,0,0,0,0,0,0,0
265,1999,1,1,0,0,0,0,0,0,0,0,1,0,0,0,0
266,1999,1,1,0,0,0,0,0,0,0,0,0,0,0,0,1
267,1999,1,0,0,0,0,0,0,0,0,0,0,0,0,1,0
268,1999,1,1,0,0,0,0,0,0,0,0,1,0,0,0,1
269,1999,1,1,0,0,0,0,0,0,0,0,1,0,0,0,0
270,1999,1,1,0,0,0,0,0,0,0,0,0,0,0,0,1
271,1999,1,1,0,0,0,0,0,0,0,0,0,0,0,0,0
272,1999,0,1,0,0,0,0,0,0,0,0,1,0,0,0,0
273,1999,1,1,0,0,0,0,0,0,0,0,1,0,0,0,0
274,1999,1,1,0,0,0,0,0,0,0,0,0,0,0,0,0
275,1999,0,1,0,0,0,0,0,0,0,0,0,0,0,0,0
276,1999,0,1,0,0,0,0,0,0,0,0,0,0,0,0,0
277,1999,1,1,1,0,0,0,1,1,0,0,1,0,0,1,1
278,1999,1,1,0,0,0,0,0,0,0,0,0,0,0,0,1
279,1999,1,1,0,0,0,0,0,0,0,0,0,0,0,0,0
280,1999,1,1,0,0,0,0,0,0,0,0,1,0,0,0,1
281,1999,1,1,0,0,0,0,0,0,0,0,0,0,0,0,0
282,1999,1,1,1,0,0,0,0,0,0,0,0,0,0,0,1
283,1999,1,1,0,0,0,0,0,0,0,0,1,0,0,0,1
284,1999,1,1,0,0,0,0,0,0,0,0,0,0,0,0,0
285,1999,1,1,0,0,0,0,0,0,0,0,0,0,0,0,0
286,1999,1,0,0,0,0,0,0,0,0,0,1,0,0,0,1
287,1999,1,1,0,0,0,0,0,0,0,0,1,0,0,0,0
288,1999,0,0,0,0,0,0,0,0,0,0,0,0,0,0,0
289,1999,1,1,0,0,0,0,0,0,0,0,0,0,0,0,0
290,1999,0,1,0,0,0,0,0,0,1,0,1,1,0,0,0
291,1999,0,1,0,0,0,0,1,0,0,0,0,0,0,0,0
292,1999,0,1,0,0,0,0,0,0,0,0,1,0,0,0,0
293,1999,1,1,0,0,0,0,0,0,0,0,1,0,0,0,0
294,1999,0,1,0,0,0,0,0,0,0,0,0,0,0,0,0
295,1999,1,1,0,0,0,0,0,0,0,0,1,0,0,0,0
296,1999,1,1,0,0,0,0,0,0,0,0,0,0,0,0,0
297,1999,1,1,0,0,0,0,0,0,0,0,0,0,0,0,0
298,1999,1,1,0,0,0,0,0,0,0,0,0,0,0,0,0
299,1999,1,1,0,0,0,0,0,0,0,0,1,0,0,0,0
300,1999,1,1,0,0,0,0,0,0,0,0,0,0,0,0,1
1,2000,0,1,0,0,0,0,1,1,1,1,1,0,0,0,0
2,2000,1,1,0,0,0,0,0,0,0,0,1,0,0,0,0
3,2000,1,0,0,0,0,0,0,1,1,0,1,0,0,0,0
4,2000,1,1,0,0,0,0,0,0,0,0,0,0,0,0,0
5,2000,0,0,0,0,0,0,0,0,0,0,1,0,0,0,0
6,2000,0,0,0,0,0,0,0,0,0,0,0,0,0,0,0
7,2000,1,1,0,0,0,0,0,0,0,0,0,0,0,0,1
8,2000,0,1,0,0,0,0,0,0,0,0,0,0,0,0,0
9,2000,0,0,0,0,0,0,0,0,0,0,0,0,0,0,0
10,2000,0,1,0,0,0,0,1,0,0,0,0,0,0,0,1
11,2000,1,1,1,0,0,0,1,0,0,0,1,0,0,0,1
12,2000,1,1,0,0,0,0,0,0,0,0,1,0,0,0,1
13,2000,1,1,0,0,0,0,0,1,0,1,0,0,0,0,1
14,2000,1,1,0,0,0,0,0,0,0,0,1,0,0,0,1
15,2000,0,1,0,0,0,0,0,0,0,0,0,0,0,0,0
16,2000,0,0,0,0,0,0,0,0,0,0,0,0,0,0,0
17,2000,0,0,0,0,0,0,0,1,1,0,0,0,0,0,0
18,2000,1,1,0,0,0,0,0,0,0,0,0,0,0,0,0
19,2000,0,1,0,0,0,0,0,0,0,0,0,0,0,0,0
20,2000,0,0,0,0,0,0,0,0,0,0,0,0,0,0,0
21,2000,0,1,0,0,0,0,0,0,0,0,0,0,0,0,1
22,2000,0,0,0,0,0,0,0,0,0,0,0,0,0,0,0
23,2000,1,1,0,0,0,0,0,0,0,0,1,0,0,0,1
24,2000,1,1,0,0,0,0,0,0,0,0,0,0,0,0,0
25,2000,0,0,0,0,0,0,0,0,0,0,0,0,0,0,0
26,2000,0,0,0,0,0,0,0,0,0,0,0,0,0,0,0
27,2000,0,1,0,0,0,0,0,0,0,0,0,0,0,0,0
28,2000,1,1,0,0,0,0,0,1,0,0,0,0,0,0,0
29,2000,0,0,0,0,0,0,0,0,0,0,0,0,0,0,0
30,2000,0,1,0,0,0,0,0,1,0,0,0,0,0,0,1
31,2000,1,0,0,0,0,0,0,0,0,1,1,0,0,0,1
32,2000,1,1,0,0,0,0,0,0,0,0,1,0,0,0,1
33,2000,0,1,0,0,0,0,0,0,0,0,1,0,0,0,0
34,2000,1,1,0,0,0,0,0,0,0,0,1,0,0,0,1
35,2000,0,0,0,0,0,0,0,1,0,0,0,0,0,0,0
36,2000,0,0,0,0,0,0,0,0,0,0,0,0,0,0,0
37,2000,0,0,0,0,0,0,0,0,0,0,0,0,0,0,0
38,2000,0,0,0,0,0,0,0,0,0,0,0,0,0,0,0
39,2000,0,0,0,0,0,0,0,0,0,0,0,0,0,0,0
40,2000,0,0,0,0,0,0,0,0,0,0,0,0,0,0,0
41,2000,0,1,0,0,0,0,0,0,1,1,0,0,0,0,0
42,2000,0,1,0,0,0,0,0,1,1,0,0,0,0,0,0
43,2000,0,0,0,0,0,0,0,0,0,0,0,0,0,0,0
44,2000,1,1,0,0,0,0,0,0,1,0,0,0,0,0,1
45,2000,0,0,0,0,0,0,0,0,0,0,0,0,0,0,0
46,2000,1,1,0,0,0,0,0,0,0,0,0,0,0,0,1
47,2000,0,0,0,0,0,0,0,0,0,0,0,0,0,0,0
48,2000,0,0,0,0,0,0,0,0,0,0,1,0,0,0,0
49,2000,0,0,0,0,0,0,0,0,0,0,0,0,0,0,0
50,2000,0,0,0,0,0,0,0,0,0,0,0,0,0,0,0
51,2000,0,0,0,0,0,0,0,0,0,0,0,0,0,0,0
52,2000,0,1,0,0,0,0,1,0,0,0,1,0,0,0,0
53,2000,1,1,0,0,0,0,0,0,0,0,0,0,0,0,1
54,2000,0,1,0,0,0,0,0,0,0,0,0,0,0,0,0
55,2000,1,1,0,0,0,0,0,0,0,0,1,0,0,0,1
56,2000,1,1,1,0,0,0,1,0,0,0,1,1,0,0,1
57,2000,0,0,0,0,0,0,0,0,0,0,0,0,0,0,0
58,2000,1,1,0,0,0,0,0,0,0,0,0,0,0,0,0
59,2000,0,0,0,0,0,0,0,0,0,0,0,0,0,0,0
60,2000,1,1,0,0,0,0,0,1,1,0,1,0,0,0,1
61,2000,0,0,0,0,0,0,0,0,0,0,0,0,0,0,0
62,2000,0,0,0,0,0,0,0,0,0,0,0,0,0,0,0
63,2000,1,1,0,0,0,0,0,0,0,0,1,0,0,0,1
64,2000,0,0,1,0,0,0,1,0,1,0,0,0,0,0,0
65,2000,0,1,0,0,0,0,0,0,0,0,0,0,0,0,0
66,2000,0,0,0,0,0,0,0,0,0,0,0,0,0,0,0
67,2000,1,1,0,0,0,0,0,0,1,1,1,0,0,0,0
68,2000,1,1,0,0,0,0,0,0,0,0,1,0,0,0,1
69,2000,0,1,0,0,0,1,0,0,0,0,0,0,0,0,1
70,2000,0,1,0,0,0,0,0,0,0,0,1,0,0,0,0
71,2000,1,1,0,0,0,0,0,0,0,0,1,0,0,0,1
72,2000,1,1,0,0,0,0,0,0,0,0,0,0,0,0,0
73,2000,1,1,0,0,0,0,0,0,0,0,0,0,0,0,1
74,2000,0,1,0,0,0,1,0,0,0,0,0,0,0,0,0
75,2000,1,1,0,0,0,0,0,0,0,0,1,0,0,0,1
76,2000,1,1,0,0,0,0,1,0,0,0,1,0,0,0,0
77,2000,1,1,0,0,0,0,0,0,0,1,0,0,0,0,1
78,2000,0,0,0,0,0,0,0,0,0,0,0,0,0,0,0
79,2000,0,1,0,0,0,0,0,0,0,0,0,0,0,0,1
80,2000,1,1,0,0,0,0,0,0,0,0,0,0,0,0,0
81,2000,1,1,1,0,0,0,0,1,0,1,0,0,0,0,0
82,2000,1,1,0,0,0,0,0,0,0,0,1,0,0,0,1
83,2000,1,1,0,0,0,0,0,0,0,0,1,0,0,0,1
84,2000,0,0,1,0,0,0,1,0,0,0,1,0,0,0,0
85,2000,0,0,0,0,0,0,0,0,0,0,0,0,0,0,0
86,2000,0,0,0,0,0,0,0,0,0,0,0,0,0,0,0
87,2000,0,0,0,0,0,0,0,0,0,0,0,0,0,0,0
88,2000,0,0,0,0,0,0,0,0,0,0,0,0,0,0,0
89,2000,1,0,0,0,0,0,0,0,0,1,1,0,0,0,1
90,2000,0,0,0,0,0,0,0,0,0,0,0,0,0,0,0
91,2000,0,0,0,0,0,0,0,0,0,0,0,0,0,0,0
92,2000,1,1,0,0,0,0,0,1,1,0,0,0,0,0,0
93,2000,1,0,0,0,0,0,0,0,1,1,0,0,0,0,1
94,2000,1,1,0,0,0,0,0,0,0,0,0,0,0,0,0
95,2000,1,0,0,0,0,0,0,0,0,1,0,0,0,0,0
96,2000,1,1,0,0,0,0,0,0,0,0,0,0,0,0,0
97,2000,1,1,1,0,0,0,1,1,1,0,1,0,0,0,1
98,2000,0,0,0,0,0,1,0,0,0,0,0,0,0,0,0
99,2000,1,0,0,0,0,0,0,0,0,0,1,0,0,0,1
100,2000,1,1,0,0,0,0,0,0,0,1,1,0,0,0,0
101,2000,0,0,0,0,0,0,0,0,0,0,0,0,0,0,0
102,2000,0,0,0,0,0,0,0,0,0,0,0,0,0,0,0
103,2000,0,0,0,0,0,0,0,1,0,0,0,0,0,0,0
104,2000,1,1,0,0,0,0,0,1,1,1,1,0,0,0,1
105,2000,1,0,0,0,0,0,0,0,0,0,0,0,0,0,1
106,2000,0,0,0,0,0,0,0,0,0,0,1,0,0,0,0
107,2000,1,1,0,0,0,0,0,0,0,0,1,0,0,0,1
108,2000,1,1,0,0,0,0,0,0,0,0,0,0,0,0,0
109,2000,1,1,0,0,0,0,0,0,0,0,0,0,0,0,1
110,2000,1,1,0,0,0,0,0,0,0,0,1,0,0,0,1
111,2000,0,0,0,0,0,0,0,0,0,0,0,0,0,0,0
112,2000,1,0,0,0,0,0,0,1,0,0,1,0,0,0,1
113,2000,1,0,0,0,0,0,0,0,0,0,0,0,0,0,0
114,2000,0,0,0,0,0,0,0,0,0,0,0,0,0,0,0
115,2000,0,0,0,0,0,0,0,0,0,0,0,0,0,0,1
116,2000,1,1,0,0,0,0,0,0,0,1,1,0,0,0,0
117,2000,1,1,0,0,0,0,0,0,0,0,1,0,0,0,1
118,2000,0,0,0,0,0,0,0,0,0,0,0,0,0,0,0
119,2000,0,1,0,0,0,0,1,0,0,0,1,0,0,0,0
120,2000,1,1,0,0,0,0,0,0,0,1,0,0,0,0,0
121,2000,0,0,0,0,0,0,0,0,0,0,0,0,0,0,1
122,2000,1,1,0,0,0,0,0,0,0,1,1,0,0,0,1
123,2000,0,0,0,0,0,0,0,0,0,0,0,0,0,0,0
124,2000,0,0,0,0,0,0,0,0,0,0,0,0,0,0,0
125,2000,1,1,0,0,0,0,0,0,0,0,0,0,0,0,0
126,2000,1,1,0,0,0,0,1,0,0,0,1,1,0,0,0
127,2000,0,1,0,0,0,0,0,1,0,0,1,0,0,0,0
128,2000,1,1,0,0,0,0,0,0,0,1,1,0,0,0,1
129,2000,0,0,0,0,0,0,0,0,0,0,0,0,0,0,1
130,2000,0,0,0,0,0,0,0,0,0,0,1,0,0,0,0
131,2000,1,1,0,0,0,0,0,1,1,1,1,0,0,0,1
132,2000,0,1,0,0,0,0,0,0,0,0,0,0,0,0,0
133,2000,0,1,0,0,0,0,0,0,0,0,0,0,0,0,1
134,2000,1,1,1,0,0,0,1,1,1,0,1,0,0,0,1
135,2000,0,0,0,0,0,0,0,0,0,0,0,0,0,0,0
136,2000,1,0,0,0,0,0,0,0,0,0,1,0,0,0,0
137,2000,1,1,1,0,0,0,1,1,1,0,1,0,0,0,1
138,2000,1,1,1,0,0,0,1,0,1,0,1,0,0,0,1
139,2000,0,0,1,0,0,0,1,1,1,0,1,0,0,0,0
140,2000,0,0,0,0,0,0,0,1,1,0,1,0,0,0,0
141,2000,0,0,0,0,0,0,0,0,0,0,0,0,0,0,0
142,2000,0,0,0,0,0,0,0,0,0,0,0,0,0,0,0
143,2000,1,1,0,0,0,0,0,0,0,0,0,0,0,0,0
144,2000,1,0,1,0,0,0,0,1,1,0,1,0,0,0,1
145,2000,0,1,0,0,0,0,1,0,0,0,0,0,0,0,0
146,2000,1,1,0,0,0,1,0,1,0,0,0,0,0,0,1
147,2000,1,1,0,0,0,0,0,0,0,0,0,0,0,0,0
148,2000,1,1,1,0,0,0,0,1,1,0,1,0,0,0,1
149,2000,1,1,0,0,0,0,1,1,0,1,1,0,0,0,0
150,2000,1,1,1,0,0,0,1,1,1,0,1,0,0,0,0
151,2000,1,1,0,0,0,0,0,0,0,0,1,0,0,0,0
152,2000,1,1,0,0,0,0,0,0,0,0,1,0,0,0,1
153,2000,1,1,0,0,0,0,0,0,0,0,0,0,0,0,1
154,2000,1,1,0,0,0,0,0,0,0,0,0,0,0,0,1
155,2000,1,1,0,0,0,0,0,0,0,0,0,0,0,0,0
156,2000,1,1,0,0,0,1,0,0,0,0,1,0,0,0,0
157,2000,0,0,0,0,0,0,0,0,0,0,0,0,0,0,0
158,2000,0,1,0,0,0,0,0,0,0,0,0,0,0,0,0
159,2000,0,1,0,0,0,0,0,0,0,0,0,0,0,0,1
160,2000,1,0,0,0,0,0,0,0,0,0,0,0,0,0,0
161,2000,0,0,0,0,0,0,0,0,0,0,0,0,0,0,0
162,2000,0,0,0,0,0,0,0,0,0,0,0,0,0,0,0
163,2000,1,1,0,0,0,0,0,0,0,0,0,0,0,0,1
164,2000,1,0,0,0,0,0,0,0,0,0,1,0,0,0,1
165,2000,1,1,0,0,0,0,1,1,1,0,1,0,0,0,1
166,2000,1,1,1,0,0,0,0,0,1,0,1,0,0,0,1
167,2000,1,1,0,0,0,0,0,0,0,0,1,0,0,0,1
168,2000,1,1,0,0,0,0,0,1,1,1,1,0,0,0,0
169,2000,1,1,0,0,0,0,0,0,0,0,1,0,0,0,1
170,2000,0,0,0,0,0,0,0,0,0,0,0,0,0,0,0
171,2000,0,1,0,0,0,0,0,0,0,0,0,0,0,0,0
172,2000,0,1,0,0,0,0,0,1,0,0,0,0,0,0,0
173,2000,1,1,0,0,0,0,0,0,0,0,1,0,0,0,1
174,2000,0,1,0,0,0,0,0,0,0,0,1,0,0,0,0
175,2000,1,1,0,0,0,0,0,0,0,1,0,0,0,0,0
176,2000,1,1,1,0,0,0,0,0,0,0,1,0,0,0,1
177,2000,1,1,0,0,0,0,0,0,0,0,1,0,0,0,1
178,2000,0,0,0,0,0,0,0,0,0,0,0,0,0,0,0
179,2000,0,1,0,0,0,0,0,0,0,0,0,0,0,0,1
180,2000,1,1,0,0,0,0,0,0,0,0,0,0,0,0,0
181,2000,0,0,0,0,0,0,1,1,1,0,1,0,0,0,1
182,2000,1,1,0,0,0,0,0,0,0,1,1,0,0,0,0
183,2000,0,0,1,0,0,0,0,0,1,1,0,0,0,0,0
184,2000,1,1,0,0,0,0,0,1,1,0,0,0,0,0,1
185,2000,1,1,1,0,0,0,0,0,0,0,1,0,0,0,1
186,2000,1,1,0,0,0,1,0,0,0,0,1,0,0,0,1
187,2000,1,1,1,0,0,0,1,0,0,0,1,0,0,0,1
188,2000,1,1,0,0,0,0,1,0,0,1,1,0,0,0,1
189,2000,0,1,0,0,0,0,0,0,0,0,0,0,0,0,0
190,2000,1,1,0,0,0,0,0,0,0,0,1,0,0,0,0
191,2000,0,1,1,0,0,0,1,0,1,0,1,0,0,0,0
192,2000,1,1,0,0,0,0,0,0,0,1,1,0,0,0,1
193,2000,1,1,0,0,0,0,0,0,0,0,1,0,0,0,0
194,2000,1,1,1,0,0,0,0,1,1,1,1,0,0,0,1
195,2000,1,1,0,0,0,0,0,0,0,0,0,0,0,0,0
196,2000,1,1,0,0,0,0,0,0,0,0,1,0,0,0,1
197,2000,1,1,0,0,0,0,1,0,0,1,1,0,0,0,1
198,2000,1,1,0,0,0,0,0,0,0,0,0,0,0,0,0
199,2000,1,1,0,0,0,0,0,0,0,0,0,0,0,0,0
200,2000,1,1,0,0,0,0,0,1,1,0,1,0,0,0,0
201,2000,0,0,0,0,0,0,0,1,1,0,0,0,0,0,0
202,2000,0,0,0,0,0,0,0,0,0,0,0,0,0,0,0
203,2000,0,0,0,0,0,0,0,0,0,0,0,0,0,0,1
204,2000,0,1,0,0,0,0,0,1,1,0,1,0,0,0,0
205,2000,1,1,0,0,0,0,0,0,0,0,1,0,0,0,1
206,2000,1,1,0,0,0,0,0,0,0,1,1,0,0,0,0
207,2000,0,0,0,0,0,0,0,1,1,0,1,0,0,0,0
208,2000,1,1,0,0,0,0,0,0,0,0,0,0,0,0,0
209,2000,1,1,0,0,0,0,0,0,0,0,0,0,0,0,0
210,2000,1,1,1,0,0,0,1,1,1,0,1,0,0,0,1
211,2000,1,1,0,0,0,0,0,0,0,0,1,0,0,0,1
212,2000,1,0,0,0,0,0,0,0,0,0,0,0,0,0,0
213,2000,1,0,0,0,0,0,0,1,1,0,0,1,0,0,1
214,2000,1,1,0,0,0,0,0,0,0,0,0,0,0,0,0
215,2000,1,1,0,0,0,0,0,0,0,1,1,0,0,0,0
216,2000,1,1,0,0,0,0,0,0,0,0,1,0,0,0,1
217,2000,1,1,0,0,0,0,0,1,0,1,1,0,0,0,1
218,2000,0,1,0,0,0,0,0,0,0,0,0,0,0,0,0
219,2000,1,1,0,0,0,0,0,0,0,0,1,0,0,0,1
220,2000,1,1,0,0,0,0,1,0,0,0,1,0,0,0,1
221,2000,0,0,0,0,0,0,0,0,0,0,0,0,0,0,1
222,2000,1,1,1,0,0,0,1,1,1,0,1,0,0,0,1
223,2000,1,0,0,0,0,0,0,0,0,0,0,0,0,0,1
224,2000,1,1,0,0,0,0,0,0,0,1,1,0,0,0,0
225,2000,1,1,0,0,0,0,0,0,0,0,1,0,0,0,1
226,2000,1,1,1,0,0,0,0,0,0,0,1,0,0,0,1
227,2000,1,1,0,0,0,0,0,0,0,0,1,0,0,0,0
228,2000,1,1,0,0,0,0,0,0,0,0,0,0,0,0,0
229,2000,0,1,0,0,0,0,0,0,0,0,0,0,0,0,0
230,2000,0,0,1,0,0,0,1,1,1,1,0,1,0,0,0
231,2000,1,1,0,0,0,0,0,0,0,0,1,0,0,0,1
232,2000,1,1,0,0,0,0,0,0,0,0,1,0,0,0,1
233,2000,1,1,0,0,0,0,0,0,0,1,1,0,0,0,1
234,2000,1,1,0,0,0,0,0,0,0,0,0,0,0,0,0
235,2000,1,1,1,0,0,0,0,0,0,0,1,0,0,0,1
236,2000,1,1,0,0,0,0,1,1,1,0,1,0,0,0,1
237,2000,1,1,0,0,0,0,0,1,1,1,0,0,0,0,0
238,2000,0,1,0,0,0,0,0,0,0,0,1,0,0,0,1
239,2000,1,1,0,0,0,0,0,0,0,0,0,0,0,0,1
240,2000,1,1,0,0,0,0,0,0,0,0,0,0,0,0,0
241,2000,0,1,0,0,0,0,0,0,0,0,1,0,0,0,0
242,2000,1,1,0,0,0,0,0,0,0,0,0,0,0,0,0
243,2000,1,1,0,0,0,0,0,0,0,0,1,0,0,0,0
244,2000,1,1,0,0,0,0,0,0,0,0,0,0,0,0,1
245,2000,1,1,0,0,0,0,0,0,0,0,0,0,0,0,0
246,2000,1,0,1,0,0,0,0,1,1,0,1,0,0,0,1
247,2000,0,1,0,0,0,0,0,0,0,0,0,0,0,0,1
248,2000,0,0,0,0,0,0,0,0,0,0,0,0,0,0,0
249,2000,0,1,0,0,0,0,0,0,0,0,1,0,0,0,0
250,2000,1,1,0,0,0,0,0,1,1,0,1,0,0,0,1
251,2000,1,1,0,0,0,0,0,0,0,0,1,0,0,0,1
252,2000,0,0,0,0,0,0,0,0,0,0,0,0,0,0,0
253,2000,1,0,1,0,0,0,1,1,1,0,1,0,0,0,1
254,2000,1,1,0,0,0,0,0,0,0,0,0,0,0,0,1
255,2000,1,1,0,0,0,0,0,0,0,0,1,0,0,0,1
256,2000,1,1,0,0,0,0,0,0,0,0,0,0,0,0,0
257,2000,1,1,0,0,0,0,0,0,0,0,0,0,0,0,1
258,2000,1,1,0,0,0,0,0,0,0,0,1,0,0,0,0
259,2000,1,1,0,0,0,0,0,1,0,1,1,0,0,0,1
260,2000,1,1,0,0,0,0,0,0,0,0,0,0,0,0,1
261,2000,1,1,0,0,0,0,0,0,0,0,0,0,0,0,1
262,2000,1,1,0,0,0,1,0,0,0,0,1,0,0,0,1
263,2000,1,1,0,0,0,0,0,0,0,0,1,0,0,0,1
264,2000,1,1,0,0,0,0,0,0,0,0,0,0,0,0,1
265,2000,1,1,1,0,0,0,0,0,1,1,1,0,0,0,1
266,2000,1,1,0,0,0,0,1,0,0,0,1,0,0,0,1
267,2000,1,1,0,0,0,0,0,0,0,0,1,0,0,0,0
268,2000,1,1,1,0,0,0,1,0,0,0,1,0,0,0,1
269,2000,1,1,0,0,0,0,0,0,0,1,1,0,0,0,1
270,2000,1,1,0,0,0,0,0,0,0,0,1,0,0,0,1
271,2000,0,1,0,0,0,0,0,0,1,0,1,0,0,0,0
272,2000,1,1,0,0,0,0,0,0,0,0,0,0,0,0,0
273,2000,0,1,0,0,0,0,1,0,0,0,1,0,0,0,0
274,2000,1,1,0,0,0,0,0,0,0,0,1,0,0,0,1
275,2000,1,1,0,0,0,0,0,0,1,0,0,0,0,0,1
276,2000,1,1,0,0,0,0,0,1,1,1,1,0,0,0,1
277,2000,0,1,1,0,0,0,1,1,1,1,1,0,0,0,1
278,2000,1,1,0,0,0,0,1,0,1,0,1,0,0,0,1
279,2000,1,1,0,0,0,0,0,1,0,0,1,0,0,0,1
280,2000,0,1,0,0,0,0,0,0,0,0,0,0,0,0,0
281,2000,0,0,0,0,0,0,0,1,0,1,0,0,0,0,0
282,2000,0,0,0,0,0,0,0,0,0,0,0,0,0,0,0
283,2000,1,1,0,0,0,0,0,0,0,1,1,0,0,0,0
284,2000,1,1,0,0,0,0,0,0,0,0,0,0,0,0,1
285,2000,0,1,0,0,0,0,0,0,0,0,0,0,0,0,1
286,2000,1,1,0,0,0,0,0,0,0,0,0,0,0,0,1
287,2000,1,0,0,0,0,0,0,0,0,0,0,0,0,0,1
288,2000,0,0,0,0,0,0,0,0,0,0,0,0,0,0,0
289,2000,1,1,0,0,0,0,0,0,0,0,0,0,0,0,0
290,2000,1,1,1,0,1,0,1,1,1,0,1,1,0,0,1
291,2000,0,0,0,0,0,0,0,0,0,0,0,0,0,0,0
292,2000,0,0,0,0,0,0,0,0,0,0,1,0,0,0,0
293,2000,0,1,0,0,0,0,0,0,0,0,1,0,0,0,0
294,2000,1,1,0,0,0,0,0,0,0,0,1,0,0,0,1
295,2000,0,1,0,0,0,0,1,0,0,0,1,0,0,0,1
296,2000,1,1,0,0,0,0,0,0,0,0,0,0,0,0,0
297,2000,1,1,0,0,0,0,0,1,0,1,1,0,0,0,1
298,2000,1,1,0,0,0,0,0,0,0,0,0,0,0,0,1
299,2000,1,1,0,0,0,0,0,0,0,0,1,0,0,0,1
300,2000,1,1,0,0,0,0,0,0,0,0,0,0,0,0,1
1,2001,1,1,0,0,0,0,1,0,0,0,1,0,0,0,0
2,2001,1,1,0,0,0,0,0,0,0,0,0,0,0,0,0
3,2001,0,0,0,0,0,0,0,0,0,0,0,0,0,0,0
4,2001,1,1,0,0,0,0,1,0,0,0,0,0,0,0,1
5,2001,1,1,0,0,0,0,0,0,0,0,0,0,0,0,0
6,2001,0,0,0,0,0,0,0,0,0,0,0,0,0,0,0
7,2001,1,1,0,0,0,0,0,0,0,0,1,0,0,0,1
8,2001,1,1,0,0,0,0,0,0,0,0,0,0,0,0,0
9,2001,1,1,0,0,0,0,0,0,0,0,0,0,0,0,0
10,2001,0,1,0,0,0,0,1,0,0,0,1,0,0,0,0
11,2001,1,1,0,0,0,0,0,1,0,0,0,0,0,0,1
12,2001,1,1,0,0,0,0,0,0,0,0,1,0,0,0,0
13,2001,1,1,1,0,0,0,0,0,0,0,0,0,0,0,0
14,2001,1,1,0,0,0,0,0,0,0,0,0,0,0,0,0
15,2001,0,0,0,0,0,0,0,0,1,0,0,0,0,0,0
16,2001,0,1,0,0,0,0,0,0,0,0,0,0,0,0,0
17,2001,1,1,0,0,0,0,0,0,0,0,1,0,0,0,0
18,2001,0,0,0,0,0,0,0,0,0,0,0,0,0,0,0
19,2001,0,1,0,0,0,0,0,0,0,0,0,0,0,0,0
20,2001,0,1,0,0,0,0,0,0,0,0,0,0,0,0,0
21,2001,0,1,0,0,0,0,0,0,1,0,0,0,0,0,0
22,2001,1,1,0,0,0,0,0,0,0,0,0,0,0,0,0
23,2001,1,0,0,0,0,0,0,0,0,0,0,0,0,0,0
24,2001,0,0,0,0,0,0,0,0,0,0,0,0,0,0,0
25,2001,0,0,0,0,0,0,0,0,0,0,0,0,0,0,0
26,2001,0,1,0,0,0,0,0,1,1,0,0,0,0,0,0
27,2001,0,0,0,0,0,0,0,1,0,1,0,0,0,0,0
28,2001,0,1,0,0,0,0,0,0,0,0,0,0,0,0,1
29,2001,0,1,0,0,0,0,0,0,0,0,1,0,0,0,1
30,2001,0,1,0,0,0,0,0,0,1,0,0,0,0,0,0
31,2001,1,1,0,0,0,0,0,0,0,0,1,0,0,0,1
32,2001,1,1,0,0,0,0,0,0,0,0,1,0,0,0,0
33,2001,1,1,0,0,0,0,0,0,0,0,0,0,0,0,0
34,2001,1,0,0,0,0,0,0,0,0,0,0,0,0,0,0
35,2001,0,0,0,0,0,0,0,0,0,0,0,0,0,0,0
36,2001,0,1,1,0,0,0,0,0,0,0,1,0,0,0,1
37,2001,1,1,0,0,0,0,0,0,0,0,0,0,0,0,0
38,2001,1,1,0,0,0,0,0,0,0,0,0,0,0,0,0
39,2001,0,1,0,0,0,0,0,0,0,1,0,0,0,0,0
40,2001,0,0,0,0,0,0,0,0,0,0,0,0,0,0,0
41,2001,1,1,0,0,0,0,0,0,0,0,1,0,0,0,0
42,2001,0,1,0,0,0,0,0,0,0,0,0,0,0,0,0
43,2001,0,1,0,0,0,0,0,0,0,0,0,0,0,0,0
44,2001,1,1,0,0,0,0,0,0,0,0,0,0,0,0,0
45,2001,0,0,0,0,0,0,0,0,0,0,0,0,0,0,0
46,2001,1,0,0,0,0,0,0,0,0,0,1,0,0,0,0
47,2001,0,0,1,0,0,0,1,1,1,0,0,0,0,0,1
48,2001,1,1,1,0,0,0,0,0,0,0,1,0,0,0,0
49,2001,0,1,0,0,0,0,0,0,0,0,1,0,0,0,0
50,2001,0,0,0,0,0,0,0,0,0,0,0,0,0,0,0
51,2001,0,0,0,0,0,0,0,0,0,0,0,0,0,0,0
52,2001,1,1,0,0,0,0,0,0,0,0,1,0,0,0,0
53,2001,1,1,0,0,0,0,0,0,0,0,1,0,0,0,0
54,2001,1,1,0,0,0,0,0,0,0,0,1,0,0,0,0
55,2001,1,1,0,0,0,0,0,0,0,0,0,0,0,0,0
56,2001,1,1,0,0,0,0,1,1,0,0,1,0,0,0,0
57,2001,0,0,0,0,0,0,0,0,0,0,0,0,0,0,0
58,2001,1,1,0,0,0,0,0,0,0,0,0,0,0,0,0
59,2001,0,0,0,0,0,0,0,0,0,0,0,0,0,0,0
60,2001,1,1,0,0,0,0,0,0,0,0,0,0,0,0,1
61,2001,0,0,0,0,0,0,0,0,0,0,0,0,0,0,0
62,2001,0,1,0,0,0,0,0,0,0,0,0,0,0,0,0
63,2001,1,1,0,0,0,0,0,0,0,0,1,0,0,0,0
64,2001,0,0,0,0,0,0,0,0,0,0,0,1,0,0,0
65,2001,0,1,0,0,0,0,0,0,1,0,0,0,0,0,0
66,2001,1,1,0,0,1,0,0,1,0,0,0,0,0,0,1
67,2001,1,1,0,0,0,0,0,0,1,0,1,0,0,0,0
68,2001,1,1,0,0,0,0,0,0,0,0,1,0,0,0,1
69,2001,1,1,0,0,0,0,0,0,0,0,1,1,0,0,1
70,2001,1,1,0,0,0,0,0,0,0,0,1,0,0,0,1
71,2001,1,1,0,0,0,0,0,0,0,0,1,0,0,0,1
72,2001,0,0,0,0,0,0,0,0,0,0,0,0,0,0,1
73,2001,1,1,0,0,0,0,0,0,0,0,0,0,0,0,0
74,2001,1,0,0,0,0,0,0,0,0,0,0,0,0,0,0
75,2001,1,1,0,0,0,0,0,0,0,0,1,0,0,0,1
76,2001,1,1,0,0,0,0,0,0,0,0,1,0,0,0,0
77,2001,1,1,0,0,0,0,0,0,0,1,0,0,0,0,0
78,2001,0,0,0,0,0,0,1,0,0,0,0,0,0,0,0
79,2001,1,0,0,0,0,0,0,0,0,0,1,0,0,0,0
80,2001,0,0,0,0,0,0,0,0,0,0,0,0,0,0,0
81,2001,1,1,0,0,0,0,0,0,0,0,1,0,0,0,1
82,2001,1,1,0,0,0,0,0,0,0,0,1,0,0,0,0
83,2001,1,1,0,0,0,0,0,0,0,0,0,0,0,0,0
84,2001,0,0,0,0,0,0,0,1,0,0,0,0,0,0,0
85,2001,0,0,0,0,0,0,0,0,0,0,0,0,0,0,0
86,2001,0,0,0,0,0,0,0,0,0,0,0,1,0,0,0
87,2001,0,1,0,0,0,0,0,0,0,0,0,0,0,0,0
88,2001,0,0,0,0,0,0,0,0,1,0,0,0,0,0,0
89,2001,1,1,0,0,0,0,0,0,1,1,1,0,0,0,1
90,2001,0,1,0,0,0,0,0,0,0,0,0,0,0,0,0
91,2001,0,1,0,0,0,0,0,0,0,0,0,0,0,0,1
92,2001,1,1,0,0,0,0,0,0,0,0,1,0,0,0,1
93,2001,1,1,0,0,0,0,0,0,0,0,0,0,0,0,1
94,2001,1,1,0,0,0,0,0,0,0,0,0,1,0,0,1
95,2001,1,0,0,0,0,0,0,0,0,0,0,0,0,0,0
96,2001,1,1,0,0,0,0,0,0,0,0,0,0,0,0,0
97,2001,0,0,0,0,0,0,0,0,0,1,1,0,0,0,1
98,2001,0,1,0,0,0,0,0,0,0,0,0,0,0,0,1
99,2001,1,1,0,0,0,1,0,0,0,0,0,0,0,0,0
100,2001,1,1,0,0,0,0,0,0,0,0,0,0,0,0,1
101,2001,1,1,0,0,0,0,0,0,0,0,1,0,0,0,1
102,2001,1,0,0,0,0,0,0,0,0,1,0,0,0,0,0
103,2001,0,1,0,0,0,0,0,1,1,0,0,0,0,0,1
104,2001,1,1,1,0,0,0,0,1,0,1,0,0,0,0,0
105,2001,1,0,0,0,0,0,0,0,0,0,0,0,0,0,0
106,2001,0,0,0,0,0,0,0,0,0,0,0,0,0,0,0
107,2001,1,1,0,0,0,0,0,1,0,0,0,0,0,0,0
108,2001,1,1,0,0,0,0,0,0,0,0,1,0,0,0,0
109,2001,1,1,0,0,0,0,0,0,0,0,1,0,0,0,1
110,2001,1,1,0,0,0,0,0,0,0,0,0,0,0,0,1
111,2001,1,1,0,0,0,0,0,0,0,0,0,0,0,0,1
112,2001,0,0,0,0,0,0,0,0,0,0,0,0,0,0,0
113,2001,1,1,1,0,0,0,0,1,1,0,1,0,0,0,1
114,2001,0,1,0,0,0,0,0,1,0,0,0,0,0,0,0
115,2001,0,1,0,0,0,0,0,0,0,0,1,0,0,0,1
116,2001,1,1,0,0,0,0,0,0,0,0,0,0,0,0,0
117,2001,1,1,0,0,0,0,0,0,0,0,1,0,0,0,0
118,2001,1,1,0,0,0,0,0,0,0,0,1,0,0,0,1
119,2001,1,1,0,0,0,0,0,0,0,0,1,0,0,0,1
120,2001,1,1,0,0,0,0,0,0,0,0,0,0,0,0,0
121,2001,0,0,0,0,0,0,0,0,0,0,0,0,0,0,1
122,2001,1,1,0,0,0,0,0,0,0,1,1,1,0,0,1
123,2001,0,0,0,0,0,0,0,0,0,0,0,0,0,0,0
124,2001,0,0,0,0,0,0,0,0,0,0,0,0,0,0,0
125,2001,0,1,0,0,0,0,0,0,0,0,1,0,0,0,1
126,2001,1,1,0,0,0,0,1,0,0,0,0,0,0,0,1
127,2001,1,1,0,0,0,1,0,0,0,0,1,0,0,0,1
128,2001,1,0,0,0,0,0,0,0,0,0,0,0,0,0,0
129,2001,0,1,0,0,0,0,0,0,0,0,0,0,0,0,0
130,2001,0,0,0,0,1,0,0,0,0,0,0,0,0,0,1
131,2001,1,0,0,0,0,0,0,0,0,0,0,0,0,0,0
132,2001,1,1,1,0,0,0,0,1,0,0,1,0,0,0,1
133,2001,1,1,0,0,0,0,0,0,0,0,0,0,0,0,0
134,2001,1,0,1,0,0,0,1,1,1,0,1,0,0,0,1
135,2001,1,1,0,0,0,0,0,0,0,0,0,0,0,0,0
136,2001,1,1,0,0,0,0,0,0,0,0,1,0,0,1,1
137,2001,0,1,1,0,1,0,1,1,1,0,1,1,0,0,1
138,2001,1,0,0,0,0,1,0,0,0,0,1,0,0,0,1
139,2001,0,0,0,0,0,0,0,0,0,0,0,0,0,0,0
140,2001,0,0,0,0,0,0,0,0,0,0,0,0,0,0,0
141,2001,1,1,0,0,0,0,0,0,0,0,0,0,0,0,1
142,2001,0,0,0,0,0,0,0,0,0,0,0,0,0,0,0
143,2001,1,1,0,0,0,0,0,0,0,0,0,0,0,0,0
144,2001,0,1,0,0,0,0,0,1,1,0,0,0,0,0,0
145,2001,0,0,0,0,0,0,0,1,0,0,0,0,0,0,0
146,2001,1,1,0,0,0,0,0,0,0,0,1,0,0,0,0
147,2001,1,1,0,0,0,0,0,0,0,0,0,0,0,0,0
148,2001,0,1,0,0,0,0,0,0,0,0,1,0,0,0,0
149,2001,1,1,0,0,0,0,0,1,1,0,0,0,0,0,1
150,2001,1,1,0,0,0,0,0,0,0,0,1,0,0,0,1
151,2001,1,0,0,0,0,0,0,0,0,0,0,0,0,0,0
152,2001,1,1,0,0,0,0,0,1,1,0,1,0,0,0,1
153,2001,1,1,0,0,0,0,0,0,0,0,1,0,0,0,1
154,2001,1,1,0,0,0,0,0,0,0,0,1,0,0,0,0
155,2001,1,0,0,0,0,0,0,1,0,0,0,0,0,0,1
156,2001,1,1,0,0,0,0,0,0,0,0,1,0,0,0,0
157,2001,1,1,1,0,0,0,1,1,1,0,1,0,0,0,1
158,2001,1,1,0,0,0,0,0,0,0,0,0,0,0,0,0
159,2001,0,1,0,0,0,0,0,0,0,0,0,0,0,0,0
160,2001,1,1,0,0,0,0,0,0,0,0,0,0,0,0,0
161,2001,1,1,0,0,0,0,0,0,0,0,0,0,0,0,0
162,2001,0,0,0,0,0,0,0,0,0,0,0,0,0,0,0
163,2001,1,1,0,0,0,0,0,0,0,0,1,0,0,0,0
164,2001,1,1,0,0,0,0,0,0,0,0,0,0,0,0,1
165,2001,1,1,0,0,0,0,1,0,0,0,1,0,0,0,0
166,2001,0,0,0,0,0,0,0,1,1,0,0,0,0,0,0
167,2001,1,1,0,0,0,0,0,0,0,0,1,0,0,0,0
168,2001,1,1,0,0,0,0,1,0,0,0,1,0,0,0,1
169,2001,1,1,0,0,0,0,0,0,0,0,0,0,0,0,1
170,2001,0,1,0,0,0,0,1,0,0,0,0,0,0,0,0
171,2001,1,1,0,0,0,0,0,0,0,0,1,0,0,0,0
172,2001,0,1,0,0,0,0,0,0,0,0,0,0,0,0,1
173,2001,1,1,0,0,0,0,0,0,0,0,1,0,0,0,1
174,2001,1,1,0,0,0,0,0,0,0,0,1,0,0,0,0
175,2001,1,1,0,0,0,0,0,0,0,0,1,0,0,0,0
176,2001,0,1,0,0,0,0,0,0,0,0,1,0,0,0,1
177,2001,1,1,0,0,0,0,0,0,0,0,0,0,0,0,0
178,2001,0,0,0,0,0,0,0,0,0,0,0,0,0,0,0
179,2001,0,1,0,0,0,0,0,0,0,0,0,0,0,0,1
180,2001,1,1,0,0,0,0,0,0,0,0,1,0,0,0,1
181,2001,1,0,1,0,0,0,0,0,1,0,0,0,0,0,1
182,2001,1,1,0,0,0,0,0,0,1,0,1,0,0,0,1
183,2001,0,1,0,0,0,0,0,1,1,1,0,0,0,0,0
184,2001,0,0,0,0,0,0,0,0,0,0,0,0,0,0,1
185,2001,1,1,0,0,0,0,0,0,0,0,0,0,0,0,1
186,2001,1,1,0,0,0,0,0,0,0,0,1,0,0,0,0
187,2001,0,1,0,0,0,0,0,0,0,0,1,0,0,0,0
188,2001,1,1,0,0,0,0,0,1,1,0,0,0,0,0,0
189,2001,0,1,0,0,0,0,0,0,0,0,1,0,0,0,0
190,2001,1,1,0,0,0,0,0,0,0,0,0,0,0,0,1
191,2001,0,0,0,0,0,0,0,0,0,0,0,0,0,0,0
192,2001,1,1,0,0,0,0,0,0,0,0,0,0,0,0,0
193,2001,1,1,0,0,0,0,0,0,0,0,1,0,0,0,0
194,2001,1,1,0,0,0,0,1,0,0,0,1,0,0,0,0
195,2001,1,1,0,0,0,0,0,0,0,0,1,0,0,0,1
196,2001,1,1,0,0,0,0,0,0,0,0,0,0,0,0,0
197,2001,1,1,0,0,0,0,0,0,0,0,1,0,0,0,0
198,2001,1,1,0,0,0,0,0,0,0,0,0,0,0,0,1
199,2001,1,1,0,0,0,0,0,0,0,0,0,0,0,0,1
200,2001,1,1,0,0,0,0,0,0,0,0,1,0,0,0,0
201,2001,1,1,0,0,0,0,0,1,1,0,0,0,0,0,0
202,2001,0,1,0,0,0,0,1,0,1,0,1,0,0,0,1
203,2001,0,1,0,0,0,0,0,0,0,0,1,0,0,0,0
204,2001,1,1,0,0,0,0,1,1,0,0,1,0,1,0,0
205,2001,1,1,0,0,0,0,0,0,0,0,0,0,0,0,0
206,2001,1,1,0,0,0,0,0,0,0,0,1,0,0,0,0
207,2001,0,1,0,0,0,0,0,0,0,0,0,0,0,0,0
208,2001,1,1,0,0,0,0,0,0,0,0,1,0,0,0,0
209,2001,1,1,0,0,0,0,0,0,0,0,0,0,0,0,1
210,2001,1,1,0,0,0,0,0,0,0,0,1,0,0,0,0
211,2001,1,1,0,0,0,0,0,0,0,0,0,0,0,0,1
212,2001,1,1,0,0,0,0,0,0,0,0,1,0,0,0,1
213,2001,1,1,0,0,0,0,1,1,1,0,1,0,0,0,0
214,2001,1,1,0,0,0,0,0,0,0,0,0,0,0,0,0
215,2001,1,1,0,0,0,0,0,0,0,0,1,0,0,0,0
216,2001,1,1,0,0,0,0,0,0,0,0,1,0,0,0,1
217,2001,1,1,1,0,0,0,0,0,0,1,1,0,0,0,0
218,2001,1,1,1,0,0,0,1,0,0,0,1,0,0,0,0
219,2001,1,1,0,0,0,0,1,0,0,0,0,0,0,0,1
220,2001,1,1,0,0,0,0,0,0,0,0,1,0,0,0,1
221,2001,1,0,0,0,0,0,0,0,0,0,0,0,0,0,0
222,2001,0,1,0,0,0,0,0,1,0,0,0,0,0,0,0
223,2001,1,1,0,0,0,0,0,0,0,0,0,0,0,0,0
224,2001,1,1,0,0,0,0,1,0,0,0,1,0,0,0,0
225,2001,1,0,0,0,0,0,0,0,0,0,1,0,0,0,0
226,2001,1,1,0,0,0,0,0,0,0,0,1,0,0,0,0
227,2001,1,1,0,0,0,0,0,0,0,0,1,0,0,0,0
228,2001,1,1,0,0,0,0,0,0,0,0,1,0,0,0,0
229,2001,1,1,0,0,0,0,0,0,0,0,0,0,0,0,0
230,2001,0,0,0,0,0,0,1,1,1,0,0,0,0,0,0
231,2001,1,1,0,0,0,0,0,0,0,0,0,0,0,0,0
232,2001,1,1,0,0,0,0,0,0,0,0,1,0,0,0,0
233,2001,1,1,0,0,0,0,0,1,0,0,0,0,0,0,0
234,2001,1,1,0,0,0,0,0,0,0,0,0,0,0,0,0
235,2001,1,1,0,0,0,0,0,1,1,0,0,0,0,0,0
236,2001,0,1,0,0,0,0,1,0,0,0,0,0,0,0,1
237,2001,1,1,0,0,0,0,0,0,0,0,1,0,0,0,1
238,2001,0,1,0,0,0,0,0,0,0,0,1,0,0,0,0
239,2001,1,1,0,0,0,0,0,0,0,0,0,0,0,0,1
240,2001,1,1,0,0,0,0,0,0,0,0,1,0,0,0,1
241,2001,1,1,0,0,0,0,0,0,0,0,0,0,0,0,1
242,2001,1,0,0,0,0,0,0,0,0,0,1,0,0,0,1
243,2001,0,1,0,0,0,0,0,0,0,0,0,0,0,0,0
244,2001,1,1,0,0,0,0,0,1,0,0,0,0,0,0,1
245,2001,1,1,0,0,0,0,0,0,0,0,0,0,0,0,0
246,2001,0,1,0,0,0,0,0,1,1,0,0,0,0,0,0
247,2001,0,0,0,0,0,0,0,0,0,0,0,0,0,0,0
248,2001,0,0,0,0,0,0,0,1,0,0,0,0,0,0,0
249,2001,1,1,0,0,0,0,0,0,0,0,0,0,0,0,1
250,2001,1,1,0,0,0,0,0,1,0,0,1,0,0,0,0
251,2001,0,0,0,0,0,0,0,1,0,0,1,0,0,0,1
252,2001,0,1,0,0,0,0,0,0,0,0,1,0,0,0,0
253,2001,1,1,1,0,0,0,0,1,1,0,1,0,0,0,1
254,2001,1,1,0,0,0,0,0,0,0,0,0,0,0,0,1
255,2001,1,1,0,0,0,0,0,0,0,0,1,0,0,0,1
256,2001,1,1,0,0,0,0,0,0,0,0,0,0,0,0,0
257,2001,1,1,0,0,0,0,0,0,1,0,0,0,0,0,0
258,2001,1,1,0,0,0,0,0,0,0,0,0,0,0,0,1
259,2001,1,1,1,0,0,0,0,1,0,0,0,0,0,0,0
260,2001,1,1,0,0,0,0,0,0,0,0,0,0,0,0,0
261,2001,1,1,0,0,0,0,0,0,0,0,0,0,0,0,1
262,2001,1,1,0,0,0,0,0,0,0,0,0,0,0,1,0
263,2001,1,1,0,0,0,0,0,0,0,0,1,0,0,0,0
264,2001,1,1,0,0,0,0,0,0,0,0,0,0,0,0,0
265,2001,1,1,1,0,0,0,1,1,1,0,1,0,0,0,0
266,2001,1,1,0,0,0,0,0,1,1,0,0,0,0,0,0
267,2001,1,1,0,0,0,0,0,0,0,0,1,0,0,1,0
268,2001,1,1,0,0,0,0,0,0,0,0,1,0,0,0,0
269,2001,1,1,0,0,0,0,0,0,0,0,1,0,0,0,0
270,2001,1,1,0,0,0,0,0,0,0,0,0,0,0,0,0
271,2001,1,1,0,0,0,0,0,0,0,0,1,0,0,0,0
272,2001,1,1,0,0,0,0,0,0,0,0,1,0,0,0,1
273,2001,1,1,1,0,0,0,0,0,0,0,1,0,0,0,1
274,2001,1,1,0,0,0,0,0,0,0,0,1,0,0,0,0
275,2001,1,1,0,0,0,0,0,0,0,0,0,0,0,0,0
276,2001,1,1,0,0,0,0,0,1,1,0,0,0,0,0,0
277,2001,1,1,1,0,0,0,1,1,1,0,1,0,0,0,1
278,2001,1,1,0,0,0,0,0,0,0,0,0,0,0,0,0
279,2001,1,1,0,0,0,0,0,0,0,0,0,0,0,0,1
280,2001,1,1,0,0,0,0,0,0,0,0,1,0,0,0,0
281,2001,1,1,1,0,0,0,0,1,1,0,1,0,0,0,1
282,2001,0,0,0,0,0,0,0,0,0,0,0,0,0,0,0
283,2001,1,1,0,0,0,0,0,1,0,0,0,0,0,0,0
284,2001,1,1,0,0,0,0,0,0,1,0,0,0,0,0,1
285,2001,1,1,0,0,0,0,0,0,0,0,0,0,0,0,0
286,2001,1,1,0,0,0,0,0,0,0,0,0,0,0,0,0
287,2001,1,1,0,0,0,0,0,0,0,0,0,0,0,0,1
288,2001,0,1,0,0,0,0,0,0,0,0,0,0,0,0,0
289,2001,0,0,0,0,0,0,0,0,0,0,0,0,0,0,1
290,2001,1,0,1,0,0,0,1,1,1,1,0,1,0,0,0
291,2001,0,0,0,0,0,0,0,1,1,0,0,0,0,0,1
292,2001,0,1,0,0,0,0,0,0,0,0,0,0,0,0,1
293,2001,1,1,0,0,0,0,0,0,0,0,1,0,0,0,1
294,2001,0,1,0,0,0,0,0,0,0,0,1,0,0,0,1
295,2001,0,1,0,0,0,0,0,0,0,0,0,0,0,0,0
296,2001,1,1,0,0,0,0,0,0,1,0,1,0,0,0,1
297,2001,1,1,0,0,0,0,0,0,0,0,1,0,0,0,0
298,2001,1,1,0,0,0,0,0,0,0,0,0,0,0,0,1
299,2001,1,1,0,0,0,0,0,0,0,0,0,0,0,0,0
300,2001,1,1,0,0,0,0,0,0,0,0,1,0,0,0,0
1,2002,0,1,1,0,0,0,1,1,0,0,1,0,0,0,1
2,2002,1,1,0,0,0,0,0,0,0,0,1,0,0,0,0
3,2002,0,1,1,0,0,0,1,1,1,0,1,0,0,0,1
4,2002,1,1,0,0,0,0,1,1,1,0,1,0,0,0,1
5,2002,1,1,0,0,0,0,0,0,0,0,0,0,0,0,1
6,2002,0,0,0,0,0,0,0,0,0,0,0,0,0,0,1
7,2002,1,1,0,0,0,0,0,0,0,0,0,0,0,0,0
8,2002,1,1,0,0,0,0,0,0,0,0,1,0,0,0,0
9,2002,1,1,0,0,0,0,0,0,0,0,1,0,0,0,1
10,2002,0,1,0,0,0,0,0,0,0,0,0,0,0,0,1
11,2002,1,1,1,0,0,0,0,1,1,0,1,0,0,0,1
12,2002,1,0,1,1,0,0,0,0,0,0,0,0,0,0,0
13,2002,1,1,0,0,0,0,0,0,0,0,0,0,0,0,0
14,2002,1,1,1,0,0,0,0,0,0,0,1,0,0,0,1
15,2002,1,1,0,0,0,0,0,0,0,0,0,0,0,0,0
16,2002,1,1,1,0,0,0,0,0,1,0,0,0,0,0,1
17,2002,1,1,0,0,0,0,0,1,1,0,0,0,0,0,0
18,2002,1,1,0,0,0,0,0,0,0,0,0,0,0,0,0
19,2002,0,1,0,0,0,0,0,0,0,0,0,0,0,0,0
20,2002,0,1,1,0,0,0,0,0,0,0,0,0,0,0,1
21,2002,0,1,0,0,0,0,0,0,0,0,0,0,0,0,0
22,2002,1,1,0,0,0,0,0,0,0,0,1,0,0,0,0
23,2002,1,1,0,0,0,0,0,0,0,0,0,0,0,0,1
24,2002,1,0,0,0,0,0,0,0,0,0,0,0,0,0,1
25,2002,0,0,0,0,0,0,0,0,0,0,0,0,0,0,1
26,2002,1,1,0,0,0,0,0,0,0,0,1,0,0,0,0
27,2002,0,0,0,0,0,0,0,1,1,0,1,0,0,0,1
28,2002,1,1,0,0,0,0,0,1,0,0,0,0,0,0,0
29,2002,1,1,0,0,0,0,0,0,0,0,0,0,0,0,1
30,2002,1,1,1,0,0,0,0,1,0,0,0,0,0,0,1
31,2002,1,1,0,0,0,0,0,0,0,1,1,0,0,0,1
32,2002,1,1,0,0,0,0,0,0,0,0,1,0,0,0,0
33,2002,1,1,0,0,0,0,0,0,0,0,1,0,0,0,0
34,2002,1,1,0,0,0,0,0,1,0,0,0,0,0,0,0
35,2002,1,1,0,0,0,0,0,0,0,0,0,0,0,0,0
36,2002,0,0,0,0,0,0,0,0,0,1,0,0,0,0,0
37,2002,0,0,0,0,0,0,0,0,0,0,0,0,0,0,0
38,2002,1,1,1,0,0,0,0,0,0,0,0,0,0,0,0
39,2002,0,0,0,0,0,0,0,1,1,0,0,0,0,0,0
40,2002,0,0,0,0,0,0,0,0,0,0,0,0,0,0,0
41,2002,1,1,0,0,0,0,0,0,0,0,0,0,0,0,1
42,2002,1,1,1,0,0,0,0,0,0,0,0,0,0,0,1
43,2002,0,0,0,0,0,0,0,0,0,0,0,0,0,0,0
44,2002,1,1,1,0,0,0,1,1,1,1,1,0,0,0,1
45,2002,0,0,0,0,0,0,0,0,0,0,0,0,0,0,0
46,2002,1,1,0,0,0,0,0,0,0,0,1,0,0,0,1
47,2002,0,1,0,0,0,0,0,0,0,0,0,0,0,0,1
48,2002,1,1,1,0,0,0,0,0,0,0,1,0,0,0,0
49,2002,1,1,0,0,0,0,1,0,0,0,1,0,0,0,1
50,2002,1,0,0,0,0,0,0,0,0,0,0,0,0,0,0
51,2002,0,0,0,0,0,0,0,0,0,0,0,0,0,0,1
52,2002,1,1,0,0,0,0,0,0,0,0,0,0,0,0,0
53,2002,1,1,0,0,0,0,0,0,0,0,0,0,0,0,1
54,2002,1,1,0,0,0,0,0,0,0,0,1,0,1,0,0
55,2002,1,1,0,0,0,0,0,0,0,0,1,0,0,0,0
56,2002,1,1,1,0,0,0,1,0,0,0,1,0,0,0,1
57,2002,0,0,0,0,0,0,0,0,0,0,0,0,0,0,0
58,2002,1,1,0,0,0,0,0,0,0,0,0,0,0,0,1
59,2002,1,1,0,0,0,0,0,0,0,0,1,0,0,0,1
60,2002,1,1,1,0,0,0,0,1,0,0,1,0,0,0,1
61,2002,1,0,0,0,0,0,0,0,1,0,0,0,0,0,1
62,2002,1,1,0,0,0,0,0,0,0,0,1,0,0,0,1
63,2002,1,1,0,0,0,0,0,1,0,0,0,0,0,0,1
64,2002,1,1,1,0,0,0,1,1,1,0,1,0,0,0,1
65,2002,0,1,0,0,0,0,0,0,0,0,0,0,0,0,0
66,2002,1,1,0,0,0,0,0,0,0,0,0,0,0,0,0
67,2002,1,1,0,0,0,0,0,0,0,0,1,0,0,0,1
68,2002,1,1,0,0,0,0,0,0,0,0,1,0,0,0,1
69,2002,1,1,0,0,0,0,0,0,0,0,1,0,0,0,0
70,2002,1,1,0,0,0,0,0,0,1,0,0,0,0,0,1
71,2002,1,1,0,0,0,0,0,0,0,0,1,0,0,0,1
72,2002,1,1,0,0,0,0,0,0,0,0,1,0,0,0,0
73,2002,1,1,0,0,0,0,0,0,0,0,0,0,0,0,0
74,2002,0,1,0,0,0,0,0,0,0,0,0,0,0,0,1
75,2002,1,1,1,0,0,0,1,1,0,0,1,0,0,0,1
76,2002,1,1,0,0,0,0,0,0,0,0,1,0,0,0,1
77,2002,1,1,1,0,0,0,0,0,0,0,0,0,0,0,0
78,2002,0,0,0,0,0,0,0,0,0,0,0,0,0,0,0
79,2002,1,1,0,0,0,0,0,0,0,0,1,0,0,0,0
80,2002,1,1,0,0,0,0,0,0,0,0,1,0,0,0,0
81,2002,0,1,0,0,0,0,0,0,0,0,0,0,0,0,1
82,2002,1,1,0,0,0,0,0,0,0,0,1,0,0,0,1
83,2002,1,1,0,0,0,0,0,0,0,0,0,0,0,0,1
84,2002,0,1,0,0,0,0,0,0,0,0,1,0,0,0,1
85,2002,1,1,0,0,0,0,0,0,0,0,0,0,0,0,1
86,2002,0,0,0,0,0,0,0,0,0,0,0,0,0,0,0
87,2002,1,0,0,0,0,0,1,1,1,0,1,0,0,0,1
88,2002,1,1,0,0,0,0,0,0,0,0,0,0,0,0,1
89,2002,1,1,1,0,0,0,0,0,0,0,1,1,0,0,1
90,2002,0,0,0,0,0,0,0,0,1,0,0,0,0,0,0
91,2002,0,1,0,0,0,0,0,0,0,0,0,0,0,0,0
92,2002,1,1,1,0,0,0,0,1,1,0,0,0,0,0,0
93,2002,1,1,0,0,0,0,0,0,0,0,0,0,0,0,0
94,2002,1,1,0,0,0,0,0,0,0,0,1,0,0,0,1
95,2002,1,1,0,0,0,0,0,0,0,0,0,0,0,0,0
96,2002,1,1,0,0,0,0,0,0,0,0,0,0,0,0,0
97,2002,0,1,0,0,0,0,0,0,0,0,0,0,0,0,0
98,2002,1,1,0,0,0,0,0,0,0,0,0,0,0,0,0
99,2002,1,1,0,0,0,0,0,0,0,0,0,0,0,0,0
100,2002,1,1,0,0,0,0,0,0,0,0,1,0,0,0,1
101,2002,0,1,0,0,0,0,0,0,0,0,1,0,0,0,1
102,2002,0,0,0,0,0,0,0,0,0,0,0,0,0,0,0
103,2002,1,0,0,0,0,0,0,0,0,0,0,0,0,0,0
104,2002,1,1,1,0,0,0,0,1,0,0,1,0,0,0,0
105,2002,1,1,0,0,0,0,0,0,0,0,0,0,0,0,0
106,2002,0,0,0,0,0,0,0,0,0,0,0,0,0,0,0
107,2002,1,1,0,0,0,0,0,1,1,0,0,0,0,0,0
108,2002,1,1,0,0,0,0,0,0,0,0,1,0,0,0,1
109,2002,1,1,0,0,0,0,0,0,0,0,1,0,0,0,1
110,2002,1,1,0,0,0,0,0,0,0,0,0,0,0,0,0
111,2002,1,1,0,0,0,0,0,0,1,0,0,0,0,0,1
112,2002,1,1,0,0,0,0,0,0,0,0,0,0,0,0,0
113,2002,1,1,0,0,0,0,0,0,0,0,1,0,0,0,1
114,2002,1,1,0,0,0,0,0,0,0,0,1,0,0,0,1
115,2002,0,1,0,0,0,0,0,0,0,0,1,0,0,0,1
116,2002,1,1,0,0,0,0,0,0,0,0,1,0,0,0,1
117,2002,1,1,0,0,0,0,0,1,0,0,0,1,0,0,0
118,2002,1,1,0,0,0,0,0,0,0,0,0,0,0,0,0
119,2002,1,1,0,0,0,0,0,0,0,0,0,0,0,0,0
120,2002,1,1,0,0,0,0,0,0,0,0,0,0,0,0,0
121,2002,1,1,0,0,0,0,0,0,0,0,0,0,0,0,1
122,2002,1,1,0,0,0,0,0,0,0,0,0,0,0,0,0
123,2002,1,0,0,0,0,0,0,1,0,0,0,0,0,0,0
124,2002,1,1,0,0,0,0,0,0,0,0,0,0,0,0,0
125,2002,1,1,0,0,0,0,0,0,0,0,0,0,0,0,0
126,2002,1,1,0,0,0,0,0,0,0,0,1,0,0,0,0
127,2002,1,1,0,0,0,0,0,0,0,0,1,0,0,0,1
128,2002,1,1,1,0,0,0,0,0,0,0,1,0,0,0,1
129,2002,0,0,0,0,0,0,0,0,0,0,0,0,0,0,0
130,2002,1,1,0,0,0,0,0,0,0,0,0,0,0,0,0
131,2002,1,1,1,0,0,0,1,0,0,0,1,0,0,0,1
132,2002,0,1,0,0,0,0,1,1,1,0,0,0,0,0,1
133,2002,1,0,0,0,0,0,1,0,0,0,1,0,0,0,1
134,2002,1,1,1,0,0,0,1,1,1,0,1,0,0,0,1
135,2002,0,1,0,0,0,0,0,0,0,0,0,0,0,0,0
136,2002,1,1,0,0,0,0,0,0,0,0,1,0,0,0,0
137,2002,1,1,1,0,0,0,0,1,1,0,1,0,0,0,1
138,2002,1,1,1,0,0,0,0,0,0,0,1,0,0,0,1
139,2002,0,0,1,0,0,0,1,0,1,0,1,0,0,0,1
140,2002,0,0,1,0,0,0,0,0,0,0,0,0,0,0,1
141,2002,0,1,0,0,0,0,0,0,0,0,0,0,0,0,0
142,2002,1,0,0,0,0,0,1,0,1,0,0,1,0,0,1
143,2002,1,1,0,0,0,0,0,0,0,0,0,0,0,0,0
144,2002,0,1,1,0,0,0,0,0,0,0,1,0,0,0,1
145,2002,0,0,0,0,0,0,0,0,0,0,0,0,0,0,0
146,2002,1,1,0,0,0,0,0,1,1,0,0,0,0,0,1
147,2002,1,1,0,0,0,0,0,0,0,0,1,0,0,0,1
148,2002,1,1,1,0,0,0,0,0,0,0,1,0,0,0,1
149,2002,1,1,0,0,0,0,0,0,0,0,0,0,0,0,0
150,2002,1,1,1,0,0,0,0,1,0,0,1,0,0,0,1
151,2002,1,1,0,0,0,0,0,0,0,0,1,0,0,0,1
152,2002,1,1,0,0,0,0,0,0,0,0,0,0,0,0,1
153,2002,1,1,0,0,0,0,0,0,0,0,0,0,0,0,1
154,2002,1,1,0,0,0,0,0,0,0,0,0,0,0,0,1
155,2002,1,1,0,0,0,0,0,0,0,0,0,0,0,0,1
156,2002,1,1,0,0,0,0,0,0,0,0,1,0,0,0,1
157,2002,1,1,1,0,0,0,0,0,1,0,1,0,0,0,1
158,2002,1,1,1,0,0,0,0,0,0,0,0,0,0,0,1
159,2002,1,1,1,0,0,0,0,1,0,0,1,0,0,0,1
160,2002,1,1,1,0,0,0,1,1,0,0,1,0,0,0,0
161,2002,1,1,0,0,0,0,0,0,0,0,1,0,0,0,1
162,2002,0,0,0,0,0,0,0,0,0,0,0,0,0,0,0
163,2002,1,1,0,0,0,0,0,1,0,0,0,0,0,0,0
164,2002,1,1,0,0,0,0,0,0,0,0,0,1,0,0,1
165,2002,1,1,0,0,0,0,0,0,0,0,1,0,0,0,0
166,2002,1,1,0,0,0,0,0,0,0,0,0,0,0,0,0
167,2002,1,1,0,0,0,0,0,0,0,0,0,0,0,0,1
168,2002,1,1,1,0,0,0,0,1,0,0,1,0,0,0,1
169,2002,1,1,0,0,0,0,0,0,0,0,0,0,0,0,1
170,2002,0,0,0,0,0,0,0,0,0,0,0,0,0,0,0
171,2002,0,0,0,0,0,1,0,0,0,0,0,0,0,0,0
172,2002,1,1,0,0,0,0,0,0,0,0,1,0,0,0,1
173,2002,1,1,0,0,0,0,0,0,0,0,0,0,0,0,0
174,2002,1,1,0,0,0,0,0,0,0,0,1,0,0,0,1
175,2002,1,1,0,0,0,0,0,0,0,0,0,0,0,0,1
176,2002,1,1,0,0,0,0,0,0,0,0,1,0,0,0,0
177,2002,1,1,0,0,0,0,0,0,0,0,0,0,0,0,0
178,2002,1,1,0,0,0,0,0,0,0,0,0,0,0,0,1
179,2002,1,1,0,0,0,0,0,0,0,0,0,1,0,0,1
180,2002,1,1,1,0,0,0,0,1,1,0,1,0,0,0,1
181,2002,1,1,1,0,0,0,1,1,1,0,1,0,0,0,1
182,2002,1,1,0,0,0,0,0,0,0,0,0,0,0,0,0
183,2002,1,0,0,0,0,0,1,1,1,0,1,1,0,0,1
184,2002,1,1,0,0,0,0,0,0,0,0,1,0,0,0,1
185,2002,0,1,0,0,0,0,0,0,0,0,0,0,0,0,0
186,2002,1,1,0,0,0,0,0,0,0,0,0,0,0,0,0
187,2002,1,1,0,0,0,0,0,0,0,0,0,0,0,0,0
188,2002,1,1,0,0,0,0,0,1,1,0,0,0,0,0,0
189,2002,1,1,0,0,0,0,0,0,0,0,0,0,0,0,0
190,2002,0,0,1,0,0,0,0,0,0,0,1,0,0,0,1
191,2002,1,1,0,0,0,0,0,0,0,0,1,0,0,0,0
192,2002,1,1,0,0,0,0,0,0,0,0,0,0,0,0,0
193,2002,1,1,0,0,0,0,0,0,0,0,1,0,0,0,1
194,2002,1,1,1,0,0,0,0,1,0,0,0,0,0,0,0
195,2002,1,1,0,0,0,0,0,0,0,0,1,0,0,0,0
196,2002,1,1,0,0,0,0,0,1,0,0,0,0,0,0,1
197,2002,1,1,0,0,0,0,0,0,0,0,1,0,0,0,1
198,2002,1,1,0,0,0,0,0,0,0,0,1,0,0,0,1
199,2002,1,1,0,0,0,0,0,0,0,0,1,0,0,0,0
200,2002,0,0,0,0,0,0,0,0,0,0,0,0,0,0,1
201,2002,0,0,0,0,0,0,0,0,0,1,1,0,0,0,0
202,2002,1,1,0,0,0,0,0,0,0,0,0,0,0,0,1
203,2002,1,1,0,0,0,0,0,0,1,1,0,0,0,0,1
204,2002,1,1,0,0,0,0,0,1,1,0,1,1,0,0,1
205,2002,1,1,0,0,1,0,0,0,0,0,0,1,0,0,0
206,2002,1,1,0,0,0,0,0,0,0,0,1,0,0,0,0
207,2002,0,1,0,0,0,0,0,0,0,0,0,0,0,0,1
208,2002,1,1,0,0,0,0,0,0,0,0,0,0,0,0,1
209,2002,0,1,0,0,0,0,0,0,0,0,1,0,0,0,0
210,2002,1,1,0,0,0,0,0,0,0,0,1,0,0,0,1
211,2002,0,1,0,0,0,0,0,0,0,0,0,0,0,0,0
212,2002,1,1,0,0,0,0,0,0,0,0,1,0,0,0,1
213,2002,1,1,0,0,0,0,1,1,0,0,1,0,0,0,0
214,2002,1,1,0,0,0,0,0,0,0,0,0,0,0,0,1
215,2002,1,1,0,0,0,0,0,0,0,0,0,0,0,0,0
216,2002,0,1,0,0,0,0,0,0,0,0,0,0,0,0,1
217,2002,1,1,0,0,0,0,0,0,0,0,1,0,0,0,0
218,2002,1,1,1,0,0,0,0,0,0,0,1,0,0,0,1
219,2002,1,1,0,0,0,0,0,0,0,0,1,0,0,0,1
220,2002,1,1,1,0,0,0,0,1,1,0,1,0,0,0,1
221,2002,1,1,0,0,0,0,0,0,1,0,0,0,0,0,1
222,2002,0,1,1,0,0,0,1,0,0,0,0,0,0,0,1
223,2002,1,1,0,0,0,0,0,0,0,0,1,0,0,0,1
224,2002,1,1,1,0,0,0,1,1,0,0,1,0,0,0,1
225,2002,1,1,0,0,0,0,0,0,0,0,1,0,0,0,1
226,2002,1,1,1,0,0,0,0,0,0,0,0,0,0,0,1
227,2002,1,1,0,0,0,0,0,0,0,0,1,0,0,0,1
228,2002,1,1,0,0,0,0,0,0,0,0,1,0,0,0,1
229,2002,1,1,1,0,0,0,0,0,0,0,1,0,0,0,1
230,2002,1,1,1,0,0,0,0,0,0,0,1,0,0,0,0
231,2002,1,1,0,0,0,0,0,0,0,0,1,0,0,0,1
232,2002,1,1,0,0,0,0,0,0,0,0,1,0,0,0,0
233,2002,1,1,0,0,0,0,0,0,0,0,1,0,0,0,0
234,2002,1,1,0,0,0,0,0,0,0,0,0,0,0,0,0
235,2002,0,0,0,0,0,0,0,0,0,0,1,0,0,0,0
236,2002,1,1,0,0,0,0,0,1,1,0,1,0,0,0,1
237,2002,1,1,0,0,0,0,0,0,0,0,0,0,0,0,0
238,2002,1,1,0,0,0,0,0,0,0,0,1,0,0,0,1
239,2002,1,1,0,0,0,0,0,0,0,0,1,0,0,0,0
240,2002,1,1,0,0,0,0,0,0,0,0,0,0,0,0,0
241,2002,1,1,0,0,0,0,0,0,0,0,1,0,0,0,1
242,2002,1,1,0,0,0,0,0,0,0,0,1,0,0,0,0
243,2002,0,1,0,0,0,0,0,0,0,0,0,0,0,0,1
244,2002,1,1,0,0,0,0,0,0,0,0,0,0,0,0,1
245,2002,1,1,0,0,0,0,0,0,0,0,1,0,0,0,1
246,2002,1,1,0,0,0,0,0,1,1,0,0,0,0,0,1
247,2002,0,0,0,0,0,0,0,0,0,0,0,0,0,0,0
248,2002,0,0,0,0,0,0,0,1,0,0,1,0,0,0,1
249,2002,1,1,0,0,0,0,0,1,1,0,0,0,0,0,0
250,2002,1,1,0,0,0,0,0,0,0,0,1,0,0,0,1
251,2002,1,1,0,0,0,0,0,0,0,0,0,0,0,0,1
252,2002,0,1,0,0,0,0,0,0,0,0,1,0,0,0,0
253,2002,1,1,1,0,0,0,0,1,0,0,1,0,0,0,1
254,2002,1,1,0,0,0,0,0,0,0,0,0,0,0,0,0
255,2002,0,1,0,0,0,0,0,0,0,0,1,0,0,0,1
256,2002,1,1,0,0,0,0,0,0,0,0,0,0,0,0,1
257,2002,1,1,0,0,0,0,0,0,0,0,0,0,0,0,0
258,2002,1,1,0,0,0,0,0,0,0,0,1,0,0,0,1
259,2002,1,1,0,0,0,0,0,0,0,0,1,0,0,0,0
260,2002,1,1,0,0,0,0,0,0,0,0,1,0,0,0,0
261,2002,1,1,0,0,0,0,0,0,0,0,1,0,0,0,1
262,2002,1,1,0,0,0,0,0,0,0,0,1,0,0,0,0
263,2002,1,1,0,0,0,0,0,0,0,0,0,0,0,0,0
264,2002,0,1,1,0,0,0,0,0,0,0,0,0,0,0,0
265,2002,0,1,0,0,0,0,0,0,0,0,1,0,0,0,0
266,2002,1,1,0,0,0,0,0,0,0,0,0,0,0,0,0
267,2002,1,1,0,0,0,0,0,0,0,0,0,0,0,0,0
268,2002,1,1,0,0,0,0,0,0,0,0,0,0,0,0,1
269,2002,1,1,0,0,0,0,0,0,0,0,1,0,0,0,0
270,2002,1,1,0,0,0,0,0,0,0,0,0,0,0,0,0
271,2002,1,1,0,0,0,0,1,0,0,0,1,0,0,0,1
272,2002,1,1,0,0,0,0,0,0,0,0,1,0,1,0,0
273,2002,1,1,0,0,0,0,0,0,0,0,1,0,0,0,1
274,2002,1,1,0,0,0,0,0,1,1,0,1,0,0,0,0
275,2002,1,1,0,0,0,0,0,0,0,0,1,0,0,0,0
276,2002,1,1,0,0,0,0,0,0,0,0,1,0,0,0,1
277,2002,1,1,1,0,0,0,1,1,1,0,1,1,0,0,1
278,2002,1,1,1,0,0,0,1,0,0,0,1,0,0,0,1
279,2002,1,1,0,0,0,0,0,0,0,0,1,0,0,0,0
280,2002,1,1,0,0,0,0,0,0,0,0,1,0,0,0,1
281,2002,0,1,0,0,0,0,0,0,0,0,1,0,0,0,0
282,2002,0,1,0,0,0,0,0,0,0,0,1,0,0,0,0
283,2002,1,1,1,0,0,0,0,0,0,0,0,0,0,0,1
284,2002,1,1,0,0,0,0,0,0,0,0,1,0,0,0,1
285,2002,1,0,0,0,0,0,0,0,0,0,0,0,0,0,0
286,2002,1,1,0,0,0,0,0,0,0,0,0,0,0,0,1
287,2002,1,1,0,0,0,0,0,0,0,0,0,0,0,0,0
288,2002,0,0,0,0,0,0,0,1,0,0,0,0,0,0,0
289,2002,1,1,0,0,0,0,0,0,0,0,0,0,0,0,0
290,2002,1,0,1,0,0,0,0,1,1,0,1,1,0,0,0
291,2002,0,0,0,0,0,0,0,0,0,0,1,0,0,0,0
292,2002,1,1,0,0,0,0,0,0,0,0,1,0,0,0,1
293,2002,0,1,0,0,0,0,0,0,0,0,1,0,0,0,1
294,2002,0,1,0,0,0,0,0,0,0,0,0,0,0,0,1
295,2002,0,0,0,0,0,0,0,0,1,0,0,0,0,0,1
296,2002,1,1,0,0,0,0,0,0,0,0,0,0,0,0,0
297,2002,1,1,0,0,0,0,0,0,0,0,1,0,0,0,1
298,2002,1,1,0,0,0,0,0,0,0,0,1,0,0,0,0
299,2002,1,1,0,0,0,0,0,0,0,0,1,0,0,0,1
300,2002,1,1,0,0,0,0,0,0,0,0,1,0,0,0,1
1,2003,1,0,1,0,0,0,0,0,1,0,0,0,0,0,0
2,2003,0,1,0,0,0,0,0,0,1,0,0,0,0,0,0
3,2003,0,0,0,0,0,0,0,0,0,0,1,0,0,0,0
4,2003,0,0,0,0,0,0,0,0,0,0,0,0,0,0,0
5,2003,0,0,0,0,0,0,0,0,0,0,1,0,0,0,0
6,2003,0,0,0,0,0,0,0,0,0,0,0,0,0,0,0
7,2003,1,0,0,0,0,0,0,0,0,0,0,0,0,0,1
8,2003,0,1,0,0,0,0,0,0,0,0,0,0,0,0,0
9,2003,1,1,0,0,0,0,0,0,0,0,0,0,0,0,1
10,2003,0,0,0,0,0,0,0,0,0,0,0,0,0,0,0
11,2003,1,1,1,0,0,0,0,1,1,0,1,0,0,0,1
12,2003,1,0,0,0,0,0,1,0,1,0,1,0,0,0,0
13,2003,0,0,0,0,0,0,0,0,0,0,0,0,0,0,1
14,2003,1,0,0,0,0,0,0,0,0,0,1,0,0,0,1
15,2003,1,0,0,0,0,0,0,0,0,0,1,0,0,0,0
16,2003,1,1,1,0,0,0,1,0,0,0,1,0,0,0,1
17,2003,1,1,1,0,0,0,1,1,1,0,1,0,0,0,1
18,2003,0,1,0,0,0,0,0,0,0,0,0,0,0,0,0
19,2003,0,1,0,0,0,0,0,0,0,0,0,0,0,0,0
20,2003,0,0,0,0,0,0,0,0,0,0,0,0,0,0,0
21,2003,0,0,0,0,0,0,0,0,0,0,0,0,0,0,1
22,2003,1,1,0,0,0,0,0,0,0,0,1,0,0,0,0
23,2003,0,0,1,0,0,0,0,0,0,0,1,0,0,0,0
24,2003,0,1,0,0,0,0,0,0,0,0,0,0,0,0,0
25,2003,0,0,0,0,0,0,0,0,0,0,0,0,0,0,0
26,2003,1,1,0,0,0,0,0,0,0,0,1,0,0,0,0
27,2003,0,1,0,0,0,0,0,0,0,0,0,0,0,0,1
28,2003,1,1,0,0,0,0,0,0,0,0,0,0,0,0,0
29,2003,0,0,0,0,0,0,0,0,0,0,0,0,0,0,0
30,2003,0,1,1,0,0,0,0,1,0,0,0,0,0,0,0
31,2003,0,0,0,0,0,0,0,0,0,0,0,0,0,0,0
32,2003,1,0,0,0,0,0,0,1,1,0,0,0,0,0,0
33,2003,1,1,0,0,0,0,0,0,0,1,0,0,0,0,1
34,2003,1,0,0,0,0,0,0,0,0,0,0,0,0,0,0
35,2003,0,0,0,0,0,0,0,0,0,0,0,0,0,0,0
36,2003,1,1,1,0,0,0,0,0,0,0,0,0,0,0,0
37,2003,0,0,0,0,0,0,0,0,0,0,0,0,0,0,0
38,2003,1,0,0,0,0,0,0,0,0,0,0,0,0,0,0
39,2003,0,0,0,0,0,0,0,0,0,0,0,0,0,0,0
40,2003,0,0,0,0,0,0,0,0,0,0,0,0,0,0,0
41,2003,0,0,0,0,0,0,0,0,0,0,1,0,0,0,0
42,2003,1,1,0,0,0,0,1,0,0,0,0,0,0,0,1
43,2003,0,0,0,0,0,0,0,0,0,0,0,0,0,0,0
44,2003,1,1,1,0,0,0,0,0,0,0,1,0,0,0,1
45,2003,0,0,0,0,0,0,0,0,0,0,0,0,0,0,0
46,2003,1,1,0,0,0,0,0,0,0,0,0,0,0,0,0
47,2003,0,0,0,0,0,0,0,0,0,0,0,0,0,0,0
48,2003,1,1,0,0,0,1,0,0,0,0,1,0,0,0,0
49,2003,1,0,1,0,0,0,0,0,0,0,0,0,0,0,1
50,2003,0,0,0,0,0,0,0,0,0,0,1,0,0,0,0
51,2003,0,1,0,0,0,0,0,0,0,0,0,0,0,0,0
52,2003,1,0,0,0,0,0,0,0,0,0,0,0,0,0,0
53,2003,1,1,0,0,0,0,0,0,0,0,0,0,0,0,0
54,2003,1,1,0,0,0,0,0,0,0,0,1,0,0,0,1
55,2003,1,1,0,0,0,0,0,0,0,0,1,0,0,0,1
56,2003,1,1,1,0,0,0,1,0,0,0,1,0,0,0,1
57,2003,0,0,0,0,0,0,0,0,0,0,0,0,0,0,0
58,2003,1,1,0,0,0,0,0,0,0,0,0,0,0,0,0
59,2003,0,1,0,0,0,0,0,0,0,0,0,0,0,0,0
60,2003,1,1,0,0,0,0,0,0,0,0,1,0,0,0,0
61,2003,0,0,0,0,0,0,0,0,0,0,0,0,0,0,0
62,2003,0,0,0,0,0,0,0,0,0,0,0,0,0,0,0
63,2003,0,0,0,0,0,0,0,0,0,0,0,0,0,0,0
64,2003,0,0,0,0,0,0,0,0,0,0,0,0,0,0,0
65,2003,0,1,0,0,0,0,0,0,0,0,0,0,0,0,1
66,2003,0,0,0,0,0,0,1,1,1,0,0,0,0,0,0
67,2003,1,1,0,0,0,1,0,0,0,0,0,0,0,0,1
68,2003,1,1,0,0,0,0,0,0,0,0,1,0,0,0,0
69,2003,1,0,0,0,0,0,0,0,0,0,0,0,0,0,0
70,2003,1,1,0,0,0,0,0,1,1,0,0,0,0,0,0
71,2003,1,1,0,0,0,0,0,0,0,0,1,0,0,0,1
72,2003,1,1,0,0,0,0,0,0,0,0,1,0,0,0,1
73,2003,1,0,0,0,0,0,0,0,0,0,0,0,0,0,0
74,2003,1,0,0,0,0,1,0,0,0,0,0,0,0,0,0
75,2003,1,1,0,0,0,0,0,0,0,0,1,0,0,0,0
76,2003,1,1,0,0,0,0,0,0,0,0,0,0,0,0,0
77,2003,1,1,0,0,0,0,0,0,0,0,0,0,0,0,0
78,2003,0,0,0,0,0,0,0,0,0,0,0,0,0,0,0
79,2003,0,1,0,0,0,0,0,0,0,0,0,0,0,0,0
80,2003,0,1,0,0,0,0,0,0,0,0,1,0,0,0,1
81,2003,0,1,0,0,0,0,0,1,0,0,0,0,0,0,0
82,2003,0,1,0,0,0,0,0,0,0,0,1,0,0,0,1
83,2003,0,0,0,0,0,1,0,0,0,0,0,0,0,0,1
84,2003,0,0,0,0,0,0,0,0,0,0,0,0,0,0,0
85,2003,1,0,0,0,0,0,0,0,0,0,1,0,0,0,1
86,2003,0,0,0,0,0,0,0,0,1,0,0,0,0,0,0
87,2003,0,0,0,0,0,0,0,0,0,0,0,0,0,0,0
88,2003,0,0,0,0,0,0,0,0,0,0,0,0,0,0,1
89,2003,1,1,0,0,0,0,0,0,0,0,0,0,0,0,1
90,2003,0,0,0,0,0,0,0,0,0,0,0,0,0,0,0
91,2003,0,0,1,0,0,0,1,0,0,0,0,1,0,0,0
92,2003,1,1,0,0,0,0,0,0,1,0,0,0,0,0,1
93,2003,1,1,0,0,0,0,0,0,0,0,0,0,0,0,0
94,2003,1,1,0,0,0,0,0,0,0,0,0,0,0,0,0
95,2003,1,0,0,0,0,0,0,0,0,0,1,0,0,0,0
96,2003,1,0,0,0,0,0,0,0,0,0,0,0,0,0,1
97,2003,1,1,0,0,0,0,1,0,0,0,0,0,0,0,1
98,2003,1,1,0,0,0,0,0,0,0,0,0,0,0,0,1
99,2003,1,1,0,0,0,0,0,0,0,1,1,0,0,0,1
100,2003,1,1,0,0,0,0,0,0,0,0,0,0,0,0,1
101,2003,1,1,0,0,0,0,0,0,0,0,0,0,0,0,1
102,2003,0,0,0,0,0,0,0,0,0,0,0,0,0,0,0
103,2003,0,0,0,0,0,0,0,0,0,0,0,0,0,0,0
104,2003,0,0,0,0,0,0,0,0,0,0,1,0,0,0,1
105,2003,1,1,1,0,0,0,0,0,0,0,1,0,0,0,0
106,2003,0,0,0,0,0,0,0,0,0,0,0,0,0,0,0
107,2003,0,0,0,0,0,0,0,1,0,0,0,0,0,0,0
108,2003,1,0,0,0,0,0,0,0,0,0,0,0,0,0,0
109,2003,1,1,0,0,0,0,0,0,0,0,0,0,0,0,1
110,2003,1,1,0,0,0,0,0,0,0,0,1,0,0,0,0
111,2003,1,0,0,0,0,0,0,0,0,0,0,0,0,0,0
112,2003,1,1,1,0,0,0,0,0,0,0,1,0,0,0,0
113,2003,0,0,0,0,0,0,0,0,0,1,0,0,0,0,0
114,2003,0,1,0,0,0,0,0,0,0,0,1,0,0,0,1
115,2003,1,1,1,0,0,0,1,0,0,0,1,0,0,0,1
116,2003,1,0,0,0,0,1,0,0,0,0,0,0,0,0,1
117,2003,0,1,0,0,0,0,0,0,0,0,0,0,0,0,1
118,2003,0,1,1,0,0,0,0,0,0,0,1,0,0,0,1
119,2003,0,1,0,0,0,0,0,0,0,0,1,0,0,0,0
120,2003,1,0,0,0,0,0,0,0,0,0,0,0,0,0,1
121,2003,0,1,0,0,0,0,0,0,0,0,0,0,0,0,0
122,2003,1,1,0,0,0,0,0,0,0,0,1,0,0,0,1
123,2003,0,0,0,0,0,0,0,0,0,0,0,0,0,0,0
124,2003,0,1,0,0,0,0,0,0,0,0,0,0,0,0,0
125,2003,1,1,1,0,0,0,0,0,0,1,0,0,0,0,1
126,2003,1,1,0,0,0,0,0,0,0,0,0,0,0,0,1
127,2003,1,0,0,0,0,0,0,0,0,0,1,0,0,0,0
128,2003,1,1,0,0,0,0,0,0,0,0,0,0,0,0,1
129,2003,0,1,1,0,0,0,0,0,0,0,0,0,0,0,0
130,2003,0,1,0,0,0,0,0,0,0,0,0,0,0,0,0
131,2003,1,1,0,0,0,0,0,0,0,0,1,0,0,0,1
132,2003,0,1,0,0,0,0,0,1,1,0,0,0,0,0,0
133,2003,0,0,0,0,0,0,0,0,0,0,1,0,0,0,1
134,2003,0,0,0,0,0,0,0,0,0,0,0,0,0,0,0
135,2003,0,0,0,0,0,0,0,0,0,0,0,0,0,0,0
136,2003,1,1,0,0,0,0,0,0,0,0,1,0,0,0,0
137,2003,0,1,1,0,0,0,0,1,0,0,0,0,0,0,0
138,2003,0,1,0,0,0,0,0,0,0,0,1,0,0,0,0
139,2003,0,0,0,0,0,0,0,0,0,0,0,0,0,0,0
140,2003,0,0,0,0,0,0,0,0,0,0,0,0,0,0,0
141,2003,0,1,0,0,0,0,0,0,0,0,0,0,0,0,0
142,2003,1,1,0,0,0,0,0,1,1,0,0,0,0,0,0
143,2003,1,1,1,0,0,0,0,1,0,0,0,0,0,0,1
144,2003,0,1,0,0,0,0,0,0,0,0,0,0,0,0,0
145,2003,1,1,1,0,0,0,0,0,0,0,1,0,0,0,0
146,2003,1,1,0,0,0,0,0,0,0,0,0,0,0,0,0
147,2003,1,1,0,0,0,0,0,0,0,0,1,0,0,0,0
148,2003,0,1,0,0,0,0,0,0,0,0,0,0,0,0,0
149,2003,1,1,0,0,0,0,1,1,0,0,1,0,0,0,0
150,2003,1,1,0,0,0,0,1,0,0,0,1,0,0,0,0
151,2003,1,1,0,0,0,0,0,0,1,0,1,0,0,0,0
152,2003,1,1,0,0,0,0,0,0,0,0,0,0,0,0,0
153,2003,1,1,0,0,0,0,0,0,0,0,1,0,0,0,0
154,2003,1,1,0,0,0,0,0,0,0,0,0,0,0,0,1
155,2003,1,1,0,0,0,0,0,0,0,0,0,0,0,0,1
156,2003,1,1,0,0,0,0,0,0,0,0,1,0,0,0,0
157,2003,1,1,1,0,0,0,0,0,1,0,0,0,0,0,1
158,2003,1,0,0,0,0,1,0,0,0,0,0,0,0,0,0
159,2003,0,0,0,0,0,0,0,0,0,0,0,0,0,0,0
160,2003,1,1,0,0,0,0,0,0,0,0,1,0,0,0,0
161,2003,1,0,0,0,0,0,0,0,0,0,0,0,0,0,1
162,2003,0,0,0,0,0,0,0,0,0,0,0,0,0,0,0
163,2003,1,1,0,0,0,0,0,0,0,0,1,0,0,0,1
164,2003,1,1,0,0,0,0,0,0,0,0,0,0,0,0,1
165,2003,1,0,1,0,0,0,0,1,1,0,1,0,0,0,1
166,2003,0,0,0,0,0,0,0,0,1,0,0,0,0,0,0
167,2003,1,1,0,0,0,0,0,0,0,0,1,0,0,0,1
168,2003,1,0,0,0,0,0,0,1,0,0,0,0,0,0,0
169,2003,1,1,0,0,0,0,0,0,0,0,1,0,0,0,1
170,2003,0,1,0,0,0,0,0,0,0,0,0,0,0,0,0
171,2003,0,1,0,0,0,0,0,0,0,0,0,0,0,0,0
172,2003,0,0,0,0,0,0,0,0,0,0,0,0,0,0,0
173,2003,1,1,0,0,0,0,0,0,0,0,0,0,0,0,1
174,2003,1,1,0,0,0,0,0,1,1,0,0,0,0,0,1
175,2003,1,1,0,0,0,0,0,0,0,0,0,0,0,0,0
176,2003,0,1,0,0,0,0,0,0,0,0,0,0,0,0,0
177,2003,1,1,0,0,0,0,0,0,0,0,0,0,0,0,0
178,2003,1,1,1,0,0,0,0,1,0,0,0,0,0,0,1
179,2003,1,1,0,0,0,0,0,0,0,0,0,0,0,0,0
180,2003,1,0,0,0,0,0,0,0,0,0,0,0,0,0,0
181,2003,0,1,0,0,0,0,0,0,0,0,0,0,0,0,0
182,2003,1,1,0,0,0,0,0,0,0,0,1,0,0,0,0
183,2003,1,1,1,0,0,0,0,0,1,0,1,0,0,0,1
184,2003,0,0,0,0,0,0,0,0,0,0,0,0,0,0,0
185,2003,1,1,1,0,0,0,0,0,0,0,0,0,0,0,1
186,2003,1,1,0,0,0,0,0,0,0,0,0,0,0,0,1
187,2003,1,1,0,0,0,0,0,0,0,0,0,0,0,0,0
188,2003,1,1,0,0,0,1,0,0,0,0,0,0,0,0,1
189,2003,0,1,0,0,0,0,0,0,0,0,0,0,0,0,1
190,2003,1,1,0,0,0,0,0,0,0,0,1,0,0,0,0
191,2003,0,0,0,0,0,0,0,0,0,0,0,0,0,0,0
192,2003,1,1,0,0,0,0,0,0,0,0,0,0,0,0,1
193,2003,1,1,0,0,0,0,0,0,0,0,0,0,0,0,1
194,2003,1,1,0,0,0,0,0,1,0,0,0,0,0,0,0
195,2003,1,1,0,0,0,0,0,0,0,0,0,0,0,0,1
196,2003,1,1,0,0,0,0,0,0,0,0,0,0,0,0,1
197,2003,1,1,0,0,0,0,0,0,0,0,0,0,0,0,1
198,2003,1,0,0,0,0,0,0,0,0,0,0,0,0,0,1
199,2003,1,1,0,0,0,0,0,0,0,0,0,0,0,0,0
200,2003,1,0,0,0,0,0,0,0,0,0,0,0,0,0,0
201,2003,1,0,1,0,0,0,1,1,1,0,0,0,0,0,1
202,2003,0,0,1,0,0,0,1,1,1,0,0,0,0,0,0
203,2003,1,0,0,0,0,0,0,0,0,0,0,0,0,0,0
204,2003,1,1,1,0,0,0,0,1,1,0,1,0,0,0,1
205,2003,1,1,0,0,0,0,0,0,0,0,0,0,0,0,0
206,2003,1,1,0,0,0,0,0,0,0,0,1,0,0,0,1
207,2003,0,1,1,0,0,0,0,0,0,0,0,0,0,0,1
208,2003,1,1,0,0,0,0,0,0,0,0,0,0,0,0,1
209,2003,1,1,0,0,0,0,0,0,0,0,0,0,0,0,0
210,2003,1,0,0,0,0,0,0,0,0,0,0,0,0,0,0
211,2003,0,1,0,0,0,0,0,0,0,0,0,0,0,0,0
212,2003,1,1,0,0,0,0,0,0,0,0,0,0,0,0,1
213,2003,1,1,1,0,0,0,1,1,1,0,0,0,0,0,1
214,2003,1,1,0,0,0,0,0,0,0,0,0,0,0,0,0
215,2003,1,1,0,0,0,0,0,0,0,0,0,0,0,0,0
216,2003,1,1,0,0,0,0,0,0,0,0,1,0,0,0,1
217,2003,1,1,0,0,0,0,1,0,0,1,0,0,0,0,0
218,2003,1,1,0,0,0,0,1,0,0,0,0,0,0,0,1
219,2003,1,0,1,0,0,0,0,1,0,0,0,0,0,0,1
220,2003,1,0,0,0,0,0,0,0,0,0,0,0,0,0,1
221,2003,1,1,0,0,0,0,0,0,0,0,0,0,0,0,0
222,2003,0,0,0,0,0,0,0,0,0,0,0,0,0,0,0
223,2003,1,0,0,0,0,0,0,1,1,0,1,0,0,0,1
224,2003,1,1,0,0,0,0,0,0,0,0,1,0,0,0,1
225,2003,0,0,0,0,0,0,0,0,0,0,0,0,0,0,0
226,2003,1,1,0,0,0,0,0,0,0,0,1,0,0,0,1
227,2003,1,1,0,0,0,1,0,0,0,0,0,0,0,0,1
228,2003,1,1,0,0,0,0,0,0,0,0,0,0,0,0,0
229,2003,1,0,1,0,0,0,1,0,0,0,0,0,0,0,1
230,2003,1,1,1,0,0,0,1,1,1,0,1,0,0,0,1
231,2003,1,1,0,0,0,0,0,0,0,0,0,0,0,0,0
232,2003,1,1,0,0,0,0,0,0,0,0,0,0,0,0,0
233,2003,1,1,0,0,0,0,0,0,0,0,1,0,0,0,1
234,2003,1,1,1,0,0,0,0,0,0,0,0,0,0,0,1
235,2003,0,1,0,0,0,0,0,0,0,0,1,0,0,0,1
236,2003,1,1,0,0,0,0,0,0,1,0,1,0,0,0,0
237,2003,1,1,0,0,0,0,0,0,0,0,0,0,0,0,1
238,2003,0,1,0,0,0,0,0,0,0,0,1,0,0,0,0
239,2003,1,1,0,0,0,0,0,0,0,0,0,0,0,0,1
240,2003,1,0,1,0,0,0,0,0,0,0,0,0,0,0,1
241,2003,1,0,0,0,0,0,0,0,0,0,0,0,0,0,0
242,2003,1,1,1,0,0,0,1,0,0,0,1,0,0,0,1
243,2003,1,0,0,0,0,0,0,0,0,0,0,0,0,0,1
244,2003,1,0,0,0,0,0,0,0,0,0,0,0,0,0,0
245,2003,1,1,0,0,0,0,0,0,0,0,1,0,0,0,0
246,2003,1,0,1,0,0,0,1,1,1,0,1,0,0,0,1
247,2003,0,0,0,0,0,0,0,0,0,0,0,0,0,0,0
248,2003,1,1,0,0,0,0,0,0,0,0,0,0,0,0,0
249,2003,1,1,0,0,0,0,0,0,0,0,0,0,0,0,0
250,2003,1,1,0,0,0,0,0,0,0,0,1,0,0,0,0
251,2003,0,1,0,0,0,0,0,0,0,0,1,0,0,0,1
252,2003,1,1,0,0,0,0,0,0,0,0,1,0,0,0,0
253,2003,0,0,0,0,0,0,0,0,1,1,0,0,0,0,0
254,2003,1,1,0,0,0,0,0,0,0,0,0,0,0,0,0
255,2003,0,1,1,0,0,0,0,0,0,0,1,0,0,0,0
256,2003,1,1,0,0,0,0,0,0,0,0,0,0,0,0,0
257,2003,1,1,0,0,0,0,0,0,0,0,0,0,0,0,1
258,2003,1,1,0,0,0,0,0,0,0,0,0,0,0,0,0
259,2003,1,1,0,0,0,0,0,0,0,0,1,0,0,0,0
260,2003,1,1,0,0,0,0,0,0,0,0,1,0,0,0,0
261,2003,0,1,0,0,0,0,0,0,0,0,1,0,0,0,0
262,2003,1,1,0,0,0,0,0,0,0,0,0,0,0,0,1
263,2003,1,1,0,0,0,0,0,0,0,1,0,0,0,0,1
264,2003,1,1,0,0,0,0,0,0,0,0,0,0,0,0,1
265,2003,1,1,0,0,0,0,0,0,0,0,1,0,0,0,1
266,2003,1,1,1,0,0,0,0,0,0,0,1,0,0,0,1
267,2003,1,1,0,0,0,0,0,0,0,0,0,0,0,0,0
268,2003,0,1,0,0,0,0,0,0,0,0,0,0,0,0,0
269,2003,1,1,0,0,0,1,0,0,0,0,0,0,0,0,0
270,2003,1,1,0,0,0,0,0,0,0,0,0,0,0,0,1
271,2003,1,1,0,0,0,0,1,0,0,0,1,0,0,0,1
272,2003,1,1,0,0,0,0,0,0,0,0,0,0,0,0,0
273,2003,0,0,0,0,0,0,0,0,1,0,0,0,0,0,1
274,2003,1,1,0,0,0,0,0,0,0,0,1,0,0,0,0
275,2003,1,1,0,0,0,0,0,0,0,0,0,0,0,0,1
276,2003,1,1,0,0,0,0,1,1,0,0,1,0,0,0,0
277,2003,0,1,0,0,0,0,0,1,1,0,0,0,0,0,0
278,2003,1,1,0,0,0,0,0,0,0,1,0,0,0,0,0
279,2003,1,0,0,0,0,0,0,0,0,1,0,0,0,0,0
280,2003,1,1,0,0,0,0,1,0,0,0,0,0,0,0,1
281,2003,1,1,0,0,0,0,0,0,0,0,1,0,0,0,1
282,2003,1,1,0,0,0,0,0,0,0,0,0,0,0,0,0
283,2003,0,1,0,0,0,0,0,1,1,0,0,0,0,0,0
284,2003,1,1,0,0,0,0,0,0,0,1,0,0,0,0,1
285,2003,1,1,1,0,0,0,1,0,0,0,1,1,0,0,1
286,2003,0,0,0,0,0,0,0,0,0,0,0,0,0,0,0
287,2003,1,1,0,0,0,0,0,0,0,0,0,0,0,0,1
288,2003,1,1,0,0,0,0,0,0,0,0,1,0,0,0,1
289,2003,1,0,0,0,0,0,0,0,0,0,0,0,0,0,0
290,2003,1,1,0,0,0,0,0,1,1,0,0,0,0,0,1
291,2003,1,0,0,0,0,0,0,0,0,0,0,0,0,0,1
292,2003,1,1,0,0,0,1,0,0,0,0,0,0,0,0,1
293,2003,0,1,0,0,0,0,0,0,0,0,0,0,0,0,0
294,2003,1,1,0,0,0,0,0,0,0,0,1,0,0,0,1
295,2003,1,1,0,0,0,0,0,0,0,0,1,0,0,0,0
296,2003,1,0,0,0,0,0,0,0,0,0,0,0,0,0,1
297,2003,1,1,0,0,0,0,0,0,0,0,0,0,0,0,1
298,2003,1,1,0,0,0,0,0,0,0,1,0,0,0,0,0
299,2003,1,1,0,0,0,0,0,0,0,0,0,0,0,0,1
300,2003,1,0,0,0,0,0,0,0,0,0,0,0,0,0,0
1,2004,1,1,0,0,0,0,0,1,1,0,1,0,0,0,0
2,2004,0,0,0,0,0,0,0,0,0,0,0,0,0,0,0
3,2004,0,1,0,0,0,0,0,0,0,0,0,0,0,0,1
4,2004,0,0,0,0,0,0,0,1,0,0,0,0,0,0,0
5,2004,0,0,0,0,0,0,0,0,0,0,1,1,0,0,0
6,2004,0,0,0,0,0,0,0,0,0,0,1,0,0,0,0
7,2004,1,1,0,0,0,0,0,0,0,0,1,0,0,0,0
8,2004,1,1,0,0,0,0,0,0,0,0,0,0,0,0,1
9,2004,1,0,0,0,0,0,0,0,0,0,0,0,0,0,0
10,2004,0,0,1,0,0,0,1,1,1,0,1,0,0,0,1
11,2004,0,0,0,0,0,0,0,0,0,0,0,0,0,0,0
12,2004,1,1,0,0,0,0,0,0,0,1,1,0,0,0,0
13,2004,1,1,0,0,0,0,0,1,0,1,1,0,0,0,1
14,2004,1,1,0,0,0,0,0,0,0,0,1,0,0,0,0
15,2004,0,0,0,0,0,0,0,0,0,0,0,0,0,0,0
16,2004,1,0,0,0,0,0,0,0,0,0,0,0,0,0,0
17,2004,0,1,0,0,0,0,0,0,0,0,1,0,0,0,0
18,2004,0,0,0,0,0,0,0,1,1,0,1,0,0,0,0
19,2004,0,0,0,0,0,0,0,0,0,0,0,0,0,0,0
20,2004,0,0,0,0,0,0,0,1,0,0,0,0,0,0,0
21,2004,0,1,0,0,0,0,0,0,0,0,0,0,0,0,0
22,2004,0,0,0,0,0,0,0,0,0,0,0,0,0,0,0
23,2004,0,1,0,0,0,0,0,0,0,0,0,0,0,0,1
24,2004,0,0,0,0,0,0,0,0,0,0,0,0,0,0,0
25,2004,0,0,0,0,0,0,0,0,0,0,0,0,0,0,0
26,2004,0,0,0,0,0,0,0,0,0,0,0,0,0,0,0
27,2004,0,1,0,0,0,0,0,0,0,0,1,0,0,0,0
28,2004,0,0,0,0,0,0,0,0,0,0,0,0,0,0,0
29,2004,0,0,0,0,0,0,0,0,0,0,0,0,0,0,0
30,2004,0,0,0,0,0,0,0,1,1,0,1,1,0,0,1
31,2004,1,0,0,0,0,0,0,0,0,0,0,0,0,0,0
32,2004,1,0,0,0,0,0,0,1,1,1,0,1,0,0,0
33,2004,1,1,0,0,0,0,0,0,0,0,0,0,0,0,0
34,2004,1,1,0,0,0,0,0,1,0,1,1,0,0,0,0
35,2004,0,0,0,0,0,0,0,0,0,0,0,0,0,0,0
36,2004,0,0,0,0,0,0,0,0,0,0,0,0,0,0,0
37,2004,0,1,0,0,0,0,0,0,0,0,0,0,0,0,0
38,2004,1,0,0,0,0,0,0,0,0,0,0,0,0,0,0
39,2004,0,0,0,0,0,0,0,0,0,0,0,0,0,0,0
40,2004,0,0,0,0,0,0,0,0,0,0,0,0,0,0,0
41,2004,0,0,0,0,0,0,0,0,0,0,0,0,0,0,1
42,2004,1,0,0,0,0,0,0,1,1,0,1,0,0,0,1
43,2004,0,0,0,0,0,0,0,0,0,0,0,0,0,0,0
44,2004,1,0,0,0,0,0,0,1,1,0,0,0,0,0,1
45,2004,0,0,0,0,0,0,0,0,0,0,0,0,0,0,0
46,2004,0,1,0,0,0,0,0,0,0,1,1,0,0,0,0
47,2004,0,0,0,0,0,0,0,0,0,0,0,0,0,0,0
48,2004,1,1,0,0,0,0,0,0,0,0,1,0,0,0,1
49,2004,0,0,0,0,0,0,0,1,1,0,0,0,0,0,1
50,2004,0,0,0,0,0,0,0,0,0,0,0,0,0,0,0
51,2004,0,0,0,0,0,0,1,0,0,0,1,0,0,0,0
52,2004,0,1,0,0,0,0,0,0,0,0,1,0,0,0,1
53,2004,1,1,0,0,0,0,0,0,0,0,1,0,0,0,0
54,2004,0,0,0,0,0,0,0,0,0,0,1,0,0,0,1
55,2004,1,0,0,0,0,0,0,0,0,0,0,0,0,0,0
56,2004,0,1,0,0,0,0,0,0,0,0,1,0,0,0,0
57,2004,0,0,0,0,0,0,0,0,0,0,0,0,0,0,0
58,2004,1,0,0,0,0,0,0,0,0,0,0,0,0,0,0
59,2004,0,0,0,0,0,0,0,0,0,0,0,0,0,0,0
60,2004,1,1,0,0,0,0,0,0,0,0,0,0,0,0,1
61,2004,0,0,0,0,0,0,0,0,0,0,0,0,0,0,0
62,2004,1,0,0,0,0,0,0,0,0,0,0,0,0,0,1
63,2004,0,0,0,0,0,0,0,0,0,0,0,0,0,0,0
64,2004,0,1,0,0,0,0,0,1,1,0,0,0,0,0,1
65,2004,0,0,0,0,0,0,0,0,0,0,1,0,0,0,1
66,2004,1,1,0,0,0,0,0,0,0,0,1,0,0,0,0
67,2004,1,1,0,1,0,0,0,0,0,0,1,0,0,0,1
68,2004,1,1,0,0,0,0,0,0,0,0,0,0,0,0,0
69,2004,1,0,0,0,0,0,0,0,0,0,1,0,0,0,0
70,2004,1,1,0,0,0,0,0,0,0,0,0,0,0,0,0
71,2004,1,1,0,0,0,0,0,1,1,0,1,0,0,0,0
72,2004,0,0,0,0,0,0,0,0,0,0,1,0,0,0,0
73,2004,0,0,0,0,0,0,0,0,0,0,1,0,0,0,0
74,2004,0,1,0,0,0,0,0,0,0,0,1,0,0,0,0
75,2004,0,1,0,0,0,0,0,0,0,0,1,0,0,0,1
76,2004,1,1,0,0,0,0,0,0,0,1,1,0,0,0,0
77,2004,1,1,0,0,0,0,0,0,1,0,1,0,0,0,0
78,2004,0,0,0,0,0,0,0,0,0,0,0,0,0,0,0
79,2004,0,0,0,0,0,0,0,0,0,0,1,0,0,0,1
80,2004,1,1,0,0,0,0,0,0,0,0,0,0,0,0,0
81,2004,0,0,0,0,0,0,0,1,0,0,0,0,0,0,1
82,2004,1,1,0,0,0,0,0,0,0,0,1,0,0,0,0
83,2004,0,0,0,0,0,0,0,0,0,0,0,0,0,0,0
84,2004,0,0,0,0,0,0,0,0,0,0,0,0,0,0,0
85,2004,0,0,0,0,0,0,0,0,0,0,0,0,0,0,0
86,2004,0,0,0,0,0,0,0,0,0,0,0,0,0,0,0
87,2004,0,0,0,0,0,0,0,0,0,0,0,0,0,0,0
88,2004,0,0,0,0,0,0,0,0,0,0,0,0,0,0,0
89,2004,1,1,0,0,0,0,0,0,0,0,1,0,0,0,1
90,2004,0,0,0,0,0,0,0,0,0,0,0,0,0,0,0
91,2004,0,0,0,0,0,0,0,0,0,0,0,0,0,0,0
92,2004,0,0,0,0,0,0,0,0,0,1,0,0,0,0,0
93,2004,1,1,0,0,0,0,0,0,0,0,0,0,0,0,0
94,2004,1,1,0,0,0,0,0,0,0,0,1,0,0,0,1
95,2004,1,1,0,0,0,0,0,1,1,0,1,0,0,0,0
96,2004,1,1,0,0,0,0,0,1,0,0,1,0,0,0,0
97,2004,1,1,0,0,0,0,0,0,0,0,1,0,0,0,0
98,2004,1,0,0,0,0,0,0,0,1,0,0,0,0,0,0
99,2004,1,1,0,0,0,0,0,0,0,0,0,0,0,0,0
100,2004,1,1,0,0,0,0,0,0,0,1,1,0,0,0,1
101,2004,1,0,0,0,0,0,0,0,0,0,0,0,0,0,0
102,2004,0,0,0,0,0,0,1,0,0,0,1,0,0,0,1
103,2004,0,1,0,0,0,0,0,0,0,0,0,0,0,0,0
104,2004,0,0,0,0,0,0,0,1,1,1,1,0,0,0,0
105,2004,0,0,0,0,0,0,0,0,1,0,1,0,0,0,1
106,2004,0,0,0,0,0,0,0,0,0,0,1,0,0,0,0
107,2004,0,0,0,0,0,0,0,0,0,0,0,0,0,0,0
108,2004,1,1,0,0,0,0,0,0,1,0,1,0,0,0,1
109,2004,0,1,0,0,0,0,0,0,0,0,1,0,0,0,1
110,2004,1,1,0,0,0,0,0,0,0,0,1,0,0,0,1
111,2004,1,0,0,0,0,0,0,0,0,0,0,0,0,0,0
112,2004,1,0,0,0,0,0,0,0,0,0,0,0,0,0,0
113,2004,1,1,0,0,0,0,0,0,0,0,1,0,0,0,0
114,2004,1,1,0,0,0,0,0,0,0,1,1,0,0,0,1
115,2004,1,1,0,0,0,0,0,0,0,0,0,0,0,0,0
116,2004,1,1,0,0,0,0,0,0,0,0,1,0,0,0,1
117,2004,1,1,0,0,0,0,0,0,0,0,1,0,0,0,0
118,2004,0,0,0,0,0,0,0,0,0,0,0,0,0,0,0
119,2004,1,1,0,0,0,0,0,0,0,0,1,0,0,0,1
120,2004,1,1,0,0,0,0,0,0,0,0,1,0,0,0,0
121,2004,0,0,0,0,0,0,0,0,0,0,0,0,0,0,1
122,2004,1,1,0,0,0,0,0,0,0,0,1,0,0,0,0
123,2004,0,0,0,0,0,0,0,0,1,0,0,0,0,0,0
124,2004,0,0,0,0,0,0,0,0,0,0,1,0,0,0,0
125,2004,0,0,0,0,0,0,0,0,0,0,0,0,0,0,0
126,2004,0,0,0,0,0,0,0,0,0,0,1,0,0,0,1
127,2004,1,0,0,0,0,0,0,0,0,0,1,0,0,0,0
128,2004,1,1,0,0,0,0,0,0,0,0,1,0,0,0,0
129,2004,0,0,0,0,0,0,0,0,0,0,1,0,0,0,1
130,2004,0,0,0,0,0,0,0,0,0,0,0,0,0,0,0
131,2004,1,1,0,0,0,0,0,0,0,0,0,0,0,0,0
132,2004,1,1,0,0,0,0,0,0,0,0,1,0,0,0,0
133,2004,0,0,0,0,0,0,0,0,0,0,0,0,0,0,0
134,2004,0,0,0,0,0,0,0,0,0,0,1,0,0,0,0
135,2004,0,0,0,0,0,0,0,0,0,0,0,0,0,0,0
136,2004,1,1,0,0,0,0,0,0,0,0,1,0,0,0,0
137,2004,1,1,0,0,0,0,1,1,1,0,1,0,0,0,1
138,2004,1,1,0,0,0,0,0,0,0,0,0,0,0,0,0
139,2004,0,0,0,0,0,0,0,0,0,0,0,0,0,0,0
140,2004,0,0,0,0,0,0,0,0,0,0,0,0,0,0,0
141,2004,1,1,0,0,0,0,0,0,0,0,0,0,0,0,0
142,2004,0,0,0,0,0,0,0,0,0,0,0,0,0,0,0
143,2004,0,0,0,0,0,0,0,0,0,0,0,0,0,0,0
144,2004,0,0,0,0,0,0,0,1,0,0,1,0,0,0,1
145,2004,1,0,0,0,0,0,0,0,0,0,0,0,0,0,0
146,2004,1,1,0,0,0,0,0,0,0,0,1,0,0,0,1
147,2004,1,1,0,0,0,0,0,0,0,0,1,0,0,0,1
148,2004,0,1,0,0,0,0,0,1,1,0,1,0,0,0,1
149,2004,1,1,0,0,0,0,0,0,1,0,1,0,0,0,0
150,2004,1,1,1,0,0,0,1,1,1,0,1,0,0,0,1
151,2004,0,1,0,0,0,0,0,0,0,0,1,0,0,0,1
152,2004,1,1,0,0,0,0,0,0,0,0,1,0,0,0,0
153,2004,1,1,0,0,0,0,0,0,0,0,1,0,0,0,1
154,2004,1,1,0,0,0,0,0,0,0,0,1,0,0,0,0
155,2004,1,1,0,0,0,0,0,0,0,0,1,0,0,0,1
156,2004,1,1,0,0,0,0,1,0,0,0,1,0,0,0,0
157,2004,0,0,0,0,0,0,0,1,1,0,1,0,0,0,1
158,2004,1,1,0,0,0,0,0,0,0,0,0,0,0,0,0
159,2004,1,0,0,0,0,0,0,0,0,0,1,0,0,0,1
160,2004,0,0,0,0,0,0,0,0,0,0,1,0,0,0,1
161,2004,0,1,0,0,0,0,0,0,0,0,0,0,0,0,0
162,2004,0,0,0,0,0,0,0,0,0,0,0,0,0,0,0
163,2004,1,1,0,0,0,0,0,0,0,0,1,0,0,0,0
164,2004,1,1,0,0,0,0,0,0,0,0,0,0,0,0,0
165,2004,1,1,0,0,0,0,0,0,0,0,1,0,0,0,1
166,2004,1,1,0,0,0,0,0,0,0,0,0,0,0,0,0
167,2004,0,1,0,0,0,0,0,0,0,0,1,0,0,0,0
168,2004,0,1,0,0,0,0,1,0,0,0,0,0,0,0,1
169,2004,1,1,1,0,0,0,0,0,0,0,1,0,0,0,1
170,2004,0,0,0,0,0,0,1,0,0,0,1,0,0,0,1
171,2004,1,1,0,0,0,0,0,1,1,0,1,0,0,0,0
172,2004,0,0,0,0,0,0,0,0,1,0,1,0,0,0,1
173,2004,1,1,0,0,0,0,0,0,0,0,1,0,0,0,0
174,2004,1,1,0,0,0,0,0,0,0,0,1,0,0,0,0
175,2004,0,0,0,0,0,0,0,0,0,0,0,0,0,0,0
176,2004,1,0,0,0,0,0,0,0,0,0,0,0,0,0,0
177,2004,1,1,0,0,0,0,0,0,0,0,1,0,0,0,0
178,2004,0,1,0,0,0,0,0,0,0,0,0,0,0,0,0
179,2004,0,0,0,0,0,0,0,0,0,0,0,0,0,0,0
180,2004,1,1,0,0,0,0,0,0,0,0,1,0,0,0,0
181,2004,0,0,0,0,0,0,0,0,0,0,0,0,0,0,0
182,2004,1,1,0,0,0,0,0,0,0,1,1,0,0,0,0
183,2004,1,0,0,0,0,0,0,0,0,0,0,0,0,0,0
184,2004,0,1,0,0,0,0,0,0,0,0,0,0,0,0,0
185,2004,1,1,0,0,0,0,0,0,0,0,0,0,0,0,0
186,2004,1,1,0,0,0,0,0,0,0,0,1,0,0,0,1
187,2004,0,0,0,0,0,0,0,0,1,0,0,0,0,0,0
188,2004,1,1,0,0,0,0,0,0,0,1,1,0,0,0,0
189,2004,0,0,0,0,0,0,0,0,0,0,0,0,0,0,0
190,2004,1,1,0,0,0,0,0,0,0,0,1,0,0,0,0
191,2004,0,0,0,0,0,0,0,0,0,0,0,0,0,0,0
192,2004,1,1,0,0,0,0,0,0,0,0,1,0,0,0,1
193,2004,1,1,0,0,0,0,0,0,0,0,1,0,0,0,0
194,2004,1,1,0,0,0,0,0,0,0,0,1,0,0,0,0
195,2004,1,1,0,0,0,0,0,0,0,0,1,0,0,0,0
196,2004,1,1,0,0,0,0,0,0,0,0,1,0,0,0,1
197,2004,1,1,0,0,0,0,0,1,1,1,1,0,0,0,0
198,2004,1,0,0,0,0,0,0,1,0,0,0,0,0,0,0
199,2004,0,1,0,0,0,0,0,1,1,0,1,0,0,0,1
200,2004,1,1,0,0,0,0,0,0,0,0,1,0,0,0,0
201,2004,0,1,0,0,0,0,0,0,0,0,0,0,0,0,0
202,2004,0,0,0,0,0,0,1,0,0,0,1,0,0,0,0
203,2004,0,1,0,0,0,0,0,0,0,0,0,0,0,0,0
204,2004,1,1,0,0,0,0,1,0,0,0,1,0,0,0,0
205,2004,0,1,0,0,0,0,0,0,0,0,1,0,0,0,0
206,2004,1,1,0,0,0,0,0,0,0,0,1,0,0,0,0
207,2004,0,0,0,0,0,0,0,1,1,0,1,0,0,0,1
208,2004,1,1,0,0,0,0,0,0,0,1,1,0,0,0,0
209,2004,1,1,0,0,0,0,0,0,0,1,0,0,0,0,0
210,2004,1,1,0,0,0,0,0,1,0,0,1,0,0,0,0
211,2004,1,1,0,0,0,0,0,0,0,0,1,0,0,0,0
212,2004,1,1,0,0,0,0,0,1,0,0,1,0,0,0,1
213,2004,1,1,0,0,0,0,1,1,1,0,1,0,0,0,0
214,2004,1,1,0,0,0,0,0,1,1,0,0,0,0,0,0
215,2004,1,1,0,0,0,0,0,1,0,0,1,0,0,0,0
216,2004,1,1,1,0,0,0,0,0,0,0,1,0,0,0,1
217,2004,1,1,0,0,0,0,0,0,1,1,1,0,0,0,1
218,2004,1,0,0,0,0,0,0,0,0,1,0,0,0,0,0
219,2004,0,1,0,0,0,0,0,0,0,0,0,0,0,0,0
220,2004,1,1,0,0,0,0,0,0,0,0,1,0,0,0,0
221,2004,1,1,0,0,0,0,0,0,0,0,1,0,0,0,1
222,2004,1,1,0,0,0,0,1,0,0,0,1,0,0,0,1
223,2004,1,1,0,0,0,0,0,0,0,0,1,0,0,0,1
224,2004,1,1,0,0,0,0,0,1,1,0,1,0,0,0,1
225,2004,1,1,0,0,0,0,0,0,0,0,1,0,0,0,0
226,2004,1,1,0,0,0,0,1,0,0,0,1,0,0,0,1
227,2004,1,1,0,0,0,0,0,0,1,1,1,0,0,0,0
228,2004,1,1,0,0,0,0,0,0,0,0,1,0,0,0,1
229,2004,0,0,0,0,0,0,0,0,0,0,0,0,0,0,0
230,2004,1,0,0,0,0,0,0,0,0,0,0,0,0,0,0
231,2004,1,1,0,0,0,0,0,0,0,0,1,0,0,0,1
232,2004,1,1,0,0,0,0,0,0,0,0,1,0,0,0,0
233,2004,1,1,0,0,0,0,1,0,0,1,1,0,0,0,1
234,2004,1,1,0,0,0,0,0,0,0,0,1,0,0,0,1
235,2004,1,1,0,0,0,0,0,0,0,0,1,0,0,0,0
236,2004,0,1,0,0,0,0,0,1,1,0,1,0,0,0,0
237,2004,1,1,0,0,0,0,0,0,0,0,1,0,0,0,0
238,2004,0,1,0,0,0,0,0,0,0,0,1,0,0,0,0
239,2004,1,1,0,0,0,0,0,1,1,0,1,0,0,0,1
240,2004,1,1,0,0,0,0,0,0,0,0,1,0,0,0,0
241,2004,1,0,0,0,0,0,0,0,0,0,0,0,0,0,0
242,2004,1,1,0,0,0,0,0,1,0,0,1,0,0,0,1
243,2004,1,1,0,0,0,0,0,0,0,0,1,0,0,0,0
244,2004,1,1,0,0,0,0,0,0,0,0,0,0,0,0,1
245,2004,1,1,0,0,0,0,0,0,0,0,1,0,0,0,0
246,2004,1,1,0,0,0,0,0,0,1,0,1,0,0,0,0
247,2004,0,0,0,0,0,0,0,0,0,0,1,0,0,0,1
248,2004,0,0,0,0,0,0,0,0,0,1,0,0,0,0,0
249,2004,1,0,0,0,0,0,0,0,0,0,0,0,0,0,0
250,2004,1,1,0,0,0,0,0,1,1,0,1,0,0,0,0
251,2004,1,1,0,0,0,0,0,0,0,0,1,0,0,0,1
252,2004,0,0,0,0,0,0,0,0,0,0,1,0,0,0,0
253,2004,1,0,0,0,0,0,0,0,0,0,0,0,0,0,1
254,2004,1,1,0,0,0,0,0,0,0,0,1,0,0,0,1
255,2004,1,1,0,0,0,0,0,0,0,0,0,0,0,0,1
256,2004,1,1,0,0,0,0,0,0,0,0,0,0,0,0,0
257,2004,1,1,0,0,0,0,0,0,0,0,1,0,0,0,1
258,2004,1,1,0,0,0,0,0,0,0,0,0,0,0,0,1
259,2004,1,1,0,0,0,0,0,0,0,0,1,0,0,0,0
260,2004,1,1,0,0,0,0,0,0,0,0,1,0,0,0,0
261,2004,1,1,0,0,0,0,0,0,0,0,0,0,0,0,0
262,2004,1,1,0,0,0,0,0,0,0,0,1,0,0,1,0
263,2004,1,1,0,0,0,0,0,1,1,1,1,0,0,0,0
264,2004,1,1,0,0,0,0,0,0,0,0,0,0,0,0,1
265,2004,1,0,1,0,0,0,0,0,0,0,1,0,0,0,1
266,2004,0,1,0,0,0,0,0,0,0,0,0,0,0,0,0
267,2004,1,1,0,0,0,0,0,0,0,0,1,0,0,0,0
268,2004,1,1,0,0,0,0,0,1,1,0,1,0,0,0,1
269,2004,1,1,0,0,0,0,0,0,1,1,1,0,0,0,0
270,2004,1,1,0,0,0,0,0,0,0,0,0,0,0,0,0
271,2004,1,1,0,0,0,0,0,0,0,0,1,0,0,0,0
272,2004,1,1,0,0,0,0,0,0,0,0,1,0,0,0,0
273,2004,1,1,0,0,0,0,0,0,0,0,1,0,0,0,0
274,2004,1,1,0,0,0,0,0,0,0,0,1,0,0,0,1
275,2004,1,1,0,0,0,0,0,0,0,0,1,0,0,0,0
276,2004,1,1,0,0,0,0,0,1,1,0,0,0,0,0,0
277,2004,0,0,0,0,0,0,0,0,0,0,1,0,0,0,1
278,2004,1,1,0,0,0,0,0,0,0,0,0,0,0,0,0
279,2004,1,1,1,0,0,0,0,0,0,0,1,0,0,0,0
280,2004,1,1,0,0,0,0,0,0,0,0,0,0,0,0,0
281,2004,1,0,0,0,0,0,1,0,0,0,0,0,0,0,0
282,2004,0,0,0,0,0,0,0,0,0,0,0,0,0,0,0
283,2004,1,1,0,0,0,0,0,1,1,0,1,0,0,0,0
284,2004,1,1,0,0,0,0,0,0,0,1,1,0,0,0,0
285,2004,0,1,0,0,0,0,0,0,0,0,1,0,0,0,1
286,2004,1,1,0,0,0,0,0,0,0,0,0,0,0,0,0
287,2004,1,1,0,0,0,0,0,0,1,0,1,0,0,0,0
288,2004,0,0,0,0,0,0,0,0,0,0,0,0,0,0,0
289,2004,1,1,0,0,0,0,0,0,0,0,0,0,0,0,0
290,2004,1,0,0,0,0,0,1,0,0,0,0,0,0,0,0
291,2004,0,1,0,0,0,0,0,1,0,0,1,0,0,0,1
292,2004,1,0,0,0,0,0,0,0,1,0,0,0,0,0,1
293,2004,1,0,0,0,0,0,0,0,0,0,0,0,0,0,0
294,2004,1,1,0,0,0,0,0,0,0,0,0,1,0,0,1
295,2004,0,1,0,0,0,0,0,0,0,0,0,0,0,0,0
296,2004,0,0,0,0,0,0,0,0,0,0,0,0,0,0,0
297,2004,1,1,0,0,0,0,0,0,0,0,1,0,0,0,0
298,2004,1,1,0,0,0,0,0,0,0,0,1,0,0,0,0
299,2004,1,1,0,0,0,0,0,0,0,0,0,0,0,0,1
300,2004,1,1,0,0,0,0,0,0,0,0,0,0,0,0,0
1,2005,1,1,0,0,0,0,0,0,0,0,0,0,0,0,1
2,2005,1,1,0,0,0,0,1,0,0,0,0,0,0,0,0
3,2005,1,1,0,0,0,0,0,0,0,0,1,0,0,0,0
4,2005,1,1,0,0,0,0,0,0,0,0,1,0,0,0,1
5,2005,1,1,0,0,0,0,0,0,0,0,0,0,0,0,0
6,2005,0,0,0,0,0,0,0,0,0,0,0,0,0,0,0
7,2005,1,1,0,0,0,0,0,0,0,0,0,0,0,0,0
8,2005,1,1,0,0,0,0,0,0,0,0,0,0,0,0,0
9,2005,1,0,0,0,0,0,0,0,0,0,0,0,0,0,0
10,2005,1,1,0,0,0,0,0,0,0,0,1,0,0,0,1
11,2005,1,1,0,0,0,0,0,0,0,0,0,0,0,0,0
12,2005,1,1,0,0,0,0,0,0,0,0,1,0,0,0,1
13,2005,1,1,0,0,0,0,0,0,0,0,0,0,0,0,1
14,2005,1,1,0,0,0,0,0,0,0,0,0,0,0,0,1
15,2005,1,1,0,0,0,0,0,0,0,0,1,0,0,0,0
16,2005,1,0,0,0,0,0,0,0,0,0,1,0,0,0,0
17,2005,1,1,0,0,0,0,0,1,0,0,0,0,0,0,0
18,2005,0,1,0,0,0,0,0,0,0,0,0,0,0,0,0
19,2005,0,0,0,0,0,0,0,0,0,0,1,0,0,0,1
20,2005,1,1,0,0,0,0,0,1,1,0,0,0,0,0,0
21,2005,1,1,0,0,0,0,0,0,0,0,0,0,0,0,0
22,2005,1,0,0,0,0,0,0,0,0,0,1,0,0,0,1
23,2005,1,1,0,0,0,0,0,0,0,0,0,0,0,0,1
24,2005,1,1,0,0,0,0,0,0,0,0,0,0,0,0,1
25,2005,0,0,0,0,0,0,0,0,0,0,1,0,0,0,1
26,2005,1,0,0,0,0,0,0,0,0,0,1,0,0,0,0
27,2005,0,1,0,0,0,0,0,0,0,0,0,0,0,0,1
28,2005,1,1,0,0,0,0,0,0,0,0,0,0,0,0,1
29,2005,1,0,0,0,0,0,0,0,0,0,1,0,0,0,1
30,2005,1,1,0,0,0,0,0,0,0,0,1,0,0,0,1
31,2005,1,1,0,0,0,0,0,0,0,0,0,1,0,0,0
32,2005,1,1,0,0,0,0,0,0,0,0,0,0,0,0,0
33,2005,1,1,0,0,0,0,0,0,0,0,0,0,0,0,0
34,2005,0,1,0,0,0,0,1,1,1,0,1,0,0,0,0
35,2005,1,1,0,0,0,0,0,0,0,0,0,0,0,0,0
36,2005,0,1,0,0,0,0,0,0,0,0,0,0,0,0,0
37,2005,0,1,0,0,0,0,0,0,0,0,0,0,0,0,0
38,2005,1,1,1,0,0,0,0,0,0,0,1,0,0,0,1
39,2005,1,0,0,0,0,0,0,1,1,0,0,0,0,0,0
40,2005,1,1,0,0,0,0,0,0,0,0,0,0,0,0,1
41,2005,1,1,0,0,0,0,0,0,0,0,1,0,0,0,0
42,2005,1,1,0,0,0,0,0,1,1,0,1,0,0,0,1
43,2005,0,0,0,0,0,0,0,1,1,0,1,0,0,0,0
44,2005,1,0,0,0,0,0,0,0,0,0,1,0,0,0,0
45,2005,0,0,0,0,0,0,0,0,0,0,0,0,0,0,0
46,2005,1,1,0,0,0,0,0,0,0,0,1,0,0,0,0
47,2005,0,0,0,0,0,0,0,0,0,0,0,0,0,0,0
48,2005,1,1,0,0,0,0,0,0,0,0,0,0,0,0,0
49,2005,0,1,0,0,0,0,0,0,0,0,1,0,0,0,1
50,2005,1,0,0,0,0,0,0,0,0,0,0,0,0,0,1
51,2005,0,1,0,0,0,0,0,0,0,0,0,0,0,0,1
52,2005,1,1,0,0,0,0,0,0,0,0,0,0,0,0,1
53,2005,1,1,0,0,0,0,0,0,0,0,1,0,0,0,0
54,2005,1,1,0,0,0,0,0,0,0,0,0,0,0,0,0
55,2005,1,1,0,0,0,0,0,0,0,0,0,0,0,0,0
56,2005,1,1,0,0,0,0,0,0,0,0,0,0,0,0,0
57,2005,0,0,0,0,0,0,0,0,0,0,0,0,0,0,0
58,2005,0,1,0,0,0,0,0,0,0,0,0,0,0,0,0
59,2005,0,0,0,0,0,0,0,0,0,0,0,0,0,0,0
60,2005,1,1,0,0,0,0,0,0,0,0,0,0,0,0,0
61,2005,0,0,0,0,0,0,0,1,1,0,0,0,0,0,0
62,2005,1,1,0,0,0,0,0,0,0,0,1,0,0,0,1
63,2005,0,0,0,0,1,0,0,0,0,0,1,0,0,0,1
64,2005,1,1,0,0,0,0,0,1,1,0,0,0,0,0,0
65,2005,1,1,0,0,0,0,1,0,0,0,1,0,0,0,1
66,2005,0,1,0,0,0,0,0,0,0,0,0,0,0,0,0
67,2005,1,1,0,0,0,0,0,0,0,0,0,0,0,0,0
68,2005,1,1,0,0,0,0,0,0,0,0,0,0,0,0,0
69,2005,1,1,0,0,0,0,0,0,0,0,0,0,0,0,0
70,2005,1,1,0,0,0,0,0,0,0,0,0,0,0,0,0
71,2005,1,1,0,0,0,0,0,0,0,0,0,0,0,0,1
72,2005,1,1,0,0,0,0,0,0,0,0,0,0,0,0,1
73,2005,1,1,0,0,0,0,0,0,0,0,0,0,0,0,1
74,2005,1,1,0,0,0,0,0,0,0,0,0,0,0,0,0
75,2005,1,1,0,0,0,0,0,0,0,0,1,0,0,0,0
76,2005,1,1,0,0,0,0,0,0,0,0,0,0,0,0,0
77,2005,1,1,0,0,0,0,0,0,0,0,0,0,0,0,1
78,2005,0,0,0,0,0,0,0,0,0,0,0,0,0,0,0
79,2005,1,1,0,0,0,0,0,0,0,0,0,0,0,0,1
80,2005,1,1,0,0,0,0,0,0,0,0,0,0,0,0,0
81,2005,1,0,0,0,0,0,0,0,0,0,0,0,0,0,0
82,2005,1,1,0,0,0,0,0,0,0,0,0,0,0,0,1
83,2005,1,1,0,0,0,0,0,0,0,0,0,0,0,0,1
84,2005,0,0,0,0,0,0,0,0,0,0,1,0,0,0,1
85,2005,0,0,0,0,0,0,0,0,0,0,1,0,0,0,0
86,2005,1,0,0,0,0,0,0,1,0,0,0,0,0,0,0
87,2005,1,0,0,0,0,0,0,0,0,0,0,0,0,0,1
88,2005,1,1,0,0,0,0,0,0,0,0,0,0,0,0,1
89,2005,1,1,0,0,0,0,0,0,0,0,0,0,0,0,1
90,2005,1,0,0,0,0,0,0,0,0,0,0,0,0,0,0
91,2005,0,1,0,0,0,0,0,0,0,0,0,1,0,0,1
92,2005,0,1,0,0,0,0,0,0,0,0,0,0,0,0,1
93,2005,1,1,0,0,0,0,0,0,0,0,0,0,0,0,1
94,2005,1,1,0,0,0,0,0,0,0,0,0,0,0,0,0
95,2005,1,1,0,0,0,0,0,0,0,0,0,0,0,0,1
96,2005,1,1,0,0,0,0,0,0,0,0,0,0,0,0,0
97,2005,1,1,0,0,0,0,0,0,0,0,1,0,0,0,1
98,2005,1,1,0,0,0,0,0,0,0,0,0,0,0,0,1
99,2005,1,1,0,0,0,0,0,0,0,0,1,0,0,0,1
100,2005,1,1,0,0,0,0,0,0,0,0,0,0,0,0,1
101,2005,0,1,0,0,0,0,0,0,0,0,0,0,0,0,1
102,2005,1,1,0,0,0,0,0,0,0,0,0,0,0,0,1
103,2005,1,1,0,0,0,0,0,0,0,0,1,0,0,0,0
104,2005,1,1,0,0,0,0,0,0,0,0,0,0,0,0,1
105,2005,1,1,0,0,0,0,0,0,0,0,0,0,0,0,0
106,2005,0,1,0,0,0,0,0,0,0,0,0,0,0,0,0
107,2005,0,0,0,0,0,0,1,0,0,0,0,0,0,0,0
108,2005,1,1,0,0,0,0,0,0,0,0,0,0,0,0,1
109,2005,0,1,0,0,0,0,0,0,0,0,1,0,0,0,0
110,2005,0,1,0,0,0,0,0,0,0,0,1,0,0,0,1
111,2005,0,0,0,0,0,0,0,0,0,0,0,0,0,0,0
112,2005,1,1,0,0,0,0,0,0,0,0,0,0,0,0,1
113,2005,1,1,0,0,0,0,1,0,0,0,1,0,0,0,1
114,2005,1,1,0,0,0,0,0,0,0,0,0,0,0,0,1
115,2005,1,1,0,0,0,0,0,0,0,0,1,0,0,0,0
116,2005,1,0,0,0,0,0,0,0,0,0,0,0,0,0,0
117,2005,0,0,0,0,0,0,0,0,0,0,1,0,0,0,0
118,2005,1,1,0,0,0,0,0,0,0,0,1,0,0,0,0
119,2005,1,0,0,0,0,0,0,0,0,0,0,1,0,0,1
120,2005,1,1,0,0,0,0,0,0,0,0,0,0,0,0,0
121,2005,1,1,0,0,0,0,0,0,0,0,1,0,0,0,1
122,2005,1,1,0,0,0,0,0,0,0,0,0,0,0,0,1
123,2005,1,1,0,0,0,0,0,0,0,0,0,0,0,0,0
124,2005,0,0,0,0,0,0,0,0,0,0,0,0,0,0,1
125,2005,1,1,0,0,0,0,0,0,0,0,0,0,0,0,1
126,2005,1,1,0,0,0,0,1,0,0,0,0,0,0,0,0
127,2005,1,1,0,0,0,0,0,0,0,0,0,0,0,0,0
128,2005,1,1,0,0,0,0,0,0,0,0,0,0,0,0,1
129,2005,0,1,0,0,0,0,0,0,0,0,0,0,0,0,0
130,2005,1,1,0,0,0,0,0,0,0,0,0,0,0,0,0
131,2005,1,1,0,0,0,0,0,0,0,0,0,0,0,0,0
132,2005,1,1,0,0,0,0,0,0,0,0,0,0,0,0,0
133,2005,1,1,0,0,0,0,0,0,0,0,1,0,0,0,1
134,2005,0,1,0,0,0,0,0,0,0,0,0,0,0,0,0
135,2005,1,0,0,0,0,0,0,0,0,0,0,0,0,0,0
136,2005,0,1,0,0,0,0,0,0,0,0,0,0,0,0,0
137,2005,1,1,0,0,0,0,0,0,0,0,0,0,0,0,0
138,2005,1,1,0,0,0,0,0,0,0,0,0,0,0,0,0
139,2005,0,0,0,0,0,0,0,0,0,0,0,0,0,0,1
140,2005,0,0,0,0,0,0,0,0,1,0,0,0,0,0,0
141,2005,1,0,0,0,0,0,0,0,0,0,0,0,0,0,1
142,2005,1,1,0,0,0,0,0,0,0,0,0,0,0,0,1
143,2005,1,1,1,0,0,0,0,0,0,0,1,0,0,0,1
144,2005,0,1,0,0,0,0,0,0,0,0,1,0,0,0,1
145,2005,1,1,0,0,0,0,0,0,0,0,1,0,0,0,0
146,2005,1,1,0,0,0,0,0,0,0,0,1,0,0,0,0
147,2005,1,1,0,0,0,0,0,0,0,0,1,1,0,0,0
148,2005,0,1,0,0,0,0,0,0,0,0,1,0,0,0,1
149,2005,1,1,1,0,0,0,1,0,0,0,0,0,0,0,0
150,2005,1,1,0,0,0,0,0,0,0,0,1,0,0,0,1
151,2005,1,1,0,0,0,0,0,0,0,0,0,0,0,0,1
152,2005,1,1,0,0,0,0,0,0,0,0,0,0,0,0,0
153,2005,1,1,0,0,0,0,0,0,0,0,1,0,0,0,0
154,2005,1,1,0,0,0,0,0,0,0,0,0,0,0,0,0
155,2005,1,1,0,0,0,0,0,0,0,0,0,0,0,0,0
156,2005,1,0,0,0,0,0,0,0,0,0,0,0,0,0,0
157,2005,1,1,0,0,0,0,0,0,0,0,0,0,0,0,1
158,2005,1,1,0,0,0,0,1,0,0,0,0,0,0,0,1
159,2005,1,1,0,0,0,0,0,0,0,0,0,0,0,0,0
160,2005,1,1,0,0,0,0,0,0,0,0,1,0,0,0,0
161,2005,1,1,0,0,0,0,0,0,0,0,0,0,0,0,1
162,2005,0,0,0,0,0,0,0,0,0,0,0,0,0,0,0
163,2005,1,1,0,0,0,0,0,0,0,0,0,0,0,0,1
164,2005,1,0,0,0,0,0,0,0,0,0,0,0,0,0,0
165,2005,1,1,0,0,0,0,0,0,0,0,1,0,0,0,0
166,2005,1,0,0,0,0,0,0,0,0,0,0,0,0,0,0
167,2005,1,1,0,0,0,0,0,0,0,0,0,0,0,0,0
168,2005,1,1,0,0,0,0,0,0,0,0,0,0,0,0,0
169,2005,1,1,0,0,0,0,0,0,0,0,1,0,0,0,0
170,2005,0,1,0,0,0,0,0,0,0,0,0,0,0,0,1
171,2005,0,1,0,0,0,0,1,0,0,0,0,0,0,0,1
172,2005,1,0,0,0,0,0,0,0,0,0,0,0,0,0,0
173,2005,0,1,0,0,0,0,0,0,0,0,1,0,0,0,0
174,2005,1,1,0,0,0,0,0,0,0,0,1,0,0,0,0
175,2005,1,0,0,0,0,0,0,0,0,0,0,0,0,0,0
176,2005,1,1,0,0,0,0,0,0,0,0,0,0,0,0,1
177,2005,1,1,0,0,0,0,0,0,0,0,0,0,0,0,1
178,2005,1,1,0,0,0,0,0,0,0,0,1,0,0,0,0
179,2005,1,1,0,0,1,0,0,0,0,0,0,1,0,0,1
180,2005,1,1,0,0,0,0,0,0,0,0,0,0,0,0,0
181,2005,1,0,0,0,0,0,0,1,0,0,1,0,0,0,1
182,2005,1,1,0,0,0,0,0,0,0,0,0,0,0,0,1
183,2005,1,0,0,0,0,0,1,1,1,0,0,0,0,0,1
184,2005,1,1,0,0,0,0,0,0,0,0,0,0,0,0,1
185,2005,1,1,0,0,0,0,0,0,0,0,0,0,0,0,0
186,2005,1,1,0,0,0,0,0,0,0,0,1,0,0,0,1
187,2005,1,1,0,0,0,0,0,0,0,0,0,0,0,0,0
188,2005,1,1,0,0,0,0,0,0,0,0,1,0,0,0,1
189,2005,1,0,0,0,0,0,0,0,0,0,0,0,0,0,0
190,2005,0,1,0,0,0,0,0,0,0,0,1,0,0,0,0
191,2005,0,1,0,0,0,0,0,1,1,0,0,0,0,0,0
192,2005,0,1,0,0,0,0,0,0,0,0,0,1,0,0,1
193,2005,1,1,0,0,0,0,0,0,0,0,0,0,0,0,0
194,2005,0,1,0,0,0,0,0,0,0,0,1,0,0,0,1
195,2005,0,1,0,0,0,0,0,0,0,0,1,0,0,0,0
196,2005,1,1,0,0,0,0,0,0,0,0,0,0,0,0,0
197,2005,1,1,0,0,0,0,0,0,0,0,0,0,0,0,0
198,2005,1,1,0,0,0,0,0,0,0,0,0,0,0,0,0
199,2005,1,1,0,0,0,0,0,0,0,0,1,0,0,0,1
200,2005,1,1,0,0,1,0,0,0,0,0,0,1,0,0,0
201,2005,1,1,0,0,0,0,0,1,0,0,0,0,0,0,1
202,2005,0,1,0,0,0,0,0,0,0,0,0,0,0,0,0
203,2005,1,1,0,0,0,0,0,0,0,0,0,0,0,0,1
204,2005,0,1,0,0,0,0,0,0,0,0,0,0,0,0,0
205,2005,1,1,0,0,0,0,0,0,0,0,0,0,0,0,0
206,2005,1,1,0,0,0,0,0,0,0,0,1,0,0,0,0
207,2005,1,0,0,0,0,0,0,0,0,0,0,0,0,0,0
208,2005,1,1,0,0,0,0,0,0,0,0,0,0,0,0,0
209,2005,1,1,0,0,0,0,0,0,0,0,0,0,0,0,0
210,2005,1,1,0,0,0,0,0,0,0,0,0,0,0,0,1
211,2005,0,1,0,0,0,0,0,0,0,0,0,0,0,0,1
212,2005,0,1,0,0,0,0,0,0,0,0,0,0,0,0,0
213,2005,1,1,0,0,0,0,0,0,0,0,0,0,0,0,0
214,2005,1,1,0,0,0,0,0,0,0,0,0,0,0,0,0
215,2005,1,1,0,0,0,0,0,0,0,0,0,0,0,0,0
216,2005,1,1,0,0,0,0,0,0,0,0,0,0,0,0,1
217,2005,1,1,0,0,0,0,1,0,0,0,1,0,0,0,0
218,2005,1,1,0,0,0,0,0,0,0,0,1,0,0,0,1
219,2005,0,0,0,0,0,0,0,0,0,0,1,0,0,0,1
220,2005,0,1,0,0,0,0,0,0,0,0,0,0,0,0,0
221,2005,0,0,0,0,0,0,0,0,0,0,0,0,0,0,1
222,2005,0,1,0,0,0,0,0,1,1,0,1,0,0,0,0
223,2005,1,1,0,0,0,0,0,0,0,1,1,0,0,0,0
224,2005,1,1,0,0,0,0,0,0,0,0,1,0,0,0,1
225,2005,1,1,0,0,0,0,0,0,0,0,1,0,0,0,0
226,2005,0,1,0,0,0,0,0,0,0,0,0,0,0,0,0
227,2005,1,1,0,0,0,0,0,0,0,0,0,0,0,0,0
228,2005,1,1,0,0,0,0,0,0,0,0,1,0,0,0,0
229,2005,1,1,0,0,0,0,0,0,0,0,0,0,0,0,1
230,2005,1,1,0,0,0,0,0,0,0,0,0,0,0,0,0
231,2005,1,1,0,0,0,0,0,0,0,0,1,0,0,0,0
232,2005,1,1,0,0,0,0,0,0,0,0,1,0,0,0,0
233,2005,1,1,0,0,0,0,0,0,0,0,1,0,0,0,0
234,2005,1,1,0,0,0,0,0,0,0,0,1,0,0,0,0
235,2005,1,0,0,0,0,0,0,0,0,0,0,0,0,0,1
236,2005,1,1,0,0,0,0,0,0,0,0,0,0,0,0,1
237,2005,1,1,0,0,0,0,0,0,0,0,0,0,0,0,1
238,2005,0,1,0,0,0,0,0,0,0,0,0,0,0,0,0
239,2005,1,1,0,0,0,0,0,0,0,0,0,0,0,0,1
240,2005,1,1,0,0,0,0,0,0,0,0,0,0,0,0,1
241,2005,0,1,0,0,0,0,0,0,0,0,0,0,0,0,0
242,2005,1,0,0,0,0,0,0,0,0,0,1,0,0,0,0
243,2005,0,1,0,0,0,0,0,0,0,0,0,0,0,0,0
244,2005,1,1,0,0,0,0,0,0,0,0,0,0,0,0,1
245,2005,1,1,0,0,0,0,0,0,0,0,0,0,0,0,0
246,2005,0,1,0,0,0,0,0,0,0,0,0,0,0,0,0
247,2005,0,1,0,0,0,0,0,0,0,0,0,0,0,0,0
248,2005,1,1,0,0,0,0,0,0,0,0,0,0,0,0,0
249,2005,1,1,1,0,0,0,0,0,0,0,0,1,0,0,0
250,2005,1,1,0,0,0,0,0,0,0,0,0,0,0,0,1
251,2005,1,1,0,0,0,0,0,0,0,0,0,0,0,0,0
252,2005,1,0,0,0,0,0,0,0,0,0,0,0,0,0,0
253,2005,0,1,0,0,0,0,0,0,0,0,0,0,0,0,0
254,2005,1,1,0,0,0,0,0,0,0,0,0,0,0,0,0
255,2005,0,1,0,0,0,0,0,0,0,0,1,0,0,0,0
256,2005,1,1,0,0,0,0,0,0,0,0,0,0,0,0,0
257,2005,1,1,0,0,0,0,0,0,0,0,1,0,0,0,0
258,2005,1,1,0,0,0,0,0,0,0,0,0,0,0,0,0
259,2005,1,1,0,0,0,0,0,0,0,0,1,0,0,0,0
260,2005,1,1,0,0,0,0,0,0,0,0,0,0,0,0,0
261,2005,1,1,0,0,0,0,0,0,0,0,1,0,0,0,0
262,2005,1,1,0,0,0,0,0,0,0,0,1,0,0,0,0
263,2005,1,1,0,0,0,0,0,0,0,0,1,0,0,0,0
264,2005,1,1,0,0,0,0,0,0,0,0,1,0,0,0,0
265,2005,0,1,1,0,0,0,0,1,0,0,0,0,0,0,0
266,2005,0,1,0,0,0,0,0,0,0,0,0,0,0,0,0
267,2005,1,1,0,0,0,0,0,0,0,0,1,0,0,0,0
268,2005,1,0,0,0,0,0,0,0,0,0,0,0,0,0,0
269,2005,1,1,0,0,0,0,0,0,0,0,0,0,0,0,0
270,2005,1,1,0,0,0,0,0,0,0,0,0,0,0,0,0
271,2005,1,1,0,0,0,0,0,0,0,0,1,0,0,0,0
272,2005,0,1,0,0,0,0,0,0,0,0,0,0,0,0,1
273,2005,1,1,0,0,0,0,0,0,0,0,0,0,0,0,0
274,2005,0,1,0,0,0,0,0,0,0,0,1,0,0,0,0
275,2005,1,1,0,0,0,0,0,0,0,0,0,0,0,0,0
276,2005,1,1,0,0,0,0,0,0,0,0,1,0,0,0,1
277,2005,0,1,0,0,0,0,1,0,0,0,1,0,0,0,0
278,2005,1,1,0,0,0,0,0,0,0,0,1,0,0,0,1
279,2005,1,1,0,0,0,0,0,0,0,0,1,0,0,0,1
280,2005,1,1,0,0,0,0,0,0,0,0,1,0,0,0,1
281,2005,0,1,0,0,0,0,0,0,0,0,0,0,0,0,1
282,2005,1,1,0,0,0,0,0,0,0,0,1,0,0,0,0
283,2005,1,1,0,0,0,0,0,0,0,0,0,0,0,0,1
284,2005,1,1,0,0,0,0,0,0,0,0,0,0,0,0,1
285,2005,1,1,0,0,0,0,0,0,0,0,0,0,0,0,1
286,2005,1,0,0,0,0,0,0,0,0,0,0,0,0,0,0
287,2005,1,1,0,0,0,0,0,0,0,0,1,0,0,0,0
288,2005,1,0,0,0,0,0,0,0,0,0,0,0,0,0,0
289,2005,1,1,0,0,0,0,0,0,0,0,0,0,0,0,1
290,2005,0,0,0,0,0,0,0,0,0,0,0,0,0,0,0
291,2005,1,1,0,0,0,0,0,0,0,0,0,0,0,0,0
292,2005,1,1,0,0,0,0,0,0,0,0,1,0,0,0,0
293,2005,1,1,0,0,0,0,0,0,0,0,1,0,0,0,0
294,2005,1,1,0,0,0,0,0,0,0,0,0,0,0,0,0
295,2005,0,1,0,0,0,0,0,0,0,0,0,0,0,0,0
296,2005,1,1,0,0,0,0,0,0,0,0,1,0,0,0,0
297,2005,1,1,0,0,0,0,0,0,0,0,0,0,0,0,0
298,2005,1,1,0,0,0,0,0,0,0,0,0,0,0,0,0
299,2005,1,1,0,0,0,0,0,0,0,0,1,0,0,0,0
300,2005,0,1,0,0,0,0,0,0,0,0,0,0,0,0,1
1,2006,0,1,1,0,0,0,0,0,0,0,0,0,0,0,0
2,2006,1,1,0,0,0,0,0,0,0,0,0,0,0,0,0
3,2006,0,1,0,0,0,0,0,0,0,1,0,0,0,0,1
4,2006,0,0,0,0,0,0,0,0,0,0,0,0,0,0,0
5,2006,1,1,0,0,0,0,0,0,0,0,0,0,0,0,0
6,2006,0,0,0,0,0,0,0,0,0,0,0,0,0,0,0
7,2006,1,1,0,0,0,0,0,0,0,0,0,0,0,0,1
8,2006,1,1,0,0,0,0,0,0,0,0,0,0,0,0,0
9,2006,1,0,0,0,0,0,0,0,0,0,0,0,0,0,0
10,2006,0,1,0,0,0,0,0,0,0,0,0,0,0,0,0
11,2006,1,1,0,0,0,1,0,1,0,0,0,0,0,0,0
12,2006,1,1,0,0,0,0,0,0,0,1,0,0,0,0,1
13,2006,1,0,1,0,0,0,0,0,0,0,1,0,0,0,0
14,2006,1,1,0,0,0,0,0,0,0,0,1,0,0,0,0
15,2006,1,0,1,0,0,0,0,0,0,0,0,0,0,0,0
16,2006,0,0,0,0,0,0,0,0,0,0,0,0,0,0,0
17,2006,0,1,1,0,0,0,1,1,0,0,1,0,0,0,1
18,2006,0,0,0,0,0,0,0,0,0,0,0,0,0,0,0
19,2006,0,1,0,0,0,0,0,0,0,0,0,0,0,0,0
20,2006,0,1,0,0,0,0,0,0,0,0,0,0,0,0,0
21,2006,1,0,0,0,0,0,0,1,0,0,0,0,0,0,0
22,2006,1,1,0,0,0,0,0,0,0,0,0,0,0,0,0
23,2006,1,1,0,0,0,0,0,0,0,0,0,0,0,0,0
24,2006,0,0,0,0,0,0,0,0,0,0,0,0,0,0,0
25,2006,0,0,0,0,0,0,0,0,0,0,0,0,0,0,0
26,2006,1,1,0,0,0,0,0,0,0,0,0,0,0,0,0
27,2006,0,0,0,0,0,0,0,0,1,0,1,0,0,0,0
28,2006,1,1,0,0,0,0,0,0,0,0,0,0,0,0,0
29,2006,0,0,0,0,0,0,0,0,1,0,0,0,0,0,0
30,2006,0,1,0,0,0,0,0,0,0,0,0,0,0,0,0
31,2006,1,1,0,0,0,0,0,0,0,0,1,0,0,0,0
32,2006,0,1,0,0,0,0,0,0,0,0,0,0,0,0,0
33,2006,1,1,0,0,0,0,0,0,0,0,0,0,0,0,0
34,2006,1,1,0,0,0,0,0,0,0,0,0,0,0,0,0
35,2006,0,1,0,0,0,0,0,0,0,0,0,0,0,0,0
36,2006,0,0,0,0,0,0,0,0,0,0,0,0,0,0,0
37,2006,0,1,0,0,0,0,0,0,0,0,0,0,0,0,0
38,2006,0,0,0,0,0,0,0,0,0,0,0,0,0,0,0
39,2006,0,0,0,0,0,0,0,0,0,0,0,0,0,0,0
40,2006,0,0,0,0,0,0,0,0,0,0,0,0,0,0,0
41,2006,0,0,0,0,0,0,0,0,0,0,0,0,0,0,0
42,2006,1,1,1,0,0,0,0,0,1,0,1,0,0,0,0
43,2006,0,0,0,0,0,0,0,1,0,1,0,0,0,0,0
44,2006,1,1,0,0,0,0,0,0,0,1,0,0,0,0,0
45,2006,0,0,0,0,0,0,0,0,0,0,0,0,0,0,0
46,2006,0,1,0,0,0,0,0,0,0,0,0,0,0,0,0
47,2006,0,0,1,0,0,0,0,0,0,0,1,0,0,0,0
48,2006,1,1,0,0,0,0,0,0,0,0,1,0,0,0,1
49,2006,0,0,0,0,0,0,0,0,0,0,1,0,0,0,0
50,2006,0,1,0,0,0,0,0,0,0,0,0,0,0,0,0
51,2006,0,0,0,0,0,0,0,0,0,0,0,0,0,0,0
52,2006,0,1,0,0,0,0,0,0,0,0,0,0,0,0,0
53,2006,1,1,0,0,0,0,0,0,0,0,1,0,0,0,0
54,2006,0,1,0,0,0,0,0,0,0,0,0,0,0,0,0
55,2006,1,1,0,0,0,0,0,0,0,0,1,0,0,0,0
56,2006,0,1,0,0,0,0,0,0,0,0,0,0,0,0,1
57,2006,0,1,0,0,0,0,0,0,0,0,0,0,0,0,0
58,2006,0,0,0,0,0,0,0,0,0,0,0,0,0,0,0
59,2006,0,0,0,0,0,0,0,0,0,0,1,0,0,0,0
60,2006,1,1,0,0,0,0,0,0,0,0,0,0,0,0,1
61,2006,0,1,0,0,0,0,0,0,0,0,0,0,0,0,0
62,2006,1,0,0,0,0,0,0,0,0,0,0,0,0,0,0
63,2006,0,0,0,0,0,0,0,0,0,0,0,0,0,0,0
64,2006,0,0,0,0,0,0,0,0,0,0,1,0,0,0,0
65,2006,1,1,0,0,0,0,0,0,0,1,0,0,0,0,0
66,2006,1,0,0,0,0,0,0,0,0,0,0,0,0,0,0
67,2006,1,1,0,0,0,0,0,0,0,0,1,0,0,0,0
68,2006,1,0,0,0,0,0,0,0,0,0,0,0,0,0,0
69,2006,1,1,0,0,0,0,0,0,0,0,0,0,0,0,0
70,2006,1,1,0,0,0,0,0,0,0,0,1,0,0,0,0
71,2006,1,1,0,0,0,0,0,0,0,1,0,0,0,0,0
72,2006,1,1,0,0,0,0,0,0,0,0,0,0,0,0,0
73,2006,1,1,0,0,0,0,0,0,0,0,0,0,0,0,0
74,2006,0,1,0,0,0,0,0,0,0,0,0,0,0,0,0
75,2006,1,1,0,0,0,0,0,0,0,0,0,0,0,0,0
76,2006,1,1,0,0,0,0,0,0,0,0,0,0,0,0,1
77,2006,1,1,0,0,0,0,0,0,0,1,0,0,0,0,1
78,2006,0,0,0,0,0,0,0,0,0,0,0,0,0,0,0
79,2006,1,1,0,0,0,0,0,0,0,0,0,0,0,0,0
80,2006,0,0,0,0,0,0,0,0,0,0,1,0,0,0,0
81,2006,0,1,0,0,0,0,0,0,0,1,0,0,0,0,0
82,2006,1,1,0,0,0,0,0,0,0,1,0,0,0,0,0
83,2006,1,1,0,0,0,0,0,0,0,0,0,0,0,0,1
84,2006,0,0,0,0,0,0,0,0,0,0,0,0,0,0,0
85,2006,1,1,0,0,0,0,0,0,0,0,0,0,0,0,0
86,2006,0,0,0,0,0,0,0,0,0,0,0,0,0,0,0
87,2006,0,0,0,0,0,0,0,0,0,0,0,0,0,0,0
88,2006,0,1,0,0,0,0,0,0,0,0,0,0,0,0,0
89,2006,1,1,0,0,0,0,0,1,0,0,1,0,0,0,0
90,2006,0,0,0,0,0,0,0,0,0,0,0,0,0,0,0
91,2006,0,0,0,0,0,0,0,0,0,0,0,0,0,0,0
92,2006,1,1,0,0,0,0,0,0,0,0,0,0,0,0,0
93,2006,1,1,0,0,0,0,0,0,0,1,0,0,0,0,1
94,2006,1,1,0,0,0,0,0,0,0,0,0,0,0,0,0
95,2006,1,1,0,0,0,0,0,0,0,0,0,0,0,0,0
96,2006,1,0,0,0,0,0,0,0,0,0,0,0,0,0,0
97,2006,1,1,0,0,0,0,0,0,0,0,0,0,0,0,0
98,2006,1,1,0,0,0,0,0,0,0,0,1,0,0,0,0
99,2006,1,1,0,0,0,0,0,0,0,0,0,0,0,0,1
100,2006,1,1,0,0,0,0,0,0,0,0,0,0,0,0,1
101,2006,1,1,0,0,0,0,1,0,0,0,0,0,0,0,1
102,2006,0,0,0,0,0,0,0,0,0,0,1,0,0,0,0
103,2006,0,0,0,0,0,0,0,0,0,0,0,0,0,0,0
104,2006,1,1,0,0,0,0,0,0,0,1,0,0,0,0,0
105,2006,1,1,0,0,0,0,0,0,0,0,0,0,0,0,0
106,2006,0,0,0,0,0,0,0,0,0,0,0,0,0,0,0
107,2006,0,0,0,0,0,0,0,0,0,0,0,0,0,0,0
108,2006,1,1,0,0,0,0,0,0,0,0,0,0,0,0,0
109,2006,1,1,0,0,0,0,0,0,0,0,1,0,0,0,0
110,2006,1,1,0,0,0,0,0,0,0,0,0,0,0,0,0
111,2006,1,0,0,0,0,0,0,0,0,0,0,0,0,0,0
112,2006,1,1,1,0,0,0,0,0,0,0,0,0,0,0,0
113,2006,1,1,0,0,0,0,0,0,0,0,1,0,0,0,1
114,2006,1,1,0,0,0,0,0,0,0,0,0,0,0,0,0
115,2006,1,1,0,0,0,0,0,0,0,0,0,0,0,0,1
116,2006,1,1,0,0,0,0,0,0,0,1,1,0,0,0,0
117,2006,0,1,0,0,0,0,0,0,0,0,1,0,0,0,0
118,2006,0,1,0,0,0,0,1,0,0,0,1,0,0,0,0
119,2006,1,1,0,0,0,0,1,0,0,0,0,0,0,0,0
120,2006,1,1,0,0,0,0,0,0,0,0,1,0,0,0,0
121,2006,0,1,0,0,0,0,0,0,0,0,0,0,0,0,0
122,2006,1,1,0,0,0,0,0,0,0,1,0,0,0,0,0
123,2006,1,0,0,0,0,0,0,0,0,0,0,0,0,0,0
124,2006,0,0,0,0,0,0,0,0,0,0,0,0,0,0,0
125,2006,1,0,0,0,0,0,0,0,0,0,0,0,0,0,0
126,2006,0,0,0,0,0,0,0,0,0,0,0,0,0,0,0
127,2006,1,0,0,0,0,0,0,1,0,0,1,0,0,0,1
128,2006,0,0,0,0,0,0,0,0,0,0,0,0,0,0,0
129,2006,0,1,0,0,0,0,0,1,0,0,0,0,0,0,0
130,2006,1,1,0,0,0,0,0,0,0,0,1,0,0,0,0
131,2006,1,0,1,0,0,0,0,1,0,0,1,0,0,0,0
132,2006,1,1,0,0,0,0,0,1,0,0,0,0,0,0,0
133,2006,0,1,0,0,0,0,1,0,0,0,1,0,0,0,0
134,2006,0,1,0,0,1,0,0,0,0,1,0,0,0,0,0
135,2006,0,0,0,0,0,0,0,0,0,0,0,0,0,0,0
136,2006,1,1,0,0,0,0,0,0,0,0,0,0,0,0,0
137,2006,1,1,1,0,0,0,0,0,0,0,0,0,0,0,0
138,2006,1,1,0,0,0,0,1,0,0,0,1,0,0,0,0
139,2006,0,0,0,0,0,0,0,0,0,0,0,0,0,0,0
140,2006,0,0,0,0,0,0,0,0,0,0,0,0,0,0,0
141,2006,1,1,0,0,0,0,0,0,0,0,0,0,0,0,0
142,2006,1,0,1,0,0,0,0,0,0,0,0,0,0,0,0
143,2006,0,0,0,0,0,0,0,0,0,0,0,0,0,0,0
144,2006,1,1,0,0,0,0,0,0,0,0,0,1,0,0,0
145,2006,1,1,0,0,0,0,0,0,0,0,0,0,0,0,0
146,2006,1,1,0,0,0,0,0,0,0,0,1,0,0,0,0
147,2006,1,1,0,0,0,0,0,0,0,0,0,0,0,0,0
148,2006,0,1,0,0,0,0,1,0,0,0,0,0,0,0,0
149,2006,1,1,1,0,0,0,0,0,1,0,0,0,0,0,1
150,2006,1,1,1,0,0,0,1,0,0,0,1,1,0,0,0
151,2006,1,1,0,0,0,0,0,0,0,0,0,0,0,0,1
152,2006,1,1,0,0,0,0,0,0,0,0,0,0,0,0,0
153,2006,1,1,0,0,0,0,0,0,0,0,0,0,0,0,0
154,2006,1,1,0,0,0,0,0,0,0,0,1,0,0,0,0
155,2006,1,1,0,0,0,0,0,0,0,0,0,0,0,0,0
156,2006,1,1,1,0,0,0,0,0,0,0,1,0,0,0,1
157,2006,0,0,1,0,0,0,0,0,0,0,0,0,0,0,0
158,2006,1,1,0,0,0,0,0,0,0,0,1,0,0,0,1
159,2006,1,1,0,0,0,0,0,0,0,0,0,0,0,0,0
160,2006,1,1,0,0,0,0,0,0,0,0,0,0,0,0,0
161,2006,1,1,0,0,0,0,0,0,0,0,0,0,0,0,0
162,2006,0,0,1,0,0,0,1,0,0,0,1,0,0,0,0
163,2006,1,1,0,0,0,0,0,0,0,0,0,0,0,0,0
164,2006,1,1,0,0,0,0,0,0,0,0,1,0,0,0,1
165,2006,0,1,0,0,0,0,1,1,0,0,1,0,0,0,1
166,2006,0,0,1,0,0,0,0,0,0,0,0,0,0,0,0
167,2006,1,1,0,0,0,0,0,0,0,0,0,0,0,0,0
168,2006,1,1,0,0,0,0,0,0,1,0,1,0,0,0,0
169,2006,1,1,1,0,0,0,0,0,1,0,0,0,0,0,0
170,2006,0,1,0,0,0,0,1,0,0,0,1,0,0,0,0
171,2006,0,0,0,0,0,1,0,0,0,0,0,0,0,0,0
172,2006,0,1,0,0,0,0,0,0,0,1,0,0,0,0,0
173,2006,1,1,0,0,0,0,0,0,0,0,0,0,0,0,1
174,2006,1,1,0,0,0,0,0,0,0,0,1,0,0,0,0
175,2006,0,0,0,0,0,0,0,0,0,0,0,0,0,0,0
176,2006,1,1,0,0,0,0,0,1,0,0,0,0,0,0,1
177,2006,1,1,0,0,0,0,0,0,0,0,0,0,0,0,1
178,2006,0,1,0,0,0,0,0,0,0,0,0,1,0,0,0
179,2006,0,1,0,0,0,0,0,0,0,0,0,0,0,0,1
180,2006,1,1,1,0,0,0,0,0,0,0,1,0,0,0,0
181,2006,0,1,0,0,0,0,1,1,1,0,0,0,0,0,1
182,2006,1,1,0,0,0,0,0,0,0,0,1,0,0,0,1
183,2006,0,0,0,0,0,0,0,0,0,0,0,0,0,0,0
184,2006,1,1,0,0,0,0,0,0,0,0,1,0,0,0,0
185,2006,1,0,0,0,0,0,0,0,0,0,1,0,0,0,1
186,2006,1,1,0,0,0,0,0,0,0,0,0,0,0,0,1
187,2006,1,1,0,0,0,0,1,0,0,0,1,0,0,0,0
188,2006,1,1,1,0,0,0,1,0,0,0,1,0,0,0,1
189,2006,1,0,0,0,0,0,0,0,0,0,0,0,0,0,0
190,2006,0,1,0,0,0,0,0,0,0,0,0,0,0,0,0
191,2006,0,0,0,0,0,0,0,0,0,0,0,0,0,0,0
192,2006,1,1,0,0,0,0,0,0,0,0,0,0,0,0,0
193,2006,1,1,0,0,0,0,0,0,0,0,0,0,0,0,0
194,2006,1,1,0,0,0,0,0,0,0,0,0,0,0,0,0
195,2006,1,1,0,0,0,0,0,0,0,0,0,0,0,0,1
196,2006,1,1,0,0,0,0,1,0,0,0,1,0,0,0,0
197,2006,1,1,0,0,0,0,0,0,0,0,0,0,0,0,1
198,2006,1,1,0,0,0,0,0,0,0,0,0,0,0,0,0
199,2006,1,1,0,0,0,0,0,0,0,0,0,0,0,0,0
200,2006,0,1,0,0,0,0,0,0,0,0,0,0,0,0,1
201,2006,1,0,0,0,0,0,0,1,1,0,0,0,0,0,0
202,2006,0,0,0,0,0,0,0,0,0,0,0,0,0,0,0
203,2006,1,0,0,0,0,0,0,0,0,0,0,0,0,0,0
204,2006,1,1,0,0,0,0,0,1,1,0,0,0,0,0,0
205,2006,1,1,0,0,0,0,0,0,0,0,0,0,0,0,1
206,2006,1,1,0,0,0,0,0,0,0,0,0,0,0,0,1
207,2006,0,0,0,0,0,0,0,0,0,0,0,0,0,0,0
208,2006,1,1,0,0,0,0,0,0,0,0,0,0,0,0,0
209,2006,1,0,0,0,0,0,0,0,0,0,0,0,0,0,0
210,2006,1,1,0,0,0,0,0,0,0,1,0,0,0,0,0
211,2006,1,1,0,0,0,0,0,0,0,0,0,0,0,0,0
212,2006,1,1,0,0,0,0,0,0,0,0,1,0,0,0,0
213,2006,1,1,0,0,0,0,1,1,0,0,1,0,0,0,1
214,2006,1,1,0,0,0,0,0,0,0,0,0,0,0,0,0
215,2006,1,1,1,0,0,0,0,1,0,0,1,0,0,0,0
216,2006,0,1,0,0,0,0,0,0,0,0,0,0,0,0,0
217,2006,1,1,0,0,0,0,1,1,1,1,1,0,0,1,0
218,2006,1,1,0,0,0,0,1,1,1,0,1,0,0,0,0
219,2006,0,1,0,0,0,0,0,0,0,0,1,0,0,0,1
220,2006,1,1,0,0,0,0,0,0,0,0,0,0,0,0,0
221,2006,1,1,0,0,0,0,0,0,0,0,0,0,0,0,0
222,2006,1,1,0,0,0,0,0,0,0,0,1,0,0,0,1
223,2006,1,1,1,0,0,0,0,0,0,0,1,0,0,0,0
224,2006,1,1,0,0,0,0,0,0,0,0,0,0,0,0,1
225,2006,1,1,0,0,0,0,0,0,0,0,1,0,0,0,0
226,2006,1,1,0,0,0,0,0,0,0,0,0,0,0,0,0
227,2006,1,1,0,0,0,0,0,0,0,0,1,0,0,0,0
228,2006,1,1,0,0,0,0,0,0,0,0,0,0,0,0,0
229,2006,1,1,0,0,0,0,1,1,1,0,0,0,0,0,0
230,2006,0,1,1,0,0,0,0,0,0,0,0,0,0,0,1
231,2006,1,1,0,0,0,0,0,0,0,0,1,0,0,0,0
232,2006,1,1,0,0,0,0,0,0,0,0,0,0,0,0,0
233,2006,1,1,0,0,0,0,0,0,0,0,1,0,0,0,0
234,2006,1,1,0,0,0,0,0,0,0,0,0,0,0,0,0
235,2006,1,1,0,0,0,0,0,0,0,0,0,0,0,0,1
236,2006,1,1,1,0,0,0,0,0,0,0,1,0,0,0,0
237,2006,1,1,1,0,0,0,0,0,0,1,0,0,0,0,0
238,2006,1,1,0,0,0,0,0,0,0,0,1,0,0,0,0
239,2006,1,1,0,0,0,0,0,0,0,0,0,0,0,0,0
240,2006,1,1,0,0,0,0,0,0,0,0,0,0,0,0,0
241,2006,0,1,0,0,0,0,0,0,0,0,0,0,0,0,1
242,2006,0,1,0,0,0,0,0,0,0,0,1,1,0,0,0
243,2006,1,1,0,0,0,0,0,0,0,0,0,0,0,0,1
244,2006,1,1,0,0,0,0,0,0,0,0,0,0,0,0,0
245,2006,1,1,0,0,0,0,0,0,0,0,0,0,0,0,1
246,2006,1,0,0,0,0,0,0,1,0,0,1,0,0,0,0
247,2006,0,0,0,0,0,0,0,0,0,0,0,0,0,0,0
248,2006,1,1,0,0,0,0,0,0,0,0,0,0,0,0,0
249,2006,1,1,0,0,0,0,0,0,0,0,1,0,0,0,0
250,2006,1,1,0,0,0,0,0,0,0,1,0,0,0,0,1
251,2006,1,1,0,0,0,0,0,0,0,0,1,0,0,0,0
252,2006,0,0,1,0,0,0,0,0,0,0,0,0,0,0,0
253,2006,1,1,0,0,0,0,0,0,0,0,0,0,0,0,0
254,2006,1,1,0,0,0,0,0,0,0,0,1,0,0,0,0
255,2006,1,1,0,0,0,0,1,0,0,0,1,0,0,0,0
256,2006,1,1,0,0,0,0,0,0,0,0,0,0,0,0,1
257,2006,1,1,0,0,0,0,0,0,0,0,0,0,0,0,0
258,2006,1,1,0,0,0,0,0,0,0,0,0,0,0,0,1
259,2006,1,1,0,0,0,0,0,0,0,0,0,0,0,0,0
260,2006,1,1,0,0,0,0,0,0,0,0,0,0,0,0,0
261,2006,1,1,0,0,0,0,0,0,0,0,0,0,0,0,0
262,2006,1,1,0,0,0,0,0,0,0,0,1,0,0,0,0
263,2006,1,1,0,0,0,0,1,0,0,0,1,0,0,0,0
264,2006,1,1,0,0,0,0,0,0,0,0,0,0,0,0,1
265,2006,1,1,0,0,0,0,0,1,1,0,0,0,0,0,0
266,2006,1,1,0,0,0,0,0,0,0,0,0,0,0,0,0
267,2006,1,1,0,0,0,0,0,0,0,0,0,0,0,0,0
268,2006,1,1,1,0,0,0,1,0,0,0,1,0,0,0,0
269,2006,1,1,0,0,0,0,0,0,0,0,0,0,0,0,0
270,2006,1,1,0,0,0,0,0,0,0,0,0,0,0,0,0
271,2006,1,1,1,0,0,0,1,1,0,0,1,0,0,0,0
272,2006,1,1,0,0,0,0,0,0,0,0,0,0,0,0,1
273,2006,1,1,0,0,0,0,0,0,0,0,1,0,0,0,0
274,2006,1,1,0,0,0,0,0,0,0,0,0,0,0,0,0
275,2006,1,1,0,0,0,0,0,0,0,0,0,0,0,0,0
276,2006,1,1,0,0,0,0,0,0,0,0,1,0,0,0,0
277,2006,0,1,0,0,0,0,0,0,0,1,0,0,0,0,0
278,2006,1,1,0,0,0,0,0,0,0,0,1,0,0,0,0
279,2006,1,1,0,0,0,0,0,0,0,1,0,0,0,0,1
280,2006,0,1,0,0,0,0,0,0,0,0,0,0,0,0,1
281,2006,1,1,1,0,0,0,0,0,0,0,1,0,0,0,1
282,2006,0,1,0,0,0,0,0,0,0,0,0,0,0,0,0
283,2006,1,1,0,0,0,0,0,0,0,0,1,0,0,0,1
284,2006,1,1,0,0,0,0,0,0,0,0,0,0,0,0,0
285,2006,1,1,0,0,0,0,0,0,0,0,0,0,0,0,0
286,2006,1,1,0,0,0,0,0,0,0,0,0,0,0,0,0
287,2006,1,1,0,0,0,0,0,0,0,0,0,0,0,0,0
288,2006,0,0,0,0,0,0,0,0,0,0,0,0,0,0,0
289,2006,1,1,0,0,0,0,0,0,0,0,0,0,0,0,0
290,2006,1,1,0,0,0,0,0,0,0,0,1,0,0,0,0
291,2006,1,1,0,0,0,0,0,0,0,0,0,0,0,0,0
292,2006,1,1,0,0,0,0,0,0,0,0,0,0,0,0,0
293,2006,1,1,0,0,0,0,1,0,0,0,0,0,0,0,0
294,2006,1,1,0,0,0,0,0,0,0,0,1,0,0,0,1
295,2006,1,1,0,0,0,0,0,0,0,0,0,0,0,0,0
296,2006,0,1,0,0,0,0,0,0,0,0,0,0,0,0,0
297,2006,1,1,0,0,0,0,1,0,0,0,1,0,0,0,0
298,2006,1,1,0,0,0,0,0,0,0,0,0,0,0,0,0
299,2006,1,1,0,0,0,0,0,0,0,0,0,0,0,0,1
300,2006,1,1,0,0,0,0,0,0,0,0,0,0,0,0,0
1,2007,0,1,0,0,0,0,0,1,1,1,0,0,0,0,0
2,2007,0,0,0,0,0,0,0,0,0,0,0,0,0,0,0
3,2007,0,0,0,0,0,0,0,1,1,0,0,0,0,0,0
4,2007,0,0,1,0,0,0,1,1,1,0,1,0,0,0,0
5,2007,0,0,0,0,0,0,0,0,1,0,0,0,0,1,0
6,2007,0,0,0,0,0,0,0,1,1,0,1,0,0,0,1
7,2007,1,1,0,0,0,0,0,0,0,0,0,0,0,0,1
8,2007,0,1,1,0,0,0,0,1,1,0,0,0,0,0,1
9,2007,0,0,0,0,0,0,0,1,1,0,0,0,0,0,0
10,2007,0,1,0,0,0,0,0,1,1,0,0,0,0,0,0
11,2007,1,1,0,0,0,0,0,0,0,0,0,0,0,0,0
12,2007,1,1,0,0,0,0,0,0,0,0,1,0,0,0,1
13,2007,1,1,0,0,0,0,0,0,0,1,0,0,0,0,1
14,2007,1,1,0,0,0,0,0,0,0,0,0,0,0,0,1
15,2007,0,0,0,0,0,0,0,0,0,0,0,0,0,0,0
16,2007,0,0,0,0,0,0,0,1,1,0,0,0,0,0,0
17,2007,1,1,0,0,0,0,1,1,1,0,1,0,0,0,1
18,2007,0,1,0,0,0,0,0,1,0,0,0,0,0,0,0
19,2007,0,1,0,0,0,0,0,1,1,0,0,0,0,0,0
20,2007,0,0,0,0,0,0,0,0,0,0,1,0,0,1,1
21,2007,1,0,0,0,0,0,0,0,0,0,0,0,0,0,1
22,2007,0,0,0,0,0,0,0,0,0,0,0,0,0,0,0
23,2007,0,0,0,0,0,0,0,0,0,0,0,0,0,0,0
24,2007,0,0,0,0,0,0,0,0,0,0,0,0,0,0,0
25,2007,0,0,0,0,0,0,0,1,1,0,0,0,0,0,1
26,2007,0,0,0,0,0,0,0,0,0,0,0,0,0,0,0
27,2007,0,1,1,0,0,0,0,1,1,0,1,0,0,1,0
28,2007,0,0,0,0,0,0,0,0,0,0,0,0,0,0,0
29,2007,0,1,0,0,0,0,0,0,0,0,1,0,0,0,0
30,2007,1,0,0,0,0,0,0,1,1,0,1,0,0,0,1
31,2007,1,1,0,0,0,0,0,0,0,0,1,0,0,0,1
32,2007,1,0,0,0,0,0,0,1,0,0,0,0,0,0,1
33,2007,1,1,0,0,0,0,1,0,0,0,1,0,0,0,1
34,2007,1,1,0,0,0,0,0,1,1,0,1,0,0,0,1
35,2007,0,0,0,0,0,0,0,1,1,0,0,0,0,0,0
36,2007,0,0,0,0,0,0,0,0,0,0,0,0,0,0,0
37,2007,0,0,0,0,0,0,0,0,0,0,1,0,0,0,1
38,2007,0,0,0,0,0,0,0,0,0,0,0,0,0,0,0
39,2007,0,0,0,0,0,0,0,0,0,0,0,0,0,0,0
40,2007,0,0,0,0,0,0,0,0,0,0,0,0,0,0,0
41,2007,0,0,0,0,0,0,0,0,0,0,0,0,0,0,0
42,2007,0,0,0,0,0,0,0,0,0,0,0,0,0,0,0
43,2007,0,0,0,0,0,0,0,0,0,0,0,0,0,0,0
44,2007,0,0,0,0,0,0,0,0,1,0,0,0,0,0,0
45,2007,0,0,0,0,0,0,0,0,0,0,1,0,0,0,0
46,2007,1,0,0,0,0,0,0,1,1,0,0,0,0,0,1
47,2007,0,0,0,0,0,0,0,0,0,0,0,0,0,0,0
48,2007,1,1,0,0,0,0,1,0,0,0,1,0,0,0,0
49,2007,0,1,1,0,0,0,0,1,1,0,1,0,0,0,1
50,2007,0,0,0,0,0,0,0,0,0,0,0,0,0,0,0
51,2007,0,0,0,0,0,0,0,0,0,0,0,0,0,0,0
52,2007,0,1,0,0,0,0,0,0,0,0,1,0,0,0,0
53,2007,1,1,0,0,0,0,0,0,0,0,1,0,0,0,0
54,2007,0,1,0,0,0,0,0,0,1,0,1,0,0,0,1
55,2007,1,1,0,0,0,0,0,0,0,0,0,0,0,0,0
56,2007,0,0,0,0,0,0,0,1,1,0,0,0,0,0,0
57,2007,0,0,0,0,0,0,0,0,0,0,0,0,0,0,1
58,2007,1,1,0,0,0,0,0,0,0,0,1,0,0,0,1
59,2007,1,1,0,0,0,0,0,1,0,0,0,0,0,0,0
60,2007,1,1,0,0,0,0,0,0,0,0,0,0,0,0,0
61,2007,0,0,0,0,0,0,0,0,0,0,0,0,0,0,0
62,2007,0,0,0,0,0,0,0,0,0,0,0,0,0,0,0
63,2007,0,0,0,0,0,0,0,0,0,0,0,0,0,0,0
64,2007,0,0,1,0,0,0,0,1,0,0,1,0,0,0,1
65,2007,0,0,0,0,0,0,0,0,0,0,0,0,0,0,0
66,2007,0,1,0,0,0,0,0,0,0,0,0,0,0,0,0
67,2007,1,1,0,0,0,0,0,0,0,0,1,0,0,0,1
68,2007,1,1,0,0,0,0,0,0,0,0,1,0,0,0,1
69,2007,1,1,0,0,0,0,0,0,0,0,0,0,0,0,1
70,2007,1,1,0,0,0,0,0,1,1,0,0,0,0,0,1
71,2007,1,1,0,0,0,0,0,1,0,0,0,0,0,0,0
72,2007,0,0,0,0,0,0,0,1,0,0,0,0,0,0,0
73,2007,1,1,0,0,0,0,0,0,0,0,0,0,0,0,0
74,2007,1,1,0,0,0,0,0,1,1,0,0,0,0,0,0
75,2007,1,1,0,0,0,0,0,0,1,0,1,0,0,0,1
76,2007,1,1,0,0,0,0,0,0,0,0,1,0,0,0,1
77,2007,1,0,0,0,0,0,0,0,0,1,0,0,0,0,1
78,2007,0,0,0,0,0,0,0,0,0,0,0,0,0,0,0
79,2007,0,0,0,0,0,0,0,0,1,0,0,0,0,0,0
80,2007,0,0,0,0,0,0,0,0,0,0,0,0,0,0,0
81,2007,0,0,0,0,0,0,0,1,1,0,1,0,0,0,1
82,2007,1,1,0,0,0,0,0,0,1,0,0,0,0,0,0
83,2007,1,1,0,0,0,0,0,0,0,1,0,0,0,0,1
84,2007,0,0,0,0,0,0,0,0,0,0,0,0,0,0,0
85,2007,1,0,0,0,0,0,0,0,0,0,0,1,0,0,0
86,2007,0,0,0,0,0,0,0,0,0,0,0,0,0,0,0
87,2007,0,0,0,0,0,0,0,0,0,0,0,0,0,0,0
88,2007,0,0,0,0,0,0,0,0,0,0,0,0,0,0,0
89,2007,1,1,0,0,0,0,0,0,0,0,0,0,0,0,1
90,2007,0,0,0,0,0,0,0,0,0,0,0,0,0,0,1
91,2007,0,1,0,0,0,0,0,1,1,1,0,0,0,0,0
92,2007,0,1,0,0,0,0,0,1,0,0,0,0,0,0,0
93,2007,1,1,0,0,0,0,0,0,0,0,0,0,0,0,1
94,2007,1,1,0,0,0,0,0,1,0,0,1,0,0,0,0
95,2007,1,1,0,0,0,0,0,0,0,0,0,0,0,0,1
96,2007,1,1,0,0,0,0,0,0,0,0,0,0,0,0,0
97,2007,0,0,0,0,0,0,0,0,0,0,0,0,0,0,0
98,2007,1,0,0,0,0,0,0,1,1,0,0,0,0,0,1
99,2007,1,1,0,0,0,0,0,1,0,0,1,0,0,0,0
100,2007,1,1,0,0,0,0,0,1,0,0,1,0,0,0,1
101,2007,1,1,0,0,0,0,1,0,0,0,0,0,0,0,1
102,2007,0,0,0,0,0,0,0,0,0,0,0,0,0,0,0
103,2007,0,0,1,0,0,0,0,0,0,0,1,0,0,1,1
104,2007,1,1,1,1,0,0,0,1,0,1,0,0,0,0,1
105,2007,0,0,0,0,0,0,0,0,0,0,0,0,0,0,0
106,2007,0,0,0,0,0,0,0,0,0,0,0,0,0,0,0
107,2007,0,0,0,0,0,0,1,1,1,0,0,0,0,0,1
108,2007,1,1,0,0,0,0,0,1,0,0,0,0,0,0,1
109,2007,1,1,0,0,0,0,0,0,1,0,1,0,0,0,1
110,2007,1,0,0,0,0,0,0,1,1,0,0,0,0,0,1
111,2007,1,0,0,0,0,0,0,1,1,0,0,0,0,0,0
112,2007,1,0,0,0,0,0,0,1,0,0,0,0,0,0,0
113,2007,0,0,0,0,0,0,0,1,1,0,0,0,0,0,0
114,2007,0,1,0,0,0,0,0,1,1,0,0,0,0,0,1
115,2007,0,1,0,0,0,0,0,1,0,0,0,0,0,0,0
116,2007,1,1,0,0,0,0,0,0,0,0,0,0,0,0,1
117,2007,1,1,0,0,0,0,0,0,0,0,1,0,0,0,0
118,2007,0,0,0,0,0,0,0,0,0,0,0,0,0,0,0
119,2007,0,0,0,0,0,0,0,1,1,0,0,0,0,0,0
120,2007,1,1,0,0,0,0,0,0,0,0,0,0,0,0,1
121,2007,0,0,0,0,0,0,0,0,0,0,0,0,0,0,0
122,2007,1,1,0,0,0,0,0,0,1,1,0,0,0,0,1
123,2007,0,0,0,0,0,0,0,0,0,0,0,0,0,0,0
124,2007,0,0,0,0,0,0,0,0,0,0,0,0,0,0,0
125,2007,0,0,0,0,0,0,0,0,1,0,0,0,0,0,1
126,2007,0,0,0,0,0,0,0,0,0,0,0,0,0,0,0
127,2007,0,0,0,0,0,0,0,0,0,0,0,0,0,0,1
128,2007,1,1,0,0,0,0,0,0,1,0,0,0,0,0,0
129,2007,0,0,1,0,0,0,1,1,1,0,1,0,0,1,1
130,2007,0,1,0,0,0,0,0,0,0,0,0,0,0,0,0
131,2007,1,1,0,0,0,0,0,0,1,1,0,0,0,0,1
132,2007,0,0,0,0,1,0,0,1,1,0,0,0,0,0,0
133,2007,0,0,0,0,0,0,0,0,0,0,1,0,0,0,0
134,2007,0,0,0,0,0,0,0,0,0,0,1,0,0,0,1
135,2007,0,0,0,0,0,0,0,0,0,0,0,0,0,0,0
136,2007,1,1,0,0,0,0,0,0,0,0,0,0,0,0,1
137,2007,1,1,1,0,0,0,0,1,1,0,1,0,0,0,1
138,2007,1,1,0,0,0,0,0,1,1,0,1,0,0,0,1
139,2007,0,0,0,0,0,0,0,1,1,0,0,0,0,0,0
140,2007,0,0,0,0,0,0,0,0,0,0,0,0,0,0,0
141,2007,0,0,0,0,0,0,0,0,0,0,0,0,0,0,0
142,2007,0,0,0,0,0,0,0,0,0,0,0,0,0,0,0
143,2007,1,0,0,0,0,0,0,1,0,0,0,0,0,0,0
144,2007,0,0,0,0,0,0,0,0,1,0,0,0,0,0,0
145,2007,1,0,0,0,0,0,0,1,1,0,0,0,0,0,0
146,2007,1,1,0,0,0,0,0,0,0,0,1,0,0,0,1
147,2007,1,1,0,0,0,0,0,0,0,0,1,0,0,0,1
148,2007,0,1,0,0,0,0,0,1,1,0,0,0,0,0,0
149,2007,1,1,0,0,0,0,0,0,0,0,1,0,0,0,1
150,2007,1,1,0,0,0,0,0,1,1,0,0,0,0,0,1
151,2007,1,1,0,0,0,0,0,0,0,0,0,0,0,0,0
152,2007,1,1,0,0,0,0,0,0,0,0,0,0,0,0,0
153,2007,1,1,0,0,0,0,0,0,0,0,1,0,0,0,0
154,2007,1,1,0,0,0,0,0,0,0,0,0,0,0,0,0
155,2007,1,1,0,0,0,0,0,1,0,0,0,0,0,0,1
156,2007,1,1,0,0,0,0,0,1,1,0,1,0,0,0,1
157,2007,1,1,1,0,0,0,0,1,0,0,0,0,0,0,1
158,2007,0,0,0,0,0,0,0,0,0,0,0,0,0,0,1
159,2007,0,1,0,0,0,0,0,1,1,0,1,0,0,0,0
160,2007,0,1,0,0,0,0,1,1,1,0,1,0,0,0,0
161,2007,0,0,0,0,0,0,0,0,0,0,0,0,0,0,0
162,2007,0,0,0,0,0,0,0,0,0,0,0,0,0,0,0
163,2007,0,0,0,0,0,0,0,0,0,0,0,0,0,0,1
164,2007,1,1,0,0,0,0,0,0,0,0,1,0,0,0,0
165,2007,0,1,0,0,0,0,0,0,0,0,0,0,0,0,1
166,2007,0,1,0,0,0,0,0,0,1,0,1,0,0,0,1
167,2007,1,0,0,0,0,0,0,0,0,0,0,0,0,0,1
168,2007,0,1,0,0,0,0,0,0,0,0,0,0,0,0,0
169,2007,1,1,1,0,0,0,0,1,1,0,1,0,0,0,1
170,2007,0,0,0,0,0,0,1,0,1,0,0,0,0,0,0
171,2007,1,1,0,0,0,0,0,1,1,0,0,0,0,0,0
172,2007,0,0,0,0,0,0,0,0,0,0,1,0,0,0,1
173,2007,1,1,0,0,0,0,0,0,0,0,1,0,0,0,1
174,2007,1,1,0,0,0,0,0,1,0,0,1,0,0,0,1
175,2007,0,1,0,0,0,0,0,0,1,0,0,0,0,0,0
176,2007,1,1,0,0,0,0,1,1,1,0,1,0,0,0,1
177,2007,1,1,0,0,0,0,0,0,0,0,0,0,0,0,0
178,2007,0,0,0,0,0,0,0,0,1,0,0,0,0,0,0
179,2007,0,0,0,0,0,0,0,0,0,0,0,0,0,0,1
180,2007,0,1,0,0,0,0,0,1,0,0,0,0,0,0,0
181,2007,0,0,1,0,0,0,0,1,1,0,1,0,0,0,1
182,2007,1,1,0,0,0,0,0,0,1,0,1,0,0,0,0
183,2007,0,1,1,0,0,0,0,1,1,0,0,0,0,0,0
184,2007,1,1,0,0,0,0,0,0,0,0,1,0,0,0,0
185,2007,1,1,0,0,0,0,0,0,0,0,0,0,0,0,1
186,2007,1,1,0,0,0,0,0,0,0,0,1,0,0,0,1
187,2007,0,1,0,0,0,0,0,1,1,0,0,0,0,0,0
188,2007,1,1,0,0,0,0,1,0,0,0,1,0,0,0,1
189,2007,0,0,0,0,0,0,0,1,1,1,0,0,0,0,0
190,2007,1,1,0,0,0,0,0,0,0,0,0,0,0,0,1
191,2007,0,0,0,0,0,0,0,1,1,0,0,0,0,0,0
192,2007,1,1,0,0,0,0,0,0,0,0,0,0,0,0,1
193,2007,1,1,0,0,0,0,0,0,0,0,0,0,0,0,1
194,2007,1,1,0,0,0,0,0,1,1,0,1,0,0,0,1
195,2007,1,1,0,0,0,0,0,0,0,0,1,0,0,0,1
196,2007,1,1,0,0,0,0,0,0,0,0,0,0,0,0,0
197,2007,1,1,0,0,0,0,0,0,1,0,1,0,0,0,0
198,2007,1,1,0,0,0,0,0,0,0,0,1,0,0,0,1
199,2007,1,1,0,0,0,0,0,0,0,0,1,0,0,0,0
200,2007,1,1,0,0,0,0,0,0,0,0,1,0,0,0,1
201,2007,1,1,0,0,1,0,1,1,1,0,1,1,0,0,1
202,2007,0,0,0,0,0,0,0,0,0,0,0,0,0,0,0
203,2007,0,1,0,0,0,0,0,1,0,0,1,0,0,0,1
204,2007,0,0,0,0,1,0,0,1,1,0,1,0,0,0,0
205,2007,1,1,0,0,0,0,0,0,0,0,0,0,0,0,0
206,2007,1,1,0,0,0,0,0,0,0,1,1,0,0,0,1
207,2007,0,1,1,0,0,0,1,0,0,0,1,0,0,1,1
208,2007,1,1,0,0,0,0,0,1,0,0,1,0,0,0,1
209,2007,1,1,0,0,0,0,0,0,1,0,0,0,0,0,0
210,2007,1,1,0,0,0,0,0,1,0,0,0,0,0,0,1
211,2007,1,1,0,0,0,0,0,0,0,0,1,0,0,0,0
212,2007,1,1,0,0,0,0,0,1,1,1,0,0,0,0,0
213,2007,0,0,0,0,0,0,0,1,1,0,1,0,0,0,0
214,2007,0,1,0,0,0,0,0,0,0,0,1,0,0,0,1
215,2007,1,1,0,0,0,0,0,0,1,0,1,0,0,0,1
216,2007,0,1,0,0,0,0,0,1,1,0,0,0,0,0,0
217,2007,1,1,0,0,0,0,1,0,1,0,1,0,0,0,1
218,2007,1,1,0,0,0,0,0,1,0,0,1,0,0,0,1
219,2007,1,1,0,0,0,0,0,0,0,0,0,0,0,0,1
220,2007,1,1,0,0,0,0,0,0,1,0,0,0,0,0,0
221,2007,0,0,0,0,0,0,0,0,0,0,0,0,0,0,1
222,2007,0,0,0,0,0,0,0,1,0,0,1,0,0,0,0
223,2007,1,1,0,0,0,0,0,0,0,0,0,0,0,0,0
224,2007,1,1,0,0,0,0,1,1,1,0,0,0,0,0,0
225,2007,1,1,0,0,0,0,0,0,0,0,1,0,0,0,1
226,2007,1,1,0,0,0,0,0,0,0,0,1,0,0,0,1
227,2007,1,1,0,0,0,0,0,0,0,1,1,0,0,0,0
228,2007,1,1,0,0,0,0,0,0,1,0,1,0,0,0,1
229,2007,0,1,0,0,0,0,0,1,1,0,1,0,0,0,1
230,2007,1,1,0,0,0,0,1,1,1,0,1,0,0,0,0
231,2007,1,1,0,0,0,0,0,0,0,0,0,0,0,0,1
232,2007,1,1,0,0,0,0,0,0,0,0,1,0,0,0,0
233,2007,1,1,0,0,0,0,1,1,0,0,1,0,0,0,1
234,2007,1,1,0,0,0,0,0,0,0,0,1,0,0,0,0
235,2007,0,1,0,0,0,0,0,0,0,0,0,0,0,0,0
236,2007,0,1,0,0,0,0,0,0,0,0,1,0,0,0,0
237,2007,1,1,0,0,0,0,0,0,0,1,0,0,0,0,1
238,2007,1,1,0,0,0,0,0,0,0,0,1,0,0,0,0
239,2007,1,1,0,0,0,0,0,0,0,0,1,0,0,0,1
240,2007,1,0,0,0,0,0,0,1,1,0,0,0,0,0,0
241,2007,1,1,0,0,0,0,1,1,1,0,0,0,0,0,1
242,2007,0,1,0,0,0,0,1,1,1,0,0,0,0,0,1
243,2007,1,1,0,0,0,0,0,1,1,0,0,0,0,0,1
244,2007,1,1,0,0,0,0,0,0,0,0,0,0,0,0,1
245,2007,1,1,0,0,0,0,0,0,0,0,1,0,0,0,1
246,2007,0,0,0,0,0,0,0,1,0,0,0,0,0,0,0
247,2007,0,0,0,0,0,0,0,0,0,0,0,0,0,0,0
248,2007,1,0,0,0,0,0,0,1,0,0,1,0,0,0,0
249,2007,1,1,0,0,0,0,0,0,0,0,0,0,0,0,1
250,2007,1,1,0,0,0,0,0,1,1,0,0,0,0,0,1
251,2007,0,0,0,0,0,0,0,0,1,0,0,0,0,0,0
252,2007,0,0,0,0,0,0,0,0,0,0,0,0,0,0,0
253,2007,1,1,0,0,0,0,0,1,1,0,0,0,0,0,0
254,2007,1,1,0,0,0,0,0,0,0,0,1,0,0,0,1
255,2007,1,1,0,0,0,0,0,0,0,0,0,0,0,0,1
256,2007,1,1,0,0,0,0,0,0,0,0,1,0,0,0,0
257,2007,1,1,0,0,0,0,0,0,0,1,1,0,0,0,0
258,2007,1,1,0,0,0,0,0,0,0,0,1,0,0,0,1
259,2007,1,1,0,0,0,0,0,1,0,0,1,0,0,0,1
260,2007,1,1,0,0,0,0,0,0,0,0,0,0,0,0,0
261,2007,1,1,0,0,0,0,0,0,0,0,0,0,0,0,0
262,2007,1,1,0,0,0,0,0,0,0,0,0,0,0,0,0
263,2007,1,1,0,0,0,0,0,0,0,0,0,0,0,0,1
264,2007,1,1,0,0,0,0,0,0,0,0,1,0,0,0,0
265,2007,1,1,0,0,0,0,0,1,0,0,1,0,0,0,1
266,2007,0,0,0,0,0,0,0,1,1,0,0,0,0,0,0
267,2007,1,1,0,0,0,0,0,0,0,0,1,0,0,0,0
268,2007,0,1,0,0,0,0,0,1,0,0,0,0,0,0,0
269,2007,1,1,0,0,0,0,0,1,1,0,1,0,0,0,1
270,2007,1,1,0,0,0,0,0,0,0,0,0,0,0,0,1
271,2007,0,1,0,0,0,0,0,1,1,0,1,0,0,0,1
272,2007,1,1,0,0,0,0,0,0,0,0,0,0,0,0,1
273,2007,1,1,0,0,0,0,0,0,0,0,1,0,0,0,0
274,2007,1,1,0,0,0,0,0,0,0,0,1,0,0,0,1
275,2007,0,1,0,0,0,0,0,0,0,0,1,0,0,0,1
276,2007,0,1,0,0,0,0,0,1,1,0,0,0,0,0,0
277,2007,1,1,0,0,0,0,0,1,1,0,1,0,0,0,1
278,2007,1,1,0,0,0,0,0,1,0,1,0,0,0,0,1
279,2007,1,1,0,0,0,0,0,0,0,0,0,0,0,0,1
280,2007,0,1,0,0,0,0,0,0,0,0,0,0,0,0,1
281,2007,1,1,1,0,1,0,0,0,0,0,0,1,0,0,1
282,2007,0,0,0,0,0,0,0,0,1,1,0,0,0,0,0
283,2007,1,1,0,0,0,0,1,1,1,0,1,0,0,0,1
284,2007,1,1,0,0,0,0,0,1,0,0,1,0,0,0,0
285,2007,1,1,0,0,0,0,0,1,1,0,0,0,0,0,1
286,2007,0,1,0,0,0,0,0,1,0,1,1,0,0,0,1
287,2007,1,1,0,0,0,0,0,0,0,0,1,0,0,0,1
288,2007,0,0,1,0,0,0,1,0,0,0,0,0,0,0,1
289,2007,1,1,0,0,0,0,0,0,0,0,0,0,0,0,1
290,2007,1,0,1,0,0,0,0,1,1,0,1,1,0,0,1
291,2007,1,0,0,0,0,0,0,0,1,0,0,0,0,0,0
292,2007,1,1,0,0,0,0,0,0,0,0,0,0,0,0,1
293,2007,1,1,0,0,0,0,0,0,0,0,0,0,0,0,1
294,2007,1,1,0,0,0,0,0,0,0,0,0,0,0,0,1
295,2007,0,0,0,0,0,0,0,0,0,0,0,0,0,0,0
296,2007,0,0,0,0,0,0,0,0,0,0,0,0,0,0,0
297,2007,1,1,0,0,0,0,0,0,0,0,1,0,0,0,1
298,2007,1,1,0,0,0,0,0,1,0,0,0,0,0,0,1
299,2007,1,1,0,0,0,0,0,0,0,0,0,0,0,0,1
300,2007,1,1,0,0,0,0,0,0,0,0,0,0,0,0,1
1,2008,0,1,0,0,0,0,0,0,0,0,1,0,0,0,0
2,2008,1,1,0,0,0,0,0,0,0,0,1,0,0,0,0
3,2008,1,1,0,0,0,0,0,0,0,0,1,0,0,0,1
4,2008,0,1,0,0,0,0,0,0,0,0,0,0,0,0,1
5,2008,0,0,0,0,0,0,0,1,0,0,0,0,0,0,0
6,2008,0,1,0,0,0,0,0,0,0,0,0,0,0,0,0
7,2008,0,1,0,0,0,0,0,0,0,0,0,0,0,0,1
8,2008,1,1,0,0,0,0,0,0,0,0,1,0,0,0,0
9,2008,0,1,0,0,0,0,0,0,0,0,1,0,0,0,0
10,2008,1,1,0,0,0,0,0,0,0,0,1,0,0,0,1
11,2008,0,1,0,0,0,0,0,0,0,0,0,0,0,0,1
12,2008,1,1,0,0,0,0,0,0,0,0,1,0,0,0,1
13,2008,1,1,0,0,0,0,0,0,0,0,1,0,0,0,0
14,2008,0,0,0,0,0,0,0,0,0,0,1,0,0,0,1
15,2008,0,1,0,0,0,0,0,0,0,0,0,0,0,0,1
16,2008,1,1,0,0,0,0,0,0,0,0,0,0,0,0,0
17,2008,1,1,1,0,0,0,0,0,0,0,1,0,0,0,0
18,2008,0,1,0,0,0,0,0,0,0,0,0,0,0,0,0
19,2008,0,1,0,0,0,0,0,0,0,0,0,0,0,0,0
20,2008,0,1,0,0,0,0,0,0,0,0,0,0,0,0,0
21,2008,0,1,0,0,0,0,0,0,0,0,0,0,0,0,0
22,2008,1,1,0,0,0,0,0,0,0,0,0,0,0,0,0
23,2008,0,0,0,0,0,0,0,0,0,0,0,0,0,0,0
24,2008,1,1,0,0,0,0,0,0,0,0,1,0,0,0,0
25,2008,0,0,0,0,0,0,0,0,0,0,0,0,0,0,0
26,2008,0,1,0,0,0,0,0,0,0,0,0,0,0,0,0
27,2008,1,1,0,0,0,0,0,0,0,0,1,0,0,0,1
28,2008,0,1,0,0,0,0,0,0,0,0,0,0,0,0,1
29,2008,0,1,0,0,0,0,0,0,0,0,1,0,0,0,0
30,2008,0,1,0,0,0,0,0,0,0,0,0,0,0,0,0
31,2008,1,1,0,0,0,0,0,0,0,1,1,0,0,0,0
32,2008,1,1,0,0,0,0,0,0,0,0,0,0,0,0,0
33,2008,1,1,0,0,0,0,0,0,0,0,1,0,0,0,0
34,2008,1,1,0,0,0,0,0,0,0,0,1,0,0,0,1
35,2008,1,1,0,0,0,0,0,0,0,0,1,0,0,0,1
36,2008,0,0,0,0,0,0,0,0,0,0,1,0,0,0,1
37,2008,1,1,1,0,0,0,0,0,0,0,1,0,0,1,1
38,2008,0,1,0,0,0,0,0,0,0,0,1,0,0,0,1
39,2008,0,0,0,0,0,0,0,0,0,0,1,0,0,0,1
40,2008,0,1,0,0,0,0,0,0,0,0,0,0,0,0,0
41,2008,1,1,0,0,0,0,0,0,0,0,1,0,0,0,0
42,2008,1,1,0,0,0,0,0,0,1,1,1,0,0,0,1
43,2008,0,0,0,0,0,0,0,0,0,0,1,0,0,0,0
44,2008,1,1,0,0,0,0,0,1,0,1,1,0,0,0,1
45,2008,0,0,0,0,0,0,0,0,0,0,1,0,0,0,1
46,2008,1,1,0,0,0,0,0,0,0,0,1,0,0,0,0
47,2008,0,0,0,0,0,0,0,0,0,0,0,0,0,0,0
48,2008,1,1,0,0,0,0,0,0,0,0,1,0,0,0,0
49,2008,0,1,0,0,0,0,0,0,0,0,1,0,0,0,0
50,2008,0,1,0,0,0,0,0,0,0,0,0,0,0,0,0
51,2008,0,0,0,0,0,0,0,0,0,0,0,0,0,0,0
52,2008,1,1,0,0,0,0,0,0,0,0,1,0,0,0,1
53,2008,0,1,1,0,0,0,0,0,0,0,0,0,0,0,0
54,2008,0,1,0,0,0,0,0,0,0,0,0,0,0,0,0
55,2008,0,1,0,0,0,0,0,0,0,0,0,0,0,0,0
56,2008,0,1,0,0,0,0,0,0,0,0,1,0,0,0,1
57,2008,0,0,0,0,0,0,0,0,0,0,0,0,0,0,0
58,2008,1,1,0,0,0,0,0,0,0,0,1,0,0,0,0
59,2008,0,1,0,0,0,0,0,0,0,0,1,0,0,0,0
60,2008,1,1,0,0,0,0,0,0,0,0,0,0,0,0,0
61,2008,0,0,0,0,0,0,0,0,0,0,0,0,0,0,0
62,2008,1,1,0,0,0,1,0,0,0,0,1,0,0,0,0
63,2008,1,1,0,0,0,0,0,0,0,0,1,0,0,0,0
64,2008,0,0,0,0,0,0,1,0,0,0,0,0,0,0,1
65,2008,0,0,0,0,0,0,0,0,0,0,0,0,0,0,0
66,2008,0,0,0,0,0,0,0,0,0,0,0,0,0,0,0
67,2008,1,1,0,0,0,0,0,0,0,1,0,0,0,0,0
68,2008,1,1,0,0,0,0,0,0,0,0,0,0,0,0,0
69,2008,1,1,0,0,0,0,0,0,0,0,0,0,0,0,0
70,2008,1,1,0,0,0,0,0,0,0,0,1,0,0,0,0
71,2008,1,1,0,0,0,0,0,0,0,0,1,0,0,0,0
72,2008,1,1,0,0,0,0,0,0,0,0,1,0,0,0,1
73,2008,1,1,0,0,0,0,0,0,0,0,1,0,0,0,1
74,2008,1,1,0,0,0,0,0,0,0,1,0,0,0,0,0
75,2008,0,1,0,0,0,0,0,0,0,0,1,0,0,0,1
76,2008,1,1,0,0,0,0,0,0,0,0,1,0,0,0,0
77,2008,1,1,0,0,0,0,0,0,0,0,1,0,0,0,0
78,2008,0,1,0,0,0,0,0,0,0,0,1,0,0,0,0
79,2008,0,1,0,0,0,0,0,0,0,0,1,0,0,0,0
80,2008,1,1,0,0,0,0,0,0,0,0,1,0,0,0,1
81,2008,1,1,0,0,0,0,0,1,1,0,0,0,0,0,1
82,2008,1,1,0,0,0,0,0,0,0,0,1,0,0,0,1
83,2008,0,1,0,0,0,0,0,0,0,0,1,0,0,0,0
84,2008,0,1,0,0,0,0,0,0,0,0,0,0,0,0,0
85,2008,0,0,0,0,0,0,0,0,0,0,0,0,0,0,0
86,2008,0,0,0,0,0,0,0,0,0,0,0,0,0,0,1
87,2008,0,0,0,0,0,0,0,0,0,0,0,0,0,0,0
88,2008,0,1,0,0,0,0,0,0,0,0,1,0,0,0,0
89,2008,1,1,0,0,0,0,0,0,0,0,1,0,0,0,0
90,2008,0,1,0,0,0,0,0,0,0,0,0,0,0,0,0
91,2008,1,1,0,0,0,0,0,0,0,0,1,0,0,0,1
92,2008,0,1,0,0,0,0,0,0,0,0,1,0,0,0,0
93,2008,1,1,0,0,0,0,0,0,0,1,1,0,0,0,0
94,2008,1,1,0,0,0,0,0,0,0,0,1,1,0,0,0
95,2008,1,1,0,0,0,0,0,0,0,1,1,1,0,0,1
96,2008,1,1,0,0,0,0,0,0,0,0,1,0,0,0,0
97,2008,1,1,0,0,0,0,0,0,0,0,1,0,0,0,1
98,2008,1,1,1,0,0,0,0,0,0,0,0,0,0,0,0
99,2008,0,1,0,0,0,0,0,0,0,0,0,0,0,0,0
100,2008,0,1,1,0,0,0,0,0,0,0,1,0,0,0,0
101,2008,1,1,0,0,0,0,0,0,0,0,1,0,0,0,1
102,2008,1,1,0,0,0,0,0,0,0,0,0,0,0,0,0
103,2008,0,1,0,0,0,0,0,0,1,0,0,0,0,0,0
104,2008,1,1,0,0,0,0,0,0,0,0,0,0,0,0,0
105,2008,1,1,0,0,0,0,0,0,0,0,0,0,0,0,0
106,2008,0,0,0,0,0,0,0,0,0,0,0,0,0,0,0
107,2008,1,1,0,0,0,0,0,0,0,0,1,0,0,0,0
108,2008,1,1,0,0,0,0,0,0,0,0,1,0,0,0,1
109,2008,1,1,1,0,0,0,0,0,0,0,0,0,0,0,1
110,2008,1,1,0,0,0,0,0,0,0,0,1,0,0,0,0
111,2008,0,1,0,0,0,0,0,0,0,0,1,0,0,0,0
112,2008,1,1,0,0,0,0,0,0,0,0,1,0,0,0,0
113,2008,1,1,0,0,0,0,0,0,0,0,1,0,0,0,0
114,2008,1,1,0,0,0,0,0,0,0,0,0,0,0,0,0
115,2008,0,0,0,0,0,0,0,0,0,0,1,0,0,0,0
116,2008,1,1,0,0,0,0,0,0,0,0,1,0,0,0,0
117,2008,0,1,0,0,0,0,0,0,0,0,0,0,0,0,0
118,2008,1,1,0,0,0,0,0,0,0,0,1,0,0,0,0
119,2008,1,1,0,0,0,0,0,0,0,0,1,0,0,0,1
120,2008,1,1,0,0,0,0,0,0,0,0,0,0,0,0,0
121,2008,0,0,0,0,0,0,0,0,0,0,1,0,0,0,0
122,2008,1,0,0,0,0,0,0,0,0,1,1,0,0,0,0
123,2008,0,1,0,0,0,0,0,0,0,0,0,0,0,0,0
124,2008,0,1,0,0,0,0,0,0,0,0,1,0,0,0,0
125,2008,1,1,0,0,0,0,0,0,0,0,0,0,0,0,0
126,2008,1,0,0,0,0,0,0,0,0,0,1,0,0,0,0
127,2008,0,1,0,0,0,0,0,0,0,0,1,0,0,0,0
128,2008,1,1,0,0,0,0,0,0,1,1,1,0,0,0,0
129,2008,0,1,0,0,0,0,0,0,0,0,0,0,0,0,1
130,2008,0,1,0,0,0,0,0,0,0,0,1,0,0,0,0
131,2008,1,1,0,0,0,0,0,0,0,0,1,0,0,0,1
132,2008,0,0,0,0,0,0,0,0,0,1,0,0,0,0,0
133,2008,0,1,0,0,0,0,0,0,0,0,1,0,0,0,0
134,2008,0,1,0,0,0,0,0,0,0,0,1,0,0,0,0
135,2008,0,0,0,0,0,0,0,0,0,0,1,0,0,0,0
136,2008,1,1,0,0,0,0,0,0,0,0,0,0,0,0,1
137,2008,1,1,0,0,0,0,0,0,0,0,1,0,0,0,1
138,2008,1,1,0,0,0,0,0,0,0,0,0,0,0,0,0
139,2008,0,0,0,0,0,0,0,0,0,0,1,0,0,0,1
140,2008,0,1,0,0,0,0,0,0,0,0,0,0,0,0,1
141,2008,0,1,0,0,0,0,0,0,0,0,1,0,0,0,0
142,2008,0,1,0,0,0,0,0,0,0,0,1,0,0,0,0
143,2008,0,1,0,0,0,0,0,0,0,0,1,0,0,0,1
144,2008,0,1,0,0,0,0,0,0,0,0,1,0,0,0,0
145,2008,1,1,0,0,0,0,0,0,0,0,1,0,0,0,1
146,2008,1,1,0,0,0,0,0,0,0,0,1,0,0,0,1
147,2008,1,1,0,0,0,0,0,0,0,0,1,0,0,0,0
148,2008,1,1,0,0,0,0,0,0,0,0,1,0,0,0,0
149,2008,1,1,0,0,0,0,0,0,0,1,1,0,0,0,0
150,2008,1,1,0,0,0,0,0,0,0,0,0,0,0,0,1
151,2008,1,1,0,0,0,0,0,0,0,0,1,0,0,0,1
152,2008,1,1,1,0,0,0,0,0,0,0,1,0,0,0,0
153,2008,1,1,0,0,0,0,0,0,0,0,1,0,0,0,1
154,2008,0,1,0,0,0,0,0,0,0,0,1,0,0,0,0
155,2008,1,1,0,0,0,0,0,0,0,0,1,1,0,0,0
156,2008,1,1,1,0,0,0,0,0,0,0,1,0,0,0,0
157,2008,0,1,0,0,0,0,0,0,0,0,1,0,0,0,0
158,2008,1,1,0,0,0,0,0,0,0,0,0,0,0,0,1
159,2008,0,1,0,0,0,0,0,0,0,0,0,0,0,0,0
160,2008,1,1,0,0,0,0,0,0,0,0,1,0,0,0,1
161,2008,1,1,0,0,0,0,0,0,0,0,1,0,0,0,1
162,2008,0,1,0,0,0,0,0,0,0,0,0,0,0,0,0
163,2008,1,1,0,0,0,0,0,0,0,0,1,0,0,0,1
164,2008,1,1,0,0,0,0,0,0,0,0,0,0,0,0,0
165,2008,0,1,0,0,0,0,0,0,0,0,1,0,0,0,0
166,2008,0,1,0,0,0,1,0,0,0,0,0,0,0,0,0
167,2008,1,1,1,0,0,0,0,0,0,0,0,0,0,0,0
168,2008,0,1,0,0,0,0,0,0,0,0,1,0,0,0,0
169,2008,1,1,0,0,0,0,0,0,0,0,0,0,0,0,1
170,2008,0,1,0,0,0,0,0,0,0,0,0,0,0,0,0
171,2008,1,1,0,0,0,0,0,0,0,0,1,0,0,0,0
172,2008,0,1,0,0,0,0,0,0,0,0,0,0,0,0,0
173,2008,1,1,0,0,0,0,0,0,0,0,1,0,0,0,0
174,2008,0,1,0,0,0,0,0,0,0,0,1,0,0,0,0
175,2008,1,1,0,0,0,0,0,0,0,1,0,0,0,0,0
176,2008,0,1,0,0,0,0,0,0,0,0,0,0,0,0,0
177,2008,1,1,0,0,0,1,0,0,0,0,1,0,0,0,0
178,2008,0,1,0,0,0,0,0,0,0,0,1,0,0,0,0
179,2008,1,1,0,0,0,0,0,0,0,0,0,0,0,0,1
180,2008,0,0,0,0,0,0,0,0,0,0,1,0,0,0,0
181,2008,0,1,1,0,0,0,0,0,0,0,1,0,0,0,0
182,2008,0,1,0,0,0,0,0,0,0,0,1,0,0,0,0
183,2008,0,1,0,0,0,0,0,1,0,0,1,0,0,0,1
184,2008,1,1,0,0,0,0,0,0,0,0,0,0,0,0,0
185,2008,0,1,0,0,0,0,0,0,0,0,1,0,0,0,0
186,2008,1,1,0,0,0,0,0,0,0,1,0,0,0,0,1
187,2008,1,1,0,0,0,0,0,0,0,0,1,0,0,0,1
188,2008,1,1,0,0,0,0,0,0,0,0,1,0,0,0,1
189,2008,1,1,0,0,0,0,0,0,0,0,0,1,0,0,0
190,2008,1,1,1,0,0,0,0,0,0,0,1,0,0,0,1
191,2008,0,1,0,0,0,0,0,0,0,0,1,0,0,0,0
192,2008,1,1,0,0,0,0,0,0,0,0,0,0,0,0,0
193,2008,1,1,0,0,0,0,0,0,0,0,1,0,0,0,0
194,2008,1,1,0,0,0,0,0,0,0,0,1,0,0,0,1
195,2008,1,1,0,0,0,1,0,0,0,0,0,0,0,0,0
196,2008,1,1,0,0,0,0,0,0,0,0,1,0,0,0,0
197,2008,1,1,0,0,0,0,0,0,0,0,1,0,0,0,1
198,2008,0,1,0,0,0,0,0,0,0,0,0,0,0,0,1
199,2008,0,1,0,0,0,0,0,0,0,0,1,0,0,0,1
200,2008,0,1,0,0,0,0,0,0,0,0,1,0,0,0,0
201,2008,0,1,0,0,0,0,0,0,0,0,0,0,0,0,1
202,2008,0,1,0,0,0,0,0,0,0,0,0,0,0,0,1
203,2008,1,1,0,0,0,0,0,0,0,0,1,0,0,0,0
204,2008,1,0,0,0,0,0,1,1,1,0,1,0,0,0,1
205,2008,1,1,0,0,0,0,0,0,0,0,1,0,0,0,0
206,2008,1,1,1,0,0,0,0,0,0,1,0,1,0,0,0
207,2008,0,0,0,0,0,0,0,0,0,0,1,0,0,0,1
208,2008,1,1,0,0,0,0,0,0,0,0,1,0,0,0,0
209,2008,1,1,0,0,0,0,0,0,0,0,1,0,0,0,1
210,2008,1,1,0,0,0,0,0,0,0,0,1,0,0,0,1
211,2008,1,1,0,0,0,0,0,0,0,0,1,0,0,0,1
212,2008,0,1,0,0,0,0,0,0,0,0,0,0,0,0,0
213,2008,1,1,0,0,0,0,1,0,0,1,1,0,0,0,0
214,2008,1,1,0,0,0,0,0,0,0,0,0,0,0,0,0
215,2008,1,1,0,0,0,0,0,0,0,1,1,0,0,0,0
216,2008,1,1,0,0,0,0,0,0,0,0,1,0,0,0,1
217,2008,1,1,0,0,0,0,0,0,0,0,1,0,0,0,0
218,2008,1,1,0,0,0,0,1,0,0,0,1,0,0,0,0
219,2008,0,1,0,0,0,0,0,0,0,0,1,0,0,0,0
220,2008,1,1,0,0,0,0,0,0,0,0,1,0,0,0,0
221,2008,1,1,0,0,0,0,0,0,0,0,1,0,0,0,1
222,2008,1,0,0,0,0,0,1,0,0,0,0,0,0,0,1
223,2008,1,1,0,0,0,0,0,0,0,0,1,0,0,0,0
224,2008,1,1,0,0,0,0,0,0,0,0,1,0,0,0,0
225,2008,1,1,0,0,0,0,0,0,0,0,0,0,0,0,1
226,2008,0,1,0,0,0,0,0,0,0,0,1,0,0,0,0
227,2008,1,1,0,0,0,0,0,0,0,0,1,0,0,0,0
228,2008,1,1,0,0,0,0,0,0,0,0,1,0,0,0,0
229,2008,1,1,0,0,0,0,0,0,0,0,0,0,0,0,0
230,2008,1,0,0,0,0,0,0,0,0,0,1,0,0,0,0
231,2008,1,1,0,0,0,0,0,0,0,0,0,0,0,0,0
232,2008,1,1,0,0,0,0,0,0,0,0,0,0,0,0,0
233,2008,1,1,0,0,0,0,0,0,0,1,1,0,0,0,0
234,2008,1,1,0,0,0,0,0,0,0,0,1,0,0,0,0
235,2008,0,0,0,0,0,0,0,0,0,0,0,0,0,0,0
236,2008,1,1,0,0,0,0,0,0,0,0,1,0,0,0,1
237,2008,1,1,0,0,0,0,0,0,0,0,1,0,0,0,1
238,2008,1,1,0,0,0,0,0,0,0,0,1,0,0,0,0
239,2008,1,0,0,0,0,0,0,0,0,0,0,0,0,0,1
240,2008,1,1,0,0,0,0,0,0,0,0,1,0,0,0,0
241,2008,1,1,0,0,0,0,0,0,1,0,0,0,0,0,0
242,2008,1,1,0,0,0,0,0,0,0,0,0,0,0,0,0
243,2008,0,1,0,0,0,0,0,0,0,0,1,0,0,0,1
244,2008,1,1,0,0,0,0,0,0,0,0,0,0,0,0,0
245,2008,0,1,0,0,0,0,0,0,0,0,0,0,0,0,1
246,2008,0,0,0,0,0,0,0,0,0,0,0,0,0,0,1
247,2008,0,0,0,0,0,0,0,0,0,0,0,0,0,0,0
248,2008,0,1,0,0,0,0,0,0,0,0,1,0,0,0,0
249,2008,1,1,0,0,0,0,0,0,0,0,0,0,0,0,1
250,2008,1,1,0,0,0,0,0,0,0,0,1,0,0,0,1
251,2008,1,1,0,0,0,0,0,0,0,0,1,0,0,0,1
252,2008,0,1,0,0,0,0,0,0,0,0,1,0,0,0,0
253,2008,1,1,0,0,0,0,1,0,0,0,1,0,0,0,0
254,2008,0,0,0,0,0,0,0,0,0,0,0,0,0,0,1
255,2008,1,1,0,0,0,0,0,0,0,0,0,0,0,0,0
256,2008,1,1,0,0,0,0,0,0,0,0,0,0,0,0,0
257,2008,1,1,0,0,0,0,0,0,0,0,1,0,0,0,1
258,2008,1,1,0,0,0,0,0,0,0,0,0,0,0,0,0
259,2008,1,1,0,0,0,0,0,0,0,0,1,0,0,0,0
260,2008,1,1,0,0,0,0,0,0,0,0,1,0,0,0,0
261,2008,0,1,0,0,0,0,0,0,0,0,0,0,0,0,1
262,2008,1,0,0,0,0,0,0,0,0,0,1,0,0,0,1
263,2008,1,1,0,0,0,0,0,0,0,0,1,0,0,0,0
264,2008,1,1,0,0,0,0,0,0,0,0,1,0,0,0,1
265,2008,0,1,1,0,0,0,0,0,0,0,1,0,0,0,0
266,2008,1,1,0,0,0,0,0,0,0,0,1,0,0,0,0
267,2008,1,0,0,0,0,0,0,0,0,0,0,0,0,0,1
268,2008,1,1,0,0,0,0,0,0,0,0,1,0,0,0,0
269,2008,1,1,0,0,0,0,0,0,0,0,1,0,0,0,0
270,2008,1,1,0,0,0,0,0,0,0,0,1,0,0,0,0
271,2008,0,1,0,0,0,0,0,0,0,0,1,0,0,0,0
272,2008,0,0,0,0,0,0,0,0,0,0,0,0,0,0,0
273,2008,1,1,0,0,0,0,0,0,0,0,0,0,0,0,1
274,2008,1,1,0,0,0,0,0,0,0,0,0,0,0,0,0
275,2008,1,1,0,0,0,0,0,0,0,0,1,0,0,0,0
276,2008,0,1,0,0,0,0,0,0,0,0,0,0,0,0,1
277,2008,0,1,0,0,0,0,0,0,0,0,1,0,0,0,0
278,2008,1,1,0,0,0,0,0,0,0,0,1,0,0,0,0
279,2008,1,1,0,0,0,0,0,0,0,0,1,0,0,0,1
280,2008,0,1,0,0,0,0,0,0,0,0,1,0,0,0,1
281,2008,1,1,0,0,0,0,1,1,0,0,0,0,0,0,0
282,2008,0,0,0,0,0,0,0,0,0,0,0,0,0,0,0
283,2008,1,1,0,0,0,0,0,0,0,0,0,0,0,0,1
284,2008,1,1,0,0,0,0,0,0,0,0,0,0,0,0,1
285,2008,1,1,0,0,0,0,0,0,0,0,0,0,0,0,0
286,2008,0,1,0,0,0,0,0,0,0,0,1,0,0,0,0
287,2008,1,1,0,0,0,0,0,0,0,0,1,0,0,0,0
288,2008,1,1,0,0,0,0,0,0,0,0,1,0,0,0,0
289,2008,0,1,0,0,0,0,0,0,0,0,1,0,0,0,1
290,2008,1,0,0,0,1,0,0,0,0,0,1,1,0,0,0
291,2008,0,1,0,0,0,0,0,0,0,0,1,0,0,0,1
292,2008,0,1,0,0,0,0,0,0,0,0,1,0,0,0,0
293,2008,1,1,0,0,0,0,0,0,0,0,1,0,0,0,0
294,2008,1,1,0,0,0,0,0,0,0,0,0,0,0,0,0
295,2008,0,1,0,0,0,0,0,0,0,0,1,0,0,0,0
296,2008,1,1,0,0,0,0,0,0,0,0,1,0,0,0,0
297,2008,1,1,0,0,0,0,0,0,0,0,1,0,0,0,0
298,2008,1,1,0,0,0,0,0,0,0,0,1,0,0,0,0
299,2008,1,1,0,0,0,0,0,0,0,0,1,0,0,0,1
300,2008,1,1,0,0,0,0,0,0,0,0,0,0,0,0,0
1,2009,1,1,0,0,0,0,1,1,0,0,1,0,0,0,1
2,2009,0,0,0,0,0,0,0,0,0,0,1,0,0,0,1
3,2009,0,1,0,0,0,0,0,0,0,0,0,0,0,0,1
4,2009,0,1,0,0,0,0,1,0,0,0,0,0,0,0,1
5,2009,0,0,0,0,0,0,0,0,0,0,0,0,0,0,0
6,2009,0,0,0,0,0,0,0,0,0,0,0,0,0,0,0
7,2009,1,1,0,0,0,0,0,0,0,0,1,0,0,0,1
8,2009,0,1,1,0,0,0,0,0,0,0,1,0,0,0,1
9,2009,1,1,0,0,0,0,0,0,0,0,1,0,0,0,1
10,2009,0,1,0,0,0,0,0,0,0,0,1,0,0,0,1
11,2009,0,1,0,0,0,0,0,0,0,0,1,0,0,0,1
12,2009,1,1,0,0,0,0,0,0,0,0,0,0,0,0,1
13,2009,1,1,0,0,0,0,0,1,0,0,1,1,0,0,1
14,2009,1,1,0,0,0,0,1,0,0,0,0,0,0,0,1
15,2009,0,1,0,0,0,0,0,0,0,0,1,0,0,0,0
16,2009,1,1,0,0,0,0,0,1,1,0,0,0,0,0,0
17,2009,0,1,0,0,0,0,0,0,0,0,0,0,0,0,1
18,2009,1,1,1,0,0,0,0,0,0,0,1,0,0,0,1
19,2009,1,0,0,0,0,0,0,0,0,0,0,0,0,0,0
20,2009,1,1,0,0,0,0,0,0,0,0,0,0,0,0,1
21,2009,1,1,0,0,0,0,0,0,0,0,0,0,0,0,1
22,2009,1,1,0,0,0,0,0,0,0,0,1,0,0,0,0
23,2009,1,1,0,0,0,0,0,0,0,0,1,0,0,0,0
24,2009,1,0,0,0,0,0,0,0,0,0,0,0,0,0,0
25,2009,0,0,0,0,0,0,1,0,0,0,0,0,0,0,0
26,2009,0,0,0,0,0,0,0,0,0,0,0,0,0,0,1
27,2009,1,0,0,0,0,0,0,0,0,0,1,0,0,0,1
28,2009,0,1,0,0,0,0,0,0,0,0,0,0,0,0,1
29,2009,0,1,0,0,0,0,0,0,0,0,0,0,0,0,1
30,2009,0,0,0,0,0,0,0,0,0,0,0,0,0,0,0
31,2009,1,1,0,0,0,0,0,0,0,0,1,0,0,0,1
32,2009,0,1,0,0,0,0,0,0,0,0,0,0,0,0,1
33,2009,1,1,0,0,0,0,0,0,0,0,0,0,0,0,1
34,2009,1,1,0,0,0,0,0,0,0,0,0,0,0,0,1
35,2009,1,1,0,0,0,0,0,0,0,0,0,0,0,0,0
36,2009,0,0,0,0,0,0,0,0,0,0,0,0,0,0,0
37,2009,0,0,0,0,0,0,0,0,0,0,0,0,0,0,0
38,2009,1,1,0,0,0,0,0,0,0,0,0,0,0,0,1
39,2009,0,1,0,0,0,0,0,0,0,0,0,0,0,0,0
40,2009,0,0,0,0,0,0,0,0,0,0,0,0,0,0,0
41,2009,0,0,0,0,0,0,0,0,0,0,0,0,0,0,1
42,2009,1,1,0,0,0,0,0,0,0,0,1,0,0,0,1
43,2009,0,0,0,0,0,0,0,0,0,0,0,0,0,0,0
44,2009,1,1,0,0,0,0,1,0,0,0,1,0,0,0,1
45,2009,0,1,0,0,0,0,0,0,0,0,0,0,0,0,0
46,2009,1,1,0,0,0,0,0,0,0,0,1,0,0,0,1
47,2009,0,1,0,0,0,0,0,0,0,0,0,0,0,0,0
48,2009,0,1,0,0,0,0,0,0,0,0,1,0,0,0,1
49,2009,1,0,0,0,0,0,0,0,0,0,0,0,0,0,1
50,2009,0,0,0,0,0,0,0,0,0,0,0,0,0,0,1
51,2009,0,1,0,0,0,0,0,0,0,0,0,0,0,0,0
52,2009,1,1,0,0,0,0,0,0,0,0,0,0,0,0,1
53,2009,1,1,0,0,0,0,0,0,0,0,0,0,0,0,1
54,2009,0,1,0,0,0,0,0,0,0,0,0,0,0,0,1
55,2009,1,1,0,0,0,0,0,0,0,0,1,1,0,0,0
56,2009,0,1,0,0,0,0,1,0,0,0,0,0,0,0,1
57,2009,0,0,0,0,0,0,0,0,0,0,0,0,0,0,0
58,2009,1,1,0,0,0,0,0,0,0,0,0,0,0,0,0
59,2009,1,0,0,0,0,0,0,1,0,0,0,0,0,0,0
60,2009,0,1,0,0,0,0,0,1,1,0,0,0,0,0,0
61,2009,0,0,0,0,0,0,0,0,0,0,0,0,0,0,0
62,2009,0,0,0,0,0,0,0,0,0,0,0,0,0,0,0
63,2009,1,1,0,0,0,0,0,0,0,0,0,0,0,0,0
64,2009,0,1,0,0,0,0,0,0,0,0,0,0,0,0,0
65,2009,1,0,0,0,0,0,0,0,0,0,0,0,0,0,0
66,2009,0,1,0,0,0,0,0,0,0,0,0,0,0,0,1
67,2009,1,1,0,0,0,0,0,0,0,1,0,0,0,0,0
68,2009,1,1,0,0,0,0,0,0,0,0,0,0,0,0,1
69,2009,1,1,0,0,0,0,0,0,0,0,1,0,0,0,0
70,2009,1,1,0,0,0,0,0,0,0,0,1,0,0,0,1
71,2009,1,1,0,0,0,0,0,0,0,0,0,0,0,0,1
72,2009,1,1,0,0,0,0,0,0,0,0,1,0,0,0,1
73,2009,1,1,0,0,0,0,0,0,0,0,0,0,0,0,1
74,2009,0,1,0,0,0,0,0,0,0,0,0,0,0,0,0
75,2009,1,1,0,0,0,0,1,0,0,0,1,0,0,0,1
76,2009,1,1,0,0,0,0,1,0,0,0,1,0,0,0,1
77,2009,1,1,1,0,0,0,0,0,0,0,1,0,0,0,0
78,2009,0,0,0,0,0,0,0,0,0,0,1,0,0,0,0
79,2009,1,1,0,0,0,0,0,0,0,0,0,0,0,0,1
80,2009,1,1,0,0,0,0,0,0,0,0,0,0,0,0,1
81,2009,0,1,0,0,0,0,0,0,0,0,0,0,0,0,0
82,2009,1,1,0,0,0,0,1,1,1,0,1,0,0,0,1
83,2009,1,0,0,0,0,0,0,0,0,0,0,0,0,0,1
84,2009,0,0,0,0,0,0,0,0,0,0,0,0,0,0,0
85,2009,0,0,0,0,0,0,0,0,0,0,0,0,0,0,1
86,2009,0,0,0,0,0,0,0,0,0,0,0,0,0,0,0
87,2009,0,1,0,0,0,0,0,0,0,0,0,0,0,0,1
88,2009,0,1,0,0,0,0,0,0,0,0,0,0,0,0,1
89,2009,1,1,0,0,0,0,0,0,0,1,1,0,0,0,1
90,2009,0,0,0,0,0,0,0,0,0,0,0,0,0,0,0
91,2009,0,1,0,0,0,0,0,0,0,0,0,0,0,0,0
92,2009,0,1,0,0,0,0,0,0,0,0,0,0,0,0,1
93,2009,1,1,0,0,0,0,0,0,0,0,1,0,0,0,1
94,2009,1,1,0,0,0,0,0,0,0,1,0,0,0,0,1
95,2009,1,1,0,0,0,0,0,0,0,0,1,0,0,0,1
96,2009,1,1,0,0,0,0,0,0,0,0,0,0,0,0,1
97,2009,1,1,0,0,0,0,0,0,0,0,0,0,0,0,1
98,2009,1,0,0,0,0,0,0,1,0,0,0,0,0,0,0
99,2009,1,1,0,0,0,0,0,0,0,0,1,1,0,0,0
100,2009,1,1,0,0,0,0,0,0,0,1,0,0,0,0,1
101,2009,1,0,0,0,0,0,0,0,0,0,0,0,0,0,0
102,2009,0,0,0,0,0,0,0,0,0,0,0,0,0,0,0
103,2009,0,1,0,0,0,0,0,0,0,0,0,0,0,0,1
104,2009,1,1,0,0,0,0,1,1,1,0,1,1,0,0,1
105,2009,1,1,0,0,0,0,0,0,0,0,0,0,0,0,0
106,2009,0,0,0,0,0,0,0,0,0,0,0,0,0,0,0
107,2009,0,1,0,0,0,0,0,0,1,0,0,0,0,0,1
108,2009,1,1,0,0,0,0,0,0,0,1,0,0,0,0,1
109,2009,1,1,0,0,0,0,0,0,0,0,1,0,0,0,1
110,2009,1,1,0,0,0,0,0,0,0,0,0,0,0,0,0
111,2009,1,1,0,0,0,0,0,0,0,0,0,0,0,0,1
112,2009,1,1,0,0,0,0,0,0,0,0,1,0,0,0,1
113,2009,0,1,0,0,0,0,0,0,0,0,0,0,0,0,0
114,2009,1,1,0,0,0,0,0,0,0,0,0,0,0,0,0
115,2009,1,1,1,0,0,0,0,1,0,0,0,0,0,0,1
116,2009,1,1,0,0,0,0,0,0,0,0,1,0,0,0,0
117,2009,1,1,0,0,0,0,0,0,0,0,1,0,0,0,0
118,2009,1,1,0,0,0,0,0,0,0,0,0,0,0,0,1
119,2009,1,1,0,0,0,0,0,1,0,0,1,0,0,0,0
120,2009,1,1,0,0,0,0,0,0,0,0,0,0,0,0,0
121,2009,0,0,0,0,0,0,0,0,0,0,0,0,0,0,1
122,2009,1,1,0,0,0,0,0,0,0,0,0,0,0,0,1
123,2009,1,0,0,0,0,0,0,0,0,0,0,0,0,0,0
124,2009,1,1,0,0,0,0,0,0,0,0,0,0,0,0,0
125,2009,1,1,0,0,0,0,0,0,0,0,1,0,0,0,1
126,2009,1,1,1,0,0,0,0,0,0,0,0,0,0,0,1
127,2009,1,1,0,0,0,0,1,0,0,0,1,0,0,0,0
128,2009,1,1,0,0,0,0,0,0,0,0,0,0,0,0,0
129,2009,0,0,0,0,0,0,0,0,0,0,0,0,0,0,1
130,2009,1,0,0,0,0,0,0,0,0,0,0,0,0,0,0
131,2009,1,1,0,0,0,0,0,0,1,1,0,0,0,0,1
132,2009,1,1,0,0,0,0,0,0,0,0,1,0,0,0,0
133,2009,1,0,0,0,0,0,0,0,0,0,0,0,0,0,0
134,2009,0,1,0,0,0,0,0,1,1,0,1,0,0,0,1
135,2009,0,0,0,0,0,0,0,0,0,0,0,0,0,0,0
136,2009,1,1,0,0,0,0,0,0,0,0,0,0,0,0,1
137,2009,1,1,0,0,0,0,0,1,0,0,1,0,0,0,1
138,2009,1,1,0,0,0,0,1,0,0,0,1,0,0,0,1
139,2009,0,0,0,0,0,0,0,0,0,0,0,0,0,0,0
140,2009,0,0,0,0,0,0,0,0,0,0,0,0,0,0,0
141,2009,1,0,0,0,0,0,0,0,1,0,0,0,0,0,0
142,2009,1,1,0,0,0,0,0,0,0,0,0,0,0,0,1
143,2009,1,1,0,0,0,0,0,0,0,0,0,0,0,0,0
144,2009,1,1,0,0,0,0,0,0,0,0,1,0,0,0,1
145,2009,1,1,0,0,0,0,0,0,0,0,0,0,0,0,1
146,2009,0,1,0,0,0,0,0,0,0,0,1,0,0,0,1
147,2009,1,1,0,0,0,0,0,0,0,0,0,0,0,0,0
148,2009,0,1,0,0,0,0,0,0,0,0,0,0,0,0,0
149,2009,1,1,0,0,0,0,0,0,0,0,1,0,0,0,1
150,2009,1,1,0,0,0,0,0,0,0,0,1,0,0,0,1
151,2009,1,1,0,0,0,0,0,0,0,0,1,0,0,0,1
152,2009,1,1,0,0,0,0,0,0,0,0,1,0,0,0,0
153,2009,1,1,0,0,0,0,0,0,0,0,1,0,0,0,0
154,2009,1,1,0,0,0,0,0,0,0,0,1,0,0,0,1
155,2009,1,1,0,0,0,0,0,0,0,0,0,0,0,0,1
156,2009,1,1,1,0,0,0,0,0,0,0,0,0,0,0,1
157,2009,1,0,0,0,0,0,1,1,1,0,1,0,0,0,1
158,2009,1,1,0,0,0,0,0,0,0,0,1,0,0,0,0
159,2009,0,0,0,0,0,0,0,0,1,0,0,0,0,0,0
160,2009,1,1,0,0,0,0,1,0,0,0,0,0,0,0,0
161,2009,0,0,0,0,0,0,0,0,0,0,0,0,0,0,0
162,2009,0,1,0,0,0,0,0,0,0,0,0,0,0,0,0
163,2009,1,1,0,0,0,0,0,0,0,0,0,0,0,0,1
164,2009,1,1,0,0,0,0,0,0,0,0,1,0,0,0,0
165,2009,1,1,0,0,0,0,1,0,0,0,1,0,0,0,1
166,2009,0,0,0,0,0,0,0,0,0,0,0,0,0,0,1
167,2009,1,1,0,0,0,0,0,0,0,0,1,0,0,0,0
168,2009,1,1,0,0,0,0,0,0,0,0,1,0,0,0,1
169,2009,1,1,0,0,0,0,0,0,0,0,1,0,0,0,1
170,2009,0,0,1,0,0,0,0,1,1,0,1,0,0,0,1
171,2009,1,1,0,0,0,0,0,0,0,0,0,0,0,0,1
172,2009,0,1,0,0,0,0,0,0,0,0,0,0,0,0,1
173,2009,1,1,0,0,0,0,0,0,0,0,1,0,0,0,1
174,2009,0,1,0,0,0,0,1,0,0,0,1,0,0,0,0
175,2009,0,1,0,0,0,0,0,0,0,0,0,0,0,0,1
176,2009,1,0,0,0,0,0,0,0,0,0,0,0,0,0,1
177,2009,1,1,0,0,0,0,0,0,0,0,1,0,0,0,1
178,2009,0,1,0,0,0,0,0,0,0,0,0,0,0,0,0
179,2009,0,0,0,0,0,0,0,0,0,0,0,0,0,0,0
180,2009,1,0,1,0,1,0,0,1,0,0,0,0,0,0,1
181,2009,0,0,0,0,0,0,0,0,0,0,0,0,0,0,0
182,2009,1,1,0,0,0,0,0,0,0,0,1,0,0,0,1
183,2009,1,0,0,0,0,0,0,1,1,0,1,0,0,0,0
184,2009,1,1,0,0,0,0,0,0,0,0,0,0,0,0,1
185,2009,1,1,0,0,0,0,1,0,0,0,1,0,0,0,1
186,2009,1,1,0,0,0,0,0,0,0,0,1,0,0,0,1
187,2009,1,1,0,0,0,0,0,0,0,0,0,0,0,0,0
188,2009,1,1,0,0,0,0,0,0,0,0,1,0,0,0,1
189,2009,0,0,0,0,0,0,0,0,0,0,0,0,0,0,0
190,2009,1,1,0,0,0,0,0,1,0,0,0,0,0,0,1
191,2009,0,0,0,0,0,0,0,0,0,0,0,0,0,0,0
192,2009,1,1,0,0,0,0,0,0,0,0,0,0,0,0,1
193,2009,1,1,0,0,0,0,0,0,0,0,1,0,0,0,0
194,2009,1,1,0,0,0,0,0,1,0,0,1,0,0,0,1
195,2009,1,1,0,0,0,0,0,0,0,0,1,0,0,0,1
196,2009,1,1,1,0,0,0,0,1,0,0,1,0,0,0,1
197,2009,1,1,0,0,0,0,0,0,0,0,1,0,0,0,1
198,2009,1,1,0,0,0,0,0,0,0,0,1,0,0,0,1
199,2009,1,1,0,0,0,0,0,0,0,0,1,0,0,0,1
200,2009,1,1,0,0,0,0,0,0,0,0,1,0,0,0,1
201,2009,1,1,0,0,0,0,1,0,0,0,1,0,0,0,1
202,2009,0,0,0,0,0,0,0,0,0,0,0,0,0,0,1
203,2009,1,1,0,0,0,0,0,0,0,0,1,0,0,0,1
204,2009,0,1,0,0,0,0,0,1,1,0,1,0,0,0,1
205,2009,1,1,0,0,0,0,0,1,0,0,0,0,0,0,1
206,2009,1,1,0,0,0,0,0,0,0,1,1,0,0,0,1
207,2009,0,0,0,0,0,0,0,0,0,0,0,0,0,0,0
208,2009,1,0,0,0,0,0,0,0,0,0,0,0,0,0,0
209,2009,1,1,0,0,0,0,0,0,0,0,1,0,0,0,1
210,2009,1,1,0,0,0,0,0,0,0,0,1,0,0,0,1
211,2009,0,1,0,0,0,0,0,0,0,0,0,0,0,0,0
212,2009,1,1,0,0,0,0,0,0,0,0,1,0,0,0,1
213,2009,0,1,0,0,0,0,0,0,0,0,1,0,0,0,1
214,2009,1,1,0,0,0,0,0,0,0,0,1,0,0,0,1
215,2009,1,1,0,0,0,0,0,0,0,0,1,0,0,0,0
216,2009,1,1,0,0,0,0,0,0,0,0,1,0,0,0,1
217,2009,1,1,0,0,0,0,0,0,0,0,0,0,0,0,1
218,2009,1,1,0,0,0,0,0,0,0,0,1,0,0,0,0
219,2009,0,1,0,0,0,0,1,0,0,0,1,0,0,0,1
220,2009,1,1,0,0,0,0,0,0,0,0,1,0,0,0,1
221,2009,1,1,0,0,0,0,0,0,0,0,0,0,0,0,0
222,2009,1,1,0,0,0,0,1,1,0,0,0,0,0,0,1
223,2009,1,1,0,0,0,0,0,0,0,0,1,0,0,0,1
224,2009,1,1,0,0,0,0,1,1,1,0,1,0,0,0,1
225,2009,1,1,0,0,0,0,1,0,0,0,0,0,0,0,1
226,2009,1,1,0,0,0,0,1,0,0,0,1,0,0,0,1
227,2009,1,1,0,0,0,0,0,0,0,0,1,0,0,0,1
228,2009,1,1,0,0,0,0,0,0,0,0,1,0,0,0,0
229,2009,1,1,0,0,0,0,0,0,0,0,0,0,0,0,0
230,2009,0,0,0,0,0,0,1,0,0,0,0,0,0,0,1
231,2009,1,1,0,0,0,0,0,0,0,0,0,0,0,0,0
232,2009,1,1,0,0,0,0,0,0,0,0,1,0,0,0,0
233,2009,1,1,0,0,0,0,1,0,0,0,1,0,0,0,1
234,2009,1,1,0,0,0,0,0,0,0,0,1,0,0,0,0
235,2009,0,1,0,0,0,0,0,0,0,0,0,0,0,0,1
236,2009,1,1,0,0,0,0,0,0,0,0,0,0,0,0,1
237,2009,1,1,0,0,0,0,0,0,0,1,0,0,0,0,1
238,2009,1,1,0,0,0,0,0,0,0,0,1,0,0,0,0
239,2009,1,1,0,0,0,0,0,0,0,0,0,0,0,0,1
240,2009,1,1,0,0,0,0,0,0,0,0,1,0,0,0,0
241,2009,0,1,0,0,0,0,0,0,0,0,0,0,0,0,0
242,2009,1,1,0,0,0,0,0,0,0,0,0,0,0,0,1
243,2009,1,1,0,0,0,0,0,0,0,0,1,0,0,0,1
244,2009,1,1,0,0,0,0,0,0,0,1,0,0,0,0,1
245,2009,1,1,0,0,0,0,0,0,0,0,0,0,0,0,1
246,2009,1,0,0,0,0,0,0,0,0,0,0,0,0,0,0
247,2009,0,0,0,0,0,0,0,0,0,0,0,0,0,0,0
248,2009,0,0,0,0,0,0,0,0,0,0,0,0,0,0,0
249,2009,1,1,0,0,0,0,0,0,0,0,0,0,0,0,0
250,2009,1,1,0,0,0,0,0,0,0,1,1,0,0,0,1
251,2009,1,0,0,0,0,0,0,0,1,0,0,0,0,0,0
252,2009,1,1,0,0,0,0,0,0,0,0,0,0,0,0,0
253,2009,0,0,0,0,0,0,0,0,0,0,0,0,0,0,0
254,2009,1,1,0,0,0,0,0,0,0,0,1,0,0,0,0
255,2009,1,1,1,0,0,0,0,0,0,0,0,0,0,0,0
256,2009,1,1,0,0,0,0,0,0,0,0,1,0,0,0,0
257,2009,1,1,0,0,0,0,0,0,0,0,0,0,0,0,1
258,2009,1,1,1,0,0,0,0,0,0,0,0,0,0,0,0
259,2009,1,1,1,0,0,0,0,1,0,0,1,0,0,0,0
260,2009,1,1,0,0,0,0,0,0,0,0,0,0,0,0,1
261,2009,1,1,0,0,0,0,0,0,0,0,1,0,0,0,1
262,2009,1,1,0,0,0,0,0,0,0,1,1,0,0,0,0
263,2009,1,1,0,0,0,0,0,0,0,0,0,0,0,0,1
264,2009,1,1,1,0,0,0,0,0,0,0,0,0,0,0,1
265,2009,1,1,0,0,0,0,1,0,0,0,1,0,0,0,0
266,2009,0,1,0,0,0,0,0,0,0,0,0,0,0,0,0
267,2009,1,0,0,0,0,0,0,0,0,0,1,0,0,0,0
268,2009,1,1,1,0,0,0,1,0,0,0,1,0,0,0,1
269,2009,1,1,0,0,0,0,0,0,0,0,0,0,0,0,0
270,2009,1,1,0,0,0,0,0,0,0,0,1,0,0,0,1
271,2009,1,1,0,0,0,0,0,0,0,0,1,0,0,0,0
272,2009,1,1,0,0,0,0,0,0,0,0,1,0,0,0,0
273,2009,1,1,0,0,0,0,0,0,0,0,1,0,0,0,1
274,2009,0,1,0,0,0,0,0,0,0,0,1,0,0,0,0
275,2009,0,1,0,0,0,0,0,0,0,0,0,0,0,0,0
276,2009,1,1,0,0,0,0,0,0,0,0,1,0,0,0,1
277,2009,0,1,0,0,0,0,1,0,1,0,1,0,0,0,0
278,2009,1,1,0,0,0,0,0,1,0,0,1,0,0,0,0
279,2009,1,1,0,0,0,0,0,0,0,1,1,0,0,0,0
280,2009,0,1,0,0,0,0,0,0,0,0,1,0,0,0,1
281,2009,1,1,0,0,0,0,1,0,0,0,1,0,0,0,1
282,2009,0,1,0,0,0,0,0,0,0,0,0,0,0,0,0
283,2009,1,1,0,0,0,0,0,0,0,1,0,0,0,0,1
284,2009,1,1,0,0,0,0,0,0,0,1,1,0,0,0,1
285,2009,1,1,0,0,0,0,0,0,0,0,0,0,0,0,0
286,2009,1,1,0,0,0,0,0,0,0,0,0,0,0,0,0
287,2009,1,1,0,0,0,0,0,0,0,0,0,0,0,0,1
288,2009,0,1,0,0,0,0,0,0,0,0,0,0,0,0,0
289,2009,1,1,0,0,0,0,0,0,0,0,0,0,0,0,0
290,2009,1,1,0,0,0,0,0,1,1,0,1,0,0,0,0
291,2009,0,0,0,0,0,0,0,0,0,0,0,0,0,0,1
292,2009,1,1,0,0,0,0,0,0,0,0,0,0,0,0,0
293,2009,1,1,0,0,0,0,0,0,0,0,0,0,0,0,0
294,2009,1,1,1,0,0,0,0,0,0,0,1,0,0,0,1
295,2009,1,1,0,0,0,0,0,0,0,0,0,0,0,0,0
296,2009,0,1,0,0,0,0,0,0,0,0,0,0,0,0,0
297,2009,1,1,0,0,0,0,0,0,0,0,1,0,0,0,1
298,2009,1,0,0,0,0,0,0,0,0,1,0,0,0,0,1
299,2009,1,1,0,0,0,0,0,0,0,0,0,0,0,0,1
300,2009,1,1,0,0,0,0,0,0,0,0,0,0,0,0,1
1,2010,0,0,0,0,0,0,0,0,0,0,1,0,0,0,0
2,2010,1,1,0,0,0,0,0,0,0,0,0,0,0,0,1
3,2010,0,1,0,0,0,0,1,1,0,0,1,0,0,0,1
4,2010,0,0,0,0,0,0,0,0,0,0,0,0,0,0,0
5,2010,1,1,0,0,0,0,0,0,0,0,1,0,0,0,1
6,2010,0,0,0,0,0,0,0,0,0,0,0,0,0,0,0
7,2010,1,1,0,0,0,0,0,0,0,0,0,0,0,0,1
8,2010,0,1,0,0,0,0,0,0,0,0,1,0,0,0,0
9,2010,1,1,0,0,0,0,0,0,0,0,0,0,0,0,0
10,2010,0,0,0,0,0,0,0,0,0,0,0,0,0,0,0
11,2010,0,1,0,0,0,0,0,0,0,0,1,0,0,0,0
12,2010,1,1,0,0,0,0,0,0,0,0,1,0,0,0,0
13,2010,1,1,1,0,0,0,0,0,0,1,1,0,0,0,0
14,2010,1,1,0,0,0,0,0,0,0,0,0,0,0,0,0
15,2010,1,0,0,0,0,0,0,0,0,0,0,0,0,0,0
16,2010,0,1,0,0,0,0,1,0,0,0,1,0,0,0,1
17,2010,1,1,0,0,0,0,1,1,0,0,1,0,0,0,1
18,2010,0,1,0,0,0,0,0,0,0,0,0,0,0,0,0
19,2010,0,0,0,0,0,0,0,1,1,0,0,0,0,0,1
20,2010,1,1,0,0,0,0,1,0,0,0,0,0,0,0,1
21,2010,1,1,0,0,0,0,0,0,0,0,0,0,0,0,0
22,2010,1,1,0,0,0,0,0,0,0,0,0,0,0,0,1
23,2010,0,1,0,0,0,0,0,0,0,0,0,0,0,0,0
24,2010,1,1,0,0,0,0,1,0,0,0,0,0,0,0,1
25,2010,0,0,0,0,0,0,0,0,0,0,0,0,0,0,0
26,2010,1,1,0,0,0,0,0,0,0,0,0,0,0,0,1
27,2010,0,1,0,0,0,0,0,0,0,0,0,0,0,0,1
28,2010,0,1,0,0,0,0,0,0,0,0,0,0,0,0,0
29,2010,0,0,0,0,0,0,1,0,1,0,1,0,0,0,0
30,2010,0,1,0,0,0,0,0,0,0,0,0,0,0,0,0
31,2010,1,1,0,0,0,0,0,0,0,1,0,0,0,0,0
32,2010,0,0,0,0,0,0,0,0,0,0,0,0,0,0,0
33,2010,1,1,0,0,0,0,0,0,0,0,0,0,0,0,1
34,2010,1,1,0,0,0,0,0,1,1,0,1,0,0,0,0
35,2010,0,0,0,0,0,0,0,0,0,0,0,0,0,0,0
36,2010,0,1,0,0,0,0,0,0,0,0,1,0,0,0,0
37,2010,1,1,0,0,0,0,0,0,0,0,1,0,0,1,0
38,2010,0,0,0,0,0,0,0,0,0,0,0,0,0,0,0
39,2010,0,0,0,0,0,0,0,0,0,0,0,0,0,0,0
40,2010,0,0,0,0,0,0,0,0,0,0,0,0,0,0,0
41,2010,1,1,0,0,0,0,0,0,0,0,0,0,0,0,0
42,2010,1,1,0,0,0,0,1,1,1,0,1,0,0,0,0
43,2010,0,0,0,0,0,0,0,0,0,0,0,0,0,0,0
44,2010,0,1,0,0,0,0,1,0,0,1,0,0,0,0,0
45,2010,0,0,0,0,0,0,0,0,0,0,0,0,0,0,0
46,2010,1,1,0,0,0,0,0,0,0,0,0,0,0,0,1
47,2010,0,1,0,0,0,0,0,0,0,0,0,0,0,0,1
48,2010,1,1,0,0,0,1,0,0,0,0,1,0,0,0,0
49,2010,1,1,0,0,0,0,0,0,0,0,0,0,0,0,1
50,2010,0,0,0,0,0,0,0,0,0,0,0,0,0,0,0
51,2010,0,1,0,0,0,0,0,0,0,0,0,0,0,0,0
52,2010,1,1,0,0,0,0,1,0,0,0,1,0,0,0,1
53,2010,1,1,0,0,0,0,0,0,0,0,1,0,0,0,0
54,2010,0,1,0,0,0,0,0,0,0,0,0,0,0,0,1
55,2010,1,1,0,0,0,0,0,0,0,0,1,0,0,0,0
56,2010,0,1,0,0,0,0,0,0,0,0,1,0,0,0,1
57,2010,0,0,0,0,0,0,0,0,0,0,0,0,0,0,0
58,2010,1,1,0,0,0,0,0,0,0,0,0,0,0,0,0
59,2010,0,0,0,0,0,0,0,0,0,0,0,0,0,0,0
60,2010,1,1,0,0,0,0,0,0,0,0,1,0,0,0,0
61,2010,0,0,0,0,0,0,0,0,0,0,0,0,0,0,0
62,2010,0,1,0,0,0,0,0,0,0,0,0,0,0,0,0
63,2010,1,1,0,0,0,0,0,0,0,0,0,0,0,0,1
64,2010,0,1,0,0,0,0,0,0,0,0,0,0,0,0,1
65,2010,1,1,0,0,0,0,0,0,0,0,1,0,0,0,0
66,2010,0,0,0,0,0,0,0,0,0,0,0,0,0,0,1
67,2010,1,1,0,0,0,0,0,1,0,1,1,0,0,0,1
68,2010,1,1,0,0,0,0,0,0,0,0,1,0,0,0,0
69,2010,1,1,0,0,0,0,0,0,0,0,0,0,0,0,1
70,2010,1,1,0,0,0,0,0,0,0,0,0,0,0,0,0
71,2010,0,0,0,0,0,0,0,0,0,0,0,0,0,0,0
72,2010,1,1,0,0,0,0,0,0,0,0,1,0,0,0,0
73,2010,1,1,0,0,0,0,0,0,0,0,1,0,0,0,0
74,2010,1,1,0,0,0,0,1,0,0,0,0,0,0,0,1
75,2010,1,1,0,0,0,0,0,0,0,0,0,0,0,0,0
76,2010,1,1,0,0,0,0,0,0,0,0,0,0,0,0,0
77,2010,1,1,0,0,0,0,0,0,0,0,0,0,0,0,0
78,2010,0,1,0,0,0,0,0,0,0,0,0,0,0,0,0
79,2010,1,1,0,0,0,0,0,0,0,0,1,0,0,0,1
80,2010,0,1,0,0,0,0,0,0,0,0,1,0,0,0,0
81,2010,0,1,0,0,0,0,0,0,0,0,0,0,0,0,0
82,2010,1,1,1,0,0,0,0,0,0,1,1,0,0,0,1
83,2010,1,1,0,0,0,0,0,0,0,0,1,0,0,0,1
84,2010,0,0,0,0,0,0,0,0,0,0,0,0,0,0,0
85,2010,0,0,0,0,0,0,0,0,0,0,0,0,0,0,1
86,2010,0,0,0,0,0,0,0,0,0,0,0,0,0,0,0
87,2010,0,0,0,0,0,0,0,0,0,0,0,0,0,0,0
88,2010,0,1,0,0,0,0,0,0,0,0,0,0,0,0,0
89,2010,1,1,0,0,0,0,0,1,1,0,0,0,0,0,0
90,2010,0,0,0,0,0,0,0,0,0,0,0,0,0,0,0
91,2010,0,1,0,0,0,0,0,0,0,0,0,0,0,0,0
92,2010,1,1,0,0,0,0,0,0,0,0,1,0,0,0,0
93,2010,1,1,0,0,0,0,0,0,0,0,1,0,0,0,0
94,2010,1,1,0,0,0,0,0,0,0,0,0,0,0,0,0
95,2010,1,1,0,0,0,0,0,0,0,1,0,0,0,0,0
96,2010,1,1,0,0,0,0,0,0,0,0,1,0,0,0,0
97,2010,1,1,0,0,0,0,0,0,0,0,0,0,0,0,1
98,2010,1,0,0,0,0,0,0,0,0,0,1,0,0,0,0
99,2010,1,1,0,0,0,0,0,0,0,0,0,0,0,0,1
100,2010,1,1,0,0,0,0,0,0,0,0,1,0,0,0,1
101,2010,1,1,0,0,0,0,0,1,1,0,1,0,0,0,1
102,2010,1,1,0,0,0,0,0,0,0,0,0,0,0,0,0
103,2010,0,0,0,0,0,0,0,0,0,0,1,0,0,0,0
104,2010,1,1,0,0,0,0,0,0,0,0,1,0,0,0,0
105,2010,1,1,0,0,0,0,0,0,0,0,1,0,0,0,0
106,2010,0,0,0,0,0,0,0,0,0,0,0,0,0,0,0
107,2010,1,1,0,0,0,0,0,0,0,0,0,0,0,0,1
108,2010,1,1,0,0,0,0,0,0,0,0,0,0,0,0,0
109,2010,1,1,0,0,0,0,0,0,0,0,1,0,0,0,1
110,2010,0,1,0,0,0,0,0,0,0,0,0,0,0,0,0
111,2010,1,1,0,0,0,0,0,0,0,0,1,0,0,0,1
112,2010,1,1,0,0,0,0,0,0,0,0,0,0,0,0,0
113,2010,0,1,0,0,0,0,0,0,0,0,1,0,0,0,1
114,2010,1,1,0,0,0,0,0,0,0,0,0,0,0,0,0
115,2010,0,1,0,0,0,0,1,0,0,0,1,0,0,0,1
116,2010,1,1,0,0,0,0,0,0,0,0,1,0,0,0,0
117,2010,1,1,0,0,0,0,0,0,0,0,1,0,0,0,0
118,2010,1,1,0,0,0,0,0,0,0,0,0,0,0,0,0
119,2010,0,1,0,0,0,0,0,0,0,0,0,0,0,0,0
120,2010,1,1,0,0,0,0,0,0,0,0,0,0,0,0,0
121,2010,0,0,0,0,0,0,0,0,0,0,0,0,0,0,0
122,2010,1,1,1,0,0,0,0,0,1,1,1,0,0,0,1
123,2010,0,0,0,0,0,0,0,0,0,0,0,0,0,0,0
124,2010,0,1,0,0,0,0,0,0,0,0,0,0,0,0,0
125,2010,1,1,0,0,0,0,0,0,0,0,1,0,0,0,0
126,2010,1,1,0,0,0,0,0,0,0,0,0,0,0,0,0
127,2010,1,1,0,0,0,0,0,0,0,0,0,0,0,0,0
128,2010,1,1,0,0,0,0,0,0,0,0,0,0,0,0,1
129,2010,0,0,0,0,0,0,0,0,0,0,0,0,0,0,0
130,2010,0,0,0,0,0,0,0,0,0,0,0,0,0,0,0
131,2010,1,1,0,0,0,0,0,0,0,0,0,0,0,0,0
132,2010,1,1,0,0,0,0,0,0,0,0,0,0,0,0,0
133,2010,1,1,0,0,0,0,0,0,0,0,0,0,0,0,0
134,2010,0,0,0,0,0,0,0,1,1,0,1,0,0,0,0
135,2010,1,1,0,0,0,0,0,0,0,0,1,0,0,0,0
136,2010,1,1,0,0,0,0,0,0,0,0,1,0,0,0,0
137,2010,1,1,1,0,0,0,0,0,0,0,1,0,0,0,1
138,2010,1,1,0,0,0,0,0,0,0,0,1,0,0,0,0
139,2010,0,0,0,0,0,0,1,1,1,0,1,0,0,0,1
140,2010,0,0,0,0,0,0,1,0,0,0,1,0,0,0,1
141,2010,0,0,0,0,0,0,0,0,0,0,0,0,0,0,0
142,2010,0,1,0,0,0,0,1,0,0,0,0,0,0,0,0
143,2010,1,0,0,0,0,0,0,0,0,0,0,0,0,0,0
144,2010,0,1,0,0,0,0,0,0,0,0,0,0,0,0,0
145,2010,0,1,0,0,0,0,0,0,0,0,0,0,0,0,0
146,2010,0,1,0,0,0,0,0,0,0,0,0,0,0,0,1
147,2010,1,1,0,0,0,0,0,0,0,0,0,0,0,0,1
148,2010,0,1,0,0,0,0,0,1,0,0,1,0,0,0,0
149,2010,1,1,1,0,0,0,0,1,1,0,1,0,0,0,0
150,2010,1,1,0,0,0,0,0,0,0,0,0,0,0,0,0
151,2010,0,1,0,0,0,0,0,0,0,0,0,0,0,0,1
152,2010,1,1,0,0,0,0,0,0,0,0,0,0,0,0,0
153,2010,1,1,0,0,0,0,0,0,0,0,1,0,0,0,0
154,2010,1,1,0,0,0,0,0,0,0,0,1,0,0,0,0
155,2010,1,1,0,0,0,0,0,0,0,0,0,0,0,0,0
156,2010,1,1,0,0,0,0,0,1,1,0,1,0,0,0,1
157,2010,0,1,1,0,0,0,1,0,0,0,1,0,0,0,1
158,2010,0,1,0,0,0,0,0,0,0,0,1,0,0,0,0
159,2010,0,1,0,0,0,0,1,0,0,0,1,0,0,0,0
160,2010,1,1,0,0,0,0,1,0,1,0,1,0,0,0,1
161,2010,0,0,0,0,0,0,0,0,0,0,0,0,0,0,0
162,2010,1,1,0,0,0,0,0,0,0,0,0,0,0,0,0
163,2010,1,1,0,0,0,0,0,0,0,1,1,0,0,0,0
164,2010,1,1,0,0,0,0,0,0,0,0,1,0,0,0,0
165,2010,1,1,1,0,0,0,1,1,1,0,1,0,0,0,1
166,2010,0,1,0,0,0,0,1,1,1,0,0,0,0,0,0
167,2010,1,1,0,0,0,0,0,0,0,0,1,0,0,0,0
168,2010,0,1,0,0,0,0,0,0,0,0,1,0,0,0,1
169,2010,1,1,0,0,0,0,0,0,0,0,1,0,0,0,1
170,2010,0,0,0,0,0,0,0,0,0,0,1,0,0,0,1
171,2010,0,1,0,0,0,0,0,0,0,0,1,0,0,0,0
172,2010,0,0,0,0,0,0,0,0,0,0,1,0,0,0,1
173,2010,1,1,0,0,0,0,0,0,0,0,0,0,0,0,1
174,2010,1,1,0,0,0,0,0,0,0,0,1,0,0,0,1
175,2010,1,1,0,0,0,0,0,0,0,0,0,0,0,0,0
176,2010,0,0,0,0,0,0,0,0,0,0,0,0,0,0,1
177,2010,1,1,0,0,0,0,0,0,0,0,1,0,0,0,0
178,2010,1,0,0,0,0,0,0,0,0,0,1,0,0,0,1
179,2010,1,1,0,0,0,0,0,0,0,0,0,0,0,0,0
180,2010,0,1,0,0,0,0,0,0,0,0,0,0,0,0,0
181,2010,1,1,0,0,0,0,0,0,0,0,0,0,0,0,1
182,2010,0,1,0,0,0,0,0,0,0,1,0,0,0,0,0
183,2010,1,0,0,0,0,0,0,0,0,0,0,0,0,0,0
184,2010,1,1,0,0,0,0,0,0,0,0,1,0,0,0,1
185,2010,0,1,0,0,0,0,0,0,0,0,0,0,0,0,0
186,2010,1,1,0,0,0,0,0,0,0,0,0,0,0,0,0
187,2010,0,1,0,0,0,0,0,0,0,0,1,0,0,0,1
188,2010,1,1,1,0,0,0,0,0,0,0,1,0,0,0,0
189,2010,0,1,0,0,0,0,0,0,0,0,1,0,0,0,1
190,2010,1,1,0,0,0,0,0,0,0,0,0,0,0,0,1
191,2010,1,0,0,0,0,0,0,0,0,0,0,0,0,0,1
192,2010,1,1,1,0,0,0,0,0,0,0,0,0,0,0,1
193,2010,1,1,0,0,0,0,0,0,0,0,1,0,0,0,1
194,2010,1,1,0,0,0,0,0,0,0,0,1,0,0,0,0
195,2010,1,1,0,0,0,0,0,0,0,0,0,0,0,0,0
196,2010,0,1,0,0,0,0,0,0,0,0,0,0,0,0,1
197,2010,1,1,0,0,0,0,0,0,0,0,0,0,0,0,0
198,2010,1,1,0,0,0,0,0,0,0,0,0,0,0,0,1
199,2010,1,1,0,0,0,0,0,0,0,0,0,0,0,0,0
200,2010,1,1,0,0,0,0,0,0,0,0,1,0,0,0,1
201,2010,1,0,0,0,0,0,1,1,1,0,0,0,0,0,0
202,2010,0,1,0,0,0,0,0,0,0,0,1,0,0,0,0
203,2010,0,1,0,0,0,0,0,0,0,0,0,0,0,0,0
204,2010,0,1,0,0,0,0,0,1,1,0,0,0,0,0,0
205,2010,1,1,0,0,0,0,0,0,0,0,0,0,0,0,0
206,2010,1,1,0,0,0,0,0,0,0,0,0,0,0,0,0
207,2010,1,1,0,0,0,0,0,0,0,0,1,0,0,0,1
208,2010,1,1,0,0,0,0,0,0,0,0,1,0,0,0,1
209,2010,1,1,0,0,0,0,0,0,0,0,1,0,0,0,1
210,2010,1,1,0,0,0,0,0,0,0,0,0,0,0,0,0
211,2010,0,1,0,0,0,0,0,0,0,0,0,0,0,0,1
212,2010,1,1,0,0,0,0,0,0,0,0,0,0,0,0,1
213,2010,0,1,0,0,0,0,0,0,0,0,1,0,0,0,0
214,2010,1,1,0,0,0,0,0,0,0,0,0,0,0,0,0
215,2010,1,1,0,0,0,0,0,0,0,0,1,0,0,0,0
216,2010,1,1,0,0,0,0,0,0,0,0,1,0,0,0,0
217,2010,1,1,0,0,0,0,0,0,0,0,0,0,0,0,0
218,2010,0,1,0,0,0,0,0,0,0,0,1,0,0,0,0
219,2010,1,0,0,0,0,0,1,0,0,0,0,0,0,0,1
220,2010,1,1,1,0,0,0,0,0,0,0,1,0,0,0,1
221,2010,1,1,0,0,0,0,0,0,1,0,1,0,0,0,0
222,2010,0,1,0,0,0,0,0,1,0,0,1,0,0,0,0
223,2010,1,1,0,0,0,0,0,0,0,0,1,0,0,0,0
224,2010,0,1,0,0,0,0,1,0,0,0,1,0,0,0,0
225,2010,1,1,0,0,0,0,0,0,0,0,0,0,0,0,0
226,2010,1,1,0,0,0,0,0,0,0,0,1,0,0,0,1
227,2010,1,1,0,0,0,0,0,0,0,0,1,0,0,0,1
228,2010,1,1,0,0,0,0,0,0,0,0,0,0,0,0,0
229,2010,1,1,1,0,0,0,0,0,0,0,0,0,0,0,1
230,2010,1,1,0,0,0,0,0,1,1,0,1,0,0,0,0
231,2010,1,1,0,0,0,0,0,0,0,0,0,0,0,0,0
232,2010,1,1,0,0,0,0,0,0,0,0,1,0,0,0,1
233,2010,1,1,0,0,0,0,0,0,0,1,1,0,0,0,0
234,2010,1,1,0,0,0,0,0,0,0,0,0,0,0,0,1
235,2010,1,1,0,0,0,0,0,0,0,0,1,0,0,0,1
236,2010,1,1,0,0,0,0,0,0,0,0,0,0,0,0,0
237,2010,1,1,0,0,0,0,0,0,0,1,1,0,0,0,1
238,2010,0,1,0,0,0,0,0,0,0,0,1,0,0,0,0
239,2010,1,0,0,0,0,0,0,0,0,0,0,0,0,0,0
240,2010,1,1,0,0,0,0,0,0,0,0,0,0,0,0,0
241,2010,1,1,1,0,0,0,0,1,1,0,0,0,0,0,1
242,2010,1,1,0,0,0,0,0,0,0,0,1,0,0,0,0
243,2010,1,1,0,0,0,0,0,0,0,0,1,0,0,0,0
244,2010,1,0,0,0,0,0,0,0,0,0,0,0,0,0,0
245,2010,1,1,0,0,0,0,0,0,0,0,1,0,0,0,0
246,2010,1,0,0,0,0,0,1,0,1,0,1,0,0,0,0
247,2010,0,1,0,0,0,0,0,0,0,0,1,0,0,0,0
248,2010,1,1,0,0,0,0,0,1,1,0,0,0,0,0,1
249,2010,1,1,1,0,0,0,0,0,0,0,0,0,0,0,1
250,2010,1,1,0,0,0,0,0,0,0,1,0,0,0,0,1
251,2010,0,1,0,0,0,0,0,0,0,0,0,0,0,0,0
252,2010,0,0,0,0,0,0,0,0,0,0,0,0,0,0,0
253,2010,0,1,0,0,0,0,0,0,0,0,1,0,0,0,0
254,2010,1,1,0,0,0,0,0,0,0,0,0,0,0,0,1
255,2010,1,1,0,0,0,0,0,0,0,0,1,0,0,0,0
256,2010,1,1,0,0,0,0,0,0,0,0,0,0,0,0,0
257,2010,1,1,0,0,0,0,0,0,0,0,0,0,0,0,0
258,2010,1,1,0,0,0,0,0,0,0,0,0,0,0,0,0
259,2010,1,1,0,0,0,0,0,0,0,0,1,0,0,0,0
260,2010,1,1,0,0,0,0,0,0,0,0,1,0,0,0,0
261,2010,1,1,0,0,0,0,0,0,0,0,0,0,0,0,0
262,2010,1,1,0,0,0,0,0,0,0,0,0,0,0,0,0
263,2010,1,1,1,0,0,0,0,0,0,0,0,0,0,0,0
264,2010,1,1,0,0,0,0,0,0,0,0,0,0,0,0,0
265,2010,1,1,0,0,0,0,0,1,0,0,1,0,0,0,0
266,2010,1,1,0,0,0,0,0,0,0,0,0,0,0,0,0
267,2010,1,1,0,0,0,0,0,0,0,0,0,0,0,0,0
268,2010,1,1,0,0,0,0,1,0,0,0,1,0,0,0,0
269,2010,1,1,0,0,0,0,0,0,0,0,0,0,0,0,0
270,2010,1,1,0,0,0,0,0,0,0,0,0,0,0,0,0
271,2010,1,1,0,0,0,0,0,1,0,0,1,0,0,0,0
272,2010,1,1,0,0,0,0,0,0,0,0,0,0,0,0,0
273,2010,1,1,0,0,0,0,0,0,0,0,0,0,0,0,0
274,2010,1,1,0,0,0,0,0,0,0,0,1,0,0,0,0
275,2010,1,1,0,0,0,0,0,0,0,0,1,0,0,0,0
276,2010,1,1,0,0,0,0,1,0,0,0,1,0,0,0,0
277,2010,0,1,0,0,0,0,1,0,0,0,1,0,0,0,1
278,2010,1,1,0,0,0,0,0,0,1,0,1,0,0,0,0
279,2010,1,1,0,0,0,0,0,0,0,0,0,0,0,0,0
280,2010,1,1,0,0,0,0,0,0,0,0,0,0,0,0,1
281,2010,1,1,1,0,0,0,0,1,1,0,0,0,0,0,1
282,2010,0,0,0,0,0,0,0,0,0,0,0,0,0,0,0
283,2010,1,1,0,0,0,0,0,0,0,0,1,0,0,0,0
284,2010,1,1,0,0,0,0,0,0,0,0,1,0,0,0,1
285,2010,1,1,0,0,0,0,1,0,0,0,1,0,0,0,1
286,2010,1,1,0,0,0,0,0,0,0,0,0,0,0,0,0
287,2010,1,1,0,0,0,0,0,0,0,0,0,0,0,0,0
288,2010,0,1,0,0,0,0,0,0,0,0,0,0,0,0,0
289,2010,1,1,0,0,0,0,0,0,0,0,0,0,0,0,0
290,2010,1,1,1,0,0,0,1,1,1,0,1,1,0,0,1
291,2010,1,1,0,0,0,0,0,1,1,0,1,0,0,0,0
292,2010,1,1,0,0,0,0,0,0,0,0,0,0,0,0,0
293,2010,0,1,0,0,0,0,0,0,0,0,0,0,0,0,0
294,2010,1,1,0,0,0,0,0,0,0,0,0,0,0,0,0
295,2010,1,1,0,0,0,0,0,0,0,0,0,0,0,0,0
296,2010,1,1,0,0,0,0,0,0,0,0,0,0,0,0,0
297,2010,1,1,0,0,0,0,0,0,0,0,1,0,0,0,0
298,2010,1,1,0,0,0,0,0,0,0,0,0,0,0,0,0
299,2010,1,1,0,0,0,0,0,0,0,0,0,0,0,0,1
300,2010,1,1,1,0,0,0,0,0,0,0,1,0,0,0,1
1,2011,1,1,1,0,0,0,1,1,0,0,1,0,0,0,1
2,2011,1,1,0,0,0,0,0,0,0,0,1,0,0,0,1
3,2011,0,0,1,0,0,0,0,1,1,0,1,0,0,0,1
4,2011,1,0,0,0,0,0,0,0,0,0,0,0,0,0,0
5,2011,0,1,0,0,0,0,0,0,0,0,0,0,0,0,0
6,2011,0,0,0,0,0,0,0,0,0,0,0,0,0,0,0
7,2011,1,1,0,0,0,0,0,0,0,0,0,0,0,0,0
8,2011,1,1,0,0,1,0,0,1,1,0,1,1,0,0,0
9,2011,1,1,0,0,0,0,0,0,0,0,0,0,0,0,0
10,2011,1,1,0,0,0,0,1,0,0,0,0,0,0,0,1
11,2011,1,1,0,0,0,0,1,0,1,0,0,0,0,0,1
12,2011,1,1,0,0,0,0,0,0,0,0,1,0,0,0,0
13,2011,1,1,0,0,0,0,0,0,0,1,1,0,0,0,1
14,2011,1,1,0,0,0,0,0,1,0,0,1,0,0,0,0
15,2011,1,1,0,0,0,0,0,0,0,0,0,0,0,0,0
16,2011,1,0,0,0,0,0,0,0,0,0,0,0,0,0,0
17,2011,1,0,1,0,0,0,1,1,1,0,1,0,0,0,1
18,2011,0,1,0,0,0,0,0,0,0,0,0,0,0,0,0
19,2011,0,0,0,0,0,0,0,0,0,0,0,0,0,0,0
20,2011,1,1,0,0,0,0,1,0,0,0,0,0,0,0,1
21,2011,0,1,0,0,0,0,0,0,0,0,0,0,0,0,0
22,2011,1,1,0,0,0,0,0,0,0,0,0,0,0,0,1
23,2011,1,1,0,0,0,0,0,0,0,0,1,0,0,0,0
24,2011,1,1,0,0,0,0,0,0,0,0,1,0,0,0,0
25,2011,0,0,0,0,0,0,0,0,0,0,0,0,0,0,0
26,2011,1,1,0,0,0,0,0,0,0,0,0,0,0,0,0
27,2011,0,0,0,0,0,0,0,0,0,0,0,0,0,0,0
28,2011,1,1,0,0,0,0,0,0,0,0,1,0,0,0,1
29,2011,1,0,0,0,0,0,0,0,0,0,0,0,0,0,0
30,2011,1,1,0,0,0,0,1,0,0,0,1,0,0,0,1
31,2011,1,1,0,0,0,0,0,0,0,0,1,0,0,0,0
32,2011,1,1,0,0,0,0,0,0,0,0,0,0,0,0,1
33,2011,1,1,0,0,0,0,0,0,0,0,1,0,0,0,0
34,2011,1,1,1,0,0,0,1,1,1,0,1,1,0,0,1
35,2011,1,1,0,0,0,0,0,0,0,0,0,0,0,0,1
36,2011,1,1,0,0,0,0,0,0,0,0,0,0,0,0,0
37,2011,1,1,0,0,0,0,0,0,0,0,0,0,0,0,0
38,2011,1,1,0,0,0,0,0,0,0,0,1,0,0,0,1
39,2011,0,1,0,0,0,0,0,0,0,0,0,0,0,0,0
40,2011,0,0,0,0,0,0,1,0,0,0,1,0,0,0,1
41,2011,1,0,0,0,0,0,0,0,0,0,0,1,0,0,0
42,2011,1,1,1,0,0,0,1,1,1,0,1,0,0,0,1
43,2011,0,0,0,0,0,0,1,0,0,0,1,0,0,0,1
44,2011,1,1,0,0,0,0,0,0,0,1,1,0,0,0,1
45,2011,0,0,0,0,0,0,1,0,0,0,1,0,0,0,0
46,2011,1,1,0,0,0,0,0,0,0,0,1,0,0,0,0
47,2011,1,1,0,0,0,0,0,0,0,0,0,0,0,0,1
48,2011,1,1,0,0,0,0,0,0,0,1,1,0,0,0,1
49,2011,1,0,0,0,0,0,0,0,0,0,0,0,0,0,0
50,2011,0,0,0,0,0,0,0,0,0,0,0,0,0,0,1
51,2011,0,1,0,0,0,0,0,0,0,0,0,0,0,0,1
52,2011,1,1,0,0,0,0,0,0,0,0,0,0,0,0,1
53,2011,1,1,0,0,0,0,0,0,0,0,1,1,0,0,0
54,2011,1,1,0,0,0,0,0,0,0,0,0,0,0,0,0
55,2011,1,1,0,0,0,0,0,0,0,0,0,0,0,0,0
56,2011,1,1,0,0,0,0,0,1,1,0,1,0,0,0,1
57,2011,0,0,0,0,0,0,0,0,0,0,0,0,0,0,0
58,2011,1,1,0,0,0,0,0,0,0,0,0,0,0,0,0
59,2011,1,1,0,0,0,0,0,1,1,0,1,0,0,0,1
60,2011,1,1,0,0,0,0,0,0,0,0,1,0,0,0,1
61,2011,0,1,0,0,0,0,0,0,0,0,0,0,0,0,0
62,2011,1,1,0,0,0,0,0,0,0,0,1,0,0,0,0
63,2011,0,1,0,0,0,0,0,0,0,0,0,0,0,0,0
64,2011,1,1,0,0,0,0,0,0,0,1,0,0,0,0,1
65,2011,1,1,0,0,0,0,0,0,0,0,0,0,0,0,0
66,2011,0,1,0,0,0,0,0,0,1,0,1,0,0,0,0
67,2011,1,1,0,0,0,0,0,0,0,0,0,0,0,0,0
68,2011,1,1,0,0,0,0,0,0,0,0,1,0,0,0,1
69,2011,1,1,0,0,0,0,0,0,0,1,1,0,0,0,0
70,2011,1,1,0,0,0,0,0,0,0,0,1,0,0,0,1
71,2011,1,1,1,0,0,0,1,0,0,0,1,0,0,0,0
72,2011,1,1,0,0,0,0,0,0,0,0,1,0,0,0,1
73,2011,1,1,0,0,0,0,0,0,0,0,0,0,0,0,1
74,2011,0,1,0,0,0,0,0,1,1,0,0,0,0,0,0
75,2011,1,1,0,0,0,0,0,1,1,0,1,0,0,0,0
76,2011,1,1,0,0,0,0,0,0,0,0,1,0,0,0,0
77,2011,1,1,0,0,0,0,0,0,0,1,1,0,0,0,1
78,2011,1,1,0,0,0,0,0,0,0,0,0,0,0,0,1
79,2011,1,1,0,0,0,0,1,0,0,0,1,0,0,0,1
80,2011,1,1,1,0,0,0,0,0,0,0,1,0,0,0,1
81,2011,0,1,0,0,0,0,0,0,0,0,1,0,0,0,1
82,2011,1,1,0,0,0,0,0,0,0,1,1,0,0,0,1
83,2011,1,1,0,0,0,0,0,0,0,0,1,0,0,0,1
84,2011,1,0,0,0,0,0,1,0,0,0,1,0,0,0,0
85,2011,1,1,0,0,0,0,1,1,1,1,0,0,0,0,1
86,2011,0,1,0,0,0,0,0,0,0,0,0,0,0,0,0
87,2011,1,1,0,0,0,0,0,0,0,0,1,0,0,0,0
88,2011,1,1,0,0,0,0,0,0,0,0,0,0,0,0,0
89,2011,1,1,0,0,0,0,0,0,0,0,1,0,0,0,1
90,2011,0,0,0,0,0,0,0,0,0,0,0,0,0,0,0
91,2011,1,1,0,0,0,0,0,1,1,1,0,0,0,0,0
92,2011,1,0,0,0,0,0,1,0,0,0,0,0,0,0,0
93,2011,1,1,1,0,0,0,0,1,1,0,1,0,0,0,1
94,2011,1,1,0,0,0,0,0,0,0,0,1,1,0,0,0
95,2011,1,1,0,0,0,0,0,0,0,0,1,0,0,0,1
96,2011,1,1,0,0,0,0,0,0,0,1,0,0,0,0,0
97,2011,1,1,0,0,0,0,0,0,0,1,1,0,0,0,1
98,2011,1,1,0,0,0,0,0,0,0,0,0,1,0,0,1
99,2011,1,1,0,0,0,0,0,0,0,1,0,0,0,0,1
100,2011,1,1,0,0,0,0,0,0,0,0,0,0,0,0,0
101,2011,1,1,0,0,0,0,1,0,0,0,1,0,0,0,1
102,2011,1,1,0,0,0,0,0,0,0,0,1,0,0,0,1
103,2011,1,1,0,0,0,0,1,1,1,0,0,0,0,0,0
104,2011,1,0,1,0,0,0,1,1,1,1,1,1,0,0,1
105,2011,1,1,0,0,0,0,0,0,0,0,1,0,0,0,0
106,2011,1,1,0,0,0,0,0,0,0,0,0,0,0,0,0
107,2011,1,1,0,0,0,0,1,1,1,0,1,0,0,0,1
108,2011,1,1,0,0,0,0,0,0,0,0,1,0,0,0,1
109,2011,1,1,0,0,0,0,0,0,0,0,1,0,0,0,0
110,2011,1,1,0,0,0,0,0,0,0,0,0,0,0,0,1
111,2011,1,1,1,0,0,0,0,1,0,0,1,0,0,0,1
112,2011,1,1,0,0,0,0,0,0,0,0,0,0,0,0,0
113,2011,0,0,0,0,0,0,0,0,0,0,1,0,0,0,1
114,2011,1,1,1,0,0,0,1,0,1,0,1,0,0,0,0
115,2011,1,1,0,0,0,0,1,1,0,0,1,0,0,0,1
116,2011,1,1,0,0,0,0,0,0,0,0,0,0,0,0,0
117,2011,1,1,1,0,0,0,0,0,0,0,1,0,0,0,0
118,2011,1,1,0,0,0,0,1,0,0,0,0,0,0,0,1
119,2011,0,1,0,0,0,0,1,1,0,0,0,0,0,0,0
120,2011,1,1,0,0,0,0,0,0,0,0,1,0,0,0,0
121,2011,1,1,0,0,0,0,0,0,0,0,1,0,0,0,1
122,2011,1,1,0,0,0,0,0,0,0,1,0,0,0,0,1
123,2011,1,1,0,0,0,0,0,0,0,0,0,0,0,0,1
124,2011,1,1,0,0,0,0,0,0,0,0,1,0,0,0,1
125,2011,1,1,1,0,0,0,0,0,1,0,0,0,0,0,0
126,2011,1,1,0,0,0,0,0,0,0,0,0,0,0,0,0
127,2011,1,1,0,0,0,0,0,0,0,0,0,0,0,0,1
128,2011,1,1,0,0,0,0,0,1,0,0,1,0,0,0,1
129,2011,0,1,0,0,0,0,0,0,0,0,0,0,0,0,1
130,2011,1,1,0,0,0,0,0,0,0,0,1,0,0,0,0
131,2011,1,1,0,0,0,0,0,0,0,1,1,0,0,0,0
132,2011,1,1,0,0,0,0,1,0,0,0,1,0,0,0,0
133,2011,1,1,0,0,0,0,0,0,0,0,0,0,0,0,0
134,2011,0,0,0,0,0,0,0,0,1,0,0,0,0,0,1
135,2011,1,1,0,0,0,0,0,0,0,0,0,0,0,0,1
136,2011,1,1,0,0,0,0,0,0,0,0,0,0,0,0,0
137,2011,1,1,0,0,0,0,0,1,1,0,1,0,0,0,1
138,2011,1,1,1,0,0,0,1,1,1,0,1,0,0,0,1
139,2011,1,1,0,0,0,0,0,0,0,0,0,0,0,0,1
140,2011,0,1,0,0,0,0,0,0,0,0,0,0,0,0,1
141,2011,1,1,0,0,0,0,0,0,0,0,1,0,0,0,1
142,2011,0,1,0,0,0,0,0,0,0,0,0,0,0,0,0
143,2011,1,1,0,0,0,0,0,0,0,1,0,0,0,0,1
144,2011,1,1,0,0,0,0,1,0,0,1,1,0,0,0,1
145,2011,0,1,1,0,0,0,0,0,0,0,1,0,0,0,1
146,2011,1,1,0,0,0,0,0,0,0,0,1,0,0,0,1
147,2011,1,1,0,0,0,0,0,0,0,0,1,0,0,0,0
148,2011,1,1,0,0,0,0,0,1,0,0,0,0,0,0,1
149,2011,1,1,0,0,0,0,0,0,0,0,0,0,0,0,0
150,2011,1,1,0,0,0,0,0,0,0,1,1,0,0,0,0
151,2011,1,1,0,0,0,0,0,0,0,0,1,0,0,0,1
152,2011,1,1,0,0,0,0,0,0,0,1,1,0,0,0,0
153,2011,1,1,0,0,0,0,0,0,0,0,0,0,0,0,0
154,2011,1,1,0,0,0,0,0,0,0,0,0,0,0,0,0
155,2011,1,1,0,0,0,0,0,0,0,0,0,0,0,0,0
156,2011,1,1,0,0,0,0,0,0,0,0,1,0,0,0,0
157,2011,1,1,1,0,0,0,1,1,0,0,1,0,0,0,1
158,2011,1,1,0,0,0,0,0,0,0,0,0,0,0,0,1
159,2011,1,1,0,0,0,0,0,0,0,1,0,0,0,0,1
160,2011,1,1,0,0,0,0,0,0,0,0,0,0,0,0,0
161,2011,1,1,0,0,0,0,0,0,0,0,1,0,0,0,0
162,2011,0,0,0,0,0,0,1,0,0,0,0,0,0,0,0
163,2011,1,1,0,0,0,0,0,0,0,0,1,0,0,0,0
164,2011,1,1,0,0,0,0,0,0,0,0,1,0,0,0,0
165,2011,1,1,1,0,0,0,1,1,1,0,1,0,0,0,1
166,2011,0,0,0,0,0,0,0,0,0,0,0,0,0,0,0
167,2011,1,1,0,0,0,0,0,0,0,0,1,0,0,0,1
168,2011,1,1,0,0,0,0,1,1,1,0,1,0,0,0,0
169,2011,1,1,1,0,0,0,0,0,0,0,1,0,0,0,0
170,2011,0,1,0,0,0,0,1,0,0,0,0,0,0,0,1
171,2011,1,1,0,0,0,0,0,0,1,0,0,0,0,0,0
172,2011,1,1,0,0,0,0,0,0,0,0,1,0,0,0,1
173,2011,1,1,1,0,0,0,0,0,0,0,0,0,0,0,0
174,2011,1,1,0,0,0,0,0,0,0,1,0,0,0,0,0
175,2011,1,1,0,0,0,0,0,0,0,1,0,0,0,0,1
176,2011,1,1,0,0,0,0,0,0,0,1,1,0,0,0,1
177,2011,1,1,0,0,0,0,0,0,0,0,1,0,0,0,1
178,2011,1,1,0,0,0,0,0,0,1,0,0,0,0,0,1
179,2011,0,1,0,0,0,0,0,0,0,0,1,0,0,0,1
180,2011,1,1,1,0,0,0,0,0,1,0,1,0,0,0,1
181,2011,0,0,0,0,0,0,0,0,1,1,1,0,0,0,1
182,2011,1,1,0,0,0,0,0,0,0,0,1,1,0,0,0
183,2011,0,1,0,0,0,0,1,1,0,0,0,0,0,0,1
184,2011,1,1,0,0,0,0,0,0,0,0,0,0,0,0,0
185,2011,1,1,0,0,0,0,0,1,0,0,1,0,0,0,1
186,2011,1,1,0,0,0,0,0,0,0,0,1,1,0,0,1
187,2011,1,1,1,0,0,0,1,1,1,0,1,0,0,0,1
188,2011,1,1,0,0,0,0,1,0,0,0,1,0,0,0,0
189,2011,1,1,0,0,0,0,1,1,1,0,1,0,0,0,0
190,2011,1,1,0,0,0,0,0,0,0,0,1,0,0,0,1
191,2011,0,0,0,0,0,0,0,0,0,0,0,0,0,0,0
192,2011,1,1,0,0,0,0,0,0,0,0,0,0,0,0,0
193,2011,1,1,0,0,0,0,0,0,0,0,1,0,0,0,0
194,2011,1,1,0,0,0,0,1,1,1,0,1,0,0,0,1
195,2011,1,1,0,0,0,0,0,0,0,0,1,0,0,0,0
196,2011,1,1,0,0,0,0,0,0,0,0,0,0,0,0,1
197,2011,1,1,0,0,0,0,0,0,0,0,1,0,0,0,0
198,2011,1,1,0,0,0,0,0,0,0,0,0,0,0,0,0
199,2011,1,1,1,0,0,0,0,0,0,0,0,0,0,0,0
200,2011,1,1,0,0,0,0,0,0,1,0,0,0,0,0,1
201,2011,0,1,0,0,0,0,1,1,1,0,1,0,0,0,1
202,2011,1,0,0,0,0,0,0,0,0,0,0,0,0,0,0
203,2011,1,1,0,0,0,0,0,0,1,0,1,0,0,0,1
204,2011,0,1,0,0,0,0,1,1,1,1,1,0,0,0,1
205,2011,1,1,0,0,0,0,0,1,0,0,1,0,0,0,1
206,2011,1,1,0,0,0,0,0,0,0,0,0,0,0,0,0
207,2011,1,1,0,0,0,0,0,0,0,0,1,0,0,0,1
208,2011,1,1,0,0,0,0,0,0,0,0,1,0,0,0,0
209,2011,1,1,0,0,0,0,0,0,0,0,0,0,0,0,1
210,2011,1,1,0,0,0,0,0,0,0,1,1,0,0,0,0
211,2011,1,1,0,0,1,0,0,0,0,0,1,0,0,0,1
212,2011,1,1,0,0,0,0,1,0,0,0,1,0,0,0,1
213,2011,1,1,1,0,0,0,1,1,0,0,1,0,0,0,1
214,2011,1,1,0,0,0,0,0,0,0,0,0,0,0,0,1
215,2011,1,1,0,0,0,0,1,1,0,0,1,1,0,0,0
216,2011,1,1,0,0,0,0,0,0,0,0,0,0,0,0,1
217,2011,1,1,0,0,0,0,1,0,0,0,1,0,0,0,0
218,2011,1,1,0,0,0,0,1,0,0,0,1,0,0,0,0
219,2011,1,1,0,0,0,0,0,1,0,0,1,0,0,0,1
220,2011,1,1,0,0,0,0,0,0,0,0,0,0,0,0,0
221,2011,1,1,0,0,0,0,0,0,0,0,1,0,0,0,1
222,2011,0,0,0,0,0,0,1,0,0,1,0,0,0,0,0
223,2011,1,0,0,0,0,0,0,0,0,0,0,0,0,0,0
224,2011,1,1,1,0,0,0,1,1,1,0,1,0,0,0,0
225,2011,1,1,0,0,0,0,0,0,1,0,1,0,0,0,0
226,2011,1,1,1,0,0,0,0,0,0,0,0,0,0,0,1
227,2011,1,1,0,0,0,0,0,0,0,0,1,0,0,0,0
228,2011,1,1,0,0,0,0,0,0,0,1,1,0,0,0,0
229,2011,1,1,1,0,0,0,0,0,1,0,0,0,0,0,0
230,2011,1,1,0,0,0,0,1,1,1,1,1,0,0,0,0
231,2011,1,1,0,0,0,0,0,0,0,0,1,0,0,0,0
232,2011,1,1,0,0,0,0,0,0,0,0,0,0,0,0,0
233,2011,1,1,0,0,0,0,1,0,0,1,1,0,0,0,0
234,2011,1,1,0,0,0,0,0,0,0,0,0,0,0,0,0
235,2011,0,1,1,0,0,0,0,1,1,0,0,0,0,0,0
236,2011,1,1,0,0,0,0,1,0,1,0,1,0,0,0,1
237,2011,1,1,0,0,0,0,1,0,0,0,1,0,0,0,0
238,2011,0,1,0,0,0,0,0,0,0,0,0,0,0,0,0
239,2011,1,1,0,0,0,0,0,0,0,0,1,1,0,0,1
240,2011,1,1,0,0,0,0,0,0,0,0,1,0,0,0,1
241,2011,1,1,1,0,0,0,0,1,1,0,1,0,0,0,0
242,2011,1,1,0,0,0,0,0,0,0,0,1,0,0,0,0
243,2011,1,1,0,0,0,0,0,0,0,0,1,0,0,0,0
244,2011,1,1,0,0,0,0,0,0,0,0,0,0,0,0,0
245,2011,1,1,0,0,0,0,0,0,0,0,1,0,0,0,1
246,2011,1,0,0,0,0,0,1,1,1,0,1,0,0,0,1
247,2011,1,1,0,0,0,0,0,0,0,0,0,0,0,0,0
248,2011,1,1,0,0,0,0,1,0,0,0,1,0,0,0,1
249,2011,1,1,0,0,0,0,0,1,1,0,1,0,0,0,0
250,2011,1,1,0,0,0,0,0,0,0,0,1,0,0,0,1
251,2011,1,1,0,0,0,0,0,0,0,0,0,0,0,0,0
252,2011,0,0,0,0,0,0,0,0,0,0,0,0,0,0,0
253,2011,1,1,1,0,0,0,0,1,0,0,1,0,0,0,1
254,2011,1,1,0,0,0,0,0,0,0,0,0,0,0,0,0
255,2011,1,1,0,0,0,0,0,0,0,0,1,0,0,0,0
256,2011,1,1,0,0,0,0,0,0,0,0,0,0,0,0,0
257,2011,1,1,0,0,0,0,0,0,0,0,1,0,0,0,0
258,2011,1,1,0,0,0,0,0,0,0,0,0,0,0,0,1
259,2011,1,1,0,0,0,0,1,0,0,0,1,0,0,0,0
260,2011,1,1,0,0,0,0,0,0,0,0,1,0,0,0,1
261,2011,1,1,0,0,0,0,0,0,0,0,1,0,0,0,1
262,2011,1,1,0,0,0,0,0,0,0,0,0,0,0,0,0
263,2011,1,1,0,0,0,0,1,1,1,0,1,0,0,0,1
264,2011,1,1,0,0,0,0,0,0,0,0,1,0,0,0,1
265,2011,1,1,0,0,0,0,1,1,0,0,1,0,0,0,0
266,2011,1,1,1,0,0,0,1,1,1,0,1,0,0,0,1
267,2011,1,1,0,0,0,0,0,0,0,0,1,1,0,0,0
268,2011,1,1,0,0,0,0,0,0,0,0,1,0,0,0,1
269,2011,1,1,0,0,0,0,0,0,0,0,1,0,0,0,0
270,2011,1,1,0,0,0,0,0,0,0,0,0,0,0,0,1
271,2011,1,1,0,0,0,0,1,1,0,0,1,0,0,0,1
272,2011,1,1,0,0,0,0,0,0,0,0,1,0,0,0,0
273,2011,0,1,0,0,0,0,1,0,0,0,1,0,0,0,0
274,2011,1,1,0,0,0,0,0,0,0,0,0,0,0,0,1
275,2011,1,1,0,0,0,0,0,0,0,0,1,0,0,0,1
276,2011,1,1,1,0,0,0,0,0,0,1,1,0,0,0,1
277,2011,1,1,0,0,0,0,1,1,1,0,1,0,0,0,1
278,2011,1,1,0,0,0,0,1,1,1,0,1,1,0,0,1
279,2011,1,1,0,0,0,0,0,0,0,1,1,0,0,0,1
280,2011,1,1,0,0,0,0,0,0,0,0,1,0,0,0,1
281,2011,0,0,0,0,0,0,1,0,0,0,0,0,0,0,0
282,2011,1,1,0,0,0,0,0,0,0,0,0,0,0,0,0
283,2011,1,1,0,0,0,0,0,0,0,0,1,0,0,0,0
284,2011,1,1,0,0,0,0,0,0,0,0,0,0,0,0,1
285,2011,1,1,0,0,0,0,0,0,0,0,0,0,0,0,1
286,2011,1,1,0,0,0,0,0,0,0,0,1,0,0,0,0
287,2011,1,1,0,0,0,0,0,0,0,0,1,0,0,0,0
288,2011,1,1,0,0,0,0,0,0,0,0,1,0,0,0,0
289,2011,1,1,0,0,0,0,0,0,0,1,0,0,0,0,1
290,2011,1,0,0,0,1,0,1,1,1,0,0,1,0,0,0
291,2011,1,1,0,0,0,0,0,1,1,0,1,0,0,0,0
292,2011,0,1,0,0,0,0,0,0,1,0,1,0,0,0,0
293,2011,1,1,0,0,0,0,0,0,0,0,1,0,0,0,0
294,2011,1,1,0,0,0,0,0,0,0,0,1,0,0,0,0
295,2011,1,1,0,0,0,0,0,0,0,0,0,0,0,0,0
296,2011,1,1,0,0,0,0,0,0,0,0,0,0,0,0,0
297,2011,1,1,0,0,0,0,0,0,0,0,1,0,0,0,0
298,2011,1,1,0,0,0,0,0,0,0,1,0,0,0,0,0
299,2011,1,1,0,0,0,0,0,0,0,0,1,0,0,0,0
300,2011,1,1,0,0,0,0,0,0,0,0,1,0,0,0,0
1,2012,1,1,0,0,0,0,0,0,0,0,1,0,0,0,1
2,2012,1,1,0,0,0,0,0,0,0,0,0,0,0,0,0
3,2012,1,1,1,0,0,0,1,1,1,0,1,0,0,0,1
4,2012,1,0,0,0,0,0,0,0,0,0,1,0,0,0,1
5,2012,0,0,0,0,0,0,0,0,0,0,0,0,0,0,0
6,2012,0,0,0,0,0,0,0,0,0,0,0,0,0,0,1
7,2012,1,1,1,0,0,0,0,0,0,0,1,0,0,0,0
8,2012,1,1,1,0,0,0,0,1,1,0,1,0,0,0,1
9,2012,1,1,0,0,0,0,0,0,0,0,1,0,0,0,1
10,2012,1,1,0,0,0,0,0,0,0,0,0,0,0,0,0
11,2012,1,1,0,0,0,0,0,0,0,0,0,0,0,0,0
12,2012,1,1,1,0,0,0,0,0,0,0,1,0,0,0,0
13,2012,1,1,0,0,0,0,0,0,0,0,0,0,0,0,0
14,2012,1,1,1,0,0,0,0,0,0,0,0,0,0,0,1
15,2012,1,1,0,0,0,0,0,0,0,0,0,0,0,0,0
16,2012,1,1,0,0,0,0,0,0,0,0,0,0,0,0,0
17,2012,1,1,0,0,0,1,1,1,1,0,1,0,0,0,0
18,2012,0,1,0,0,0,0,0,0,0,0,0,0,0,0,0
19,2012,0,1,0,0,0,0,1,1,0,0,0,0,0,0,1
20,2012,0,0,0,0,0,0,0,0,0,0,0,0,0,0,0
21,2012,1,1,0,0,0,0,0,0,0,0,0,0,0,0,1
22,2012,1,1,0,0,0,0,0,0,0,0,0,0,0,0,0
23,2012,1,1,0,0,0,0,0,0,0,0,1,0,0,0,0
24,2012,1,1,0,0,0,0,0,0,0,0,1,0,0,0,1
25,2012,0,1,0,0,0,0,0,0,0,0,0,0,0,0,0
26,2012,1,1,0,0,0,0,0,0,0,0,0,0,0,0,0
27,2012,1,0,0,0,0,0,0,0,0,0,1,0,0,0,1
28,2012,0,1,0,0,0,0,0,0,0,0,0,0,0,0,0
29,2012,0,1,0,0,0,0,1,0,0,0,0,0,0,0,1
30,2012,1,1,0,0,0,0,0,0,0,0,1,0,0,0,1
31,2012,1,1,0,0,0,0,0,1,0,0,1,0,0,0,0
32,2012,1,1,1,0,0,0,0,0,0,0,1,0,0,0,0
33,2012,1,1,0,0,0,0,0,0,0,0,0,0,0,0,0
34,2012,1,1,0,0,0,0,0,0,1,0,0,0,0,0,0
35,2012,1,1,0,0,0,0,0,0,0,0,1,0,0,0,1
36,2012,0,0,0,0,0,0,0,0,0,0,0,0,0,0,0
37,2012,1,1,0,0,0,0,0,0,0,0,0,0,0,0,0
38,2012,1,0,0,0,0,0,0,0,0,0,1,0,0,0,1
39,2012,1,0,0,0,0,0,0,0,0,0,0,0,0,0,0
40,2012,0,1,0,0,0,0,0,0,0,0,0,0,0,0,0
41,2012,1,1,0,0,0,0,0,0,0,0,1,0,0,0,1
42,2012,1,1,0,0,0,0,0,0,1,0,0,0,0,0,0
43,2012,0,0,0,0,0,0,0,1,1,0,1,0,0,0,1
44,2012,1,1,0,0,0,0,0,0,0,1,1,0,0,0,0
45,2012,0,0,0,0,0,0,0,0,0,0,0,0,0,0,0
46,2012,1,1,1,0,0,0,0,0,0,0,1,0,0,0,1
47,2012,0,0,0,0,0,0,0,0,0,1,0,0,0,0,0
48,2012,1,1,1,0,0,0,0,0,0,0,1,0,0,0,0
49,2012,1,1,0,0,0,0,0,1,0,1,0,0,0,0,0
50,2012,0,0,0,0,0,0,0,0,0,0,0,0,0,0,1
51,2012,1,0,0,0,0,0,0,0,0,0,0,0,0,0,0
52,2012,1,1,0,0,0,0,0,0,0,0,1,0,0,0,1
53,2012,1,1,0,0,0,0,0,0,0,0,0,0,0,0,1
54,2012,1,1,0,0,0,0,0,0,0,0,0,0,0,0,0
55,2012,1,1,0,0,0,0,0,0,0,0,0,0,0,0,1
56,2012,1,1,0,0,0,0,0,0,0,0,0,0,0,0,1
57,2012,0,0,0,0,0,0,0,1,1,0,0,0,0,0,0
58,2012,1,1,0,0,0,0,0,0,0,0,0,0,0,0,1
59,2012,0,0,0,0,0,0,0,0,0,0,0,0,0,0,1
60,2012,1,1,0,0,0,0,0,0,0,0,0,0,0,0,0
61,2012,0,0,0,0,0,0,0,0,0,0,0,0,0,0,0
62,2012,0,0,0,0,0,0,0,0,0,0,0,0,0,0,0
63,2012,1,0,1,0,0,0,0,0,0,0,0,0,0,0,0
64,2012,0,1,0,0,0,0,0,0,0,0,0,0,0,0,0
65,2012,0,0,0,0,0,0,0,0,0,0,0,0,0,0,0
66,2012,1,1,0,0,0,0,0,0,0,0,0,0,0,0,0
67,2012,1,1,0,0,0,0,0,0,0,0,0,0,0,0,0
68,2012,1,1,0,0,0,0,0,0,0,0,0,0,0,0,1
69,2012,1,1,0,0,0,0,0,0,0,0,1,0,0,0,1
70,2012,1,1,0,0,0,0,0,0,0,0,1,0,0,0,1
71,2012,1,1,0,0,0,0,0,0,0,0,0,0,0,0,0
72,2012,1,1,0,0,0,0,0,0,0,0,0,0,0,0,1
73,2012,1,1,0,0,0,0,0,0,0,0,0,0,0,0,1
74,2012,1,1,0,0,0,0,0,0,0,0,0,0,0,0,1
75,2012,1,1,1,0,0,0,0,1,1,0,1,0,0,0,0
76,2012,1,1,0,0,0,0,1,0,0,0,0,0,0,0,0
77,2012,1,1,0,0,0,0,0,0,0,0,0,0,0,0,1
78,2012,0,1,0,0,0,0,0,0,0,0,0,0,0,0,1
79,2012,0,1,0,0,0,0,0,0,0,0,0,0,0,0,1
80,2012,1,1,0,0,0,0,0,0,0,0,0,0,0,0,0
81,2012,0,1,0,0,0,0,0,0,0,0,0,0,0,0,1
82,2012,1,1,0,0,0,0,0,0,0,1,0,0,0,0,1
83,2012,1,1,1,0,0,0,0,0,0,0,0,0,0,0,1
84,2012,0,0,0,0,0,0,0,1,1,0,0,0,0,0,1
85,2012,1,1,0,0,0,0,0,0,0,0,0,0,0,0,0
86,2012,0,0,0,0,0,0,0,0,0,0,0,0,0,0,0
87,2012,0,0,0,0,0,0,0,0,0,0,0,0,0,0,1
88,2012,1,1,1,0,0,0,0,0,0,0,0,0,0,0,1
89,2012,1,1,0,0,0,0,0,0,0,0,0,0,0,0,1
90,2012,0,0,0,0,0,0,0,0,1,0,0,0,0,0,1
91,2012,1,0,0,0,0,0,0,1,0,0,1,1,0,0,1
92,2012,1,1,1,0,0,0,0,0,0,0,0,0,0,0,0
93,2012,1,1,0,0,0,0,1,1,0,0,0,0,0,1,1
94,2012,1,1,0,0,0,0,0,0,0,0,1,0,0,0,0
95,2012,1,1,0,0,0,0,0,0,0,0,0,0,0,0,0
96,2012,1,1,0,0,0,0,0,0,0,0,1,0,0,0,1
97,2012,1,1,0,0,0,0,0,0,0,0,0,0,0,0,0
98,2012,1,1,0,0,0,0,0,0,0,0,0,0,0,0,0
99,2012,1,1,1,0,0,0,0,0,0,0,0,0,0,0,1
100,2012,1,1,0,0,1,0,0,0,0,0,0,0,0,0,0
101,2012,1,1,0,0,0,0,0,1,0,0,0,0,0,0,0
102,2012,1,1,0,0,0,0,0,0,0,0,1,0,0,0,1
103,2012,0,0,0,0,0,0,0,0,0,0,0,0,0,0,1
104,2012,1,1,1,0,0,0,0,0,0,0,1,0,0,0,1
105,2012,1,0,0,0,0,0,0,0,0,0,0,0,0,0,0
106,2012,0,0,0,0,0,0,1,1,1,0,0,0,0,0,1
107,2012,1,1,0,0,0,0,0,0,0,0,0,0,0,0,0
108,2012,1,0,0,0,0,0,0,0,0,0,0,0,0,0,0
109,2012,1,1,0,0,0,0,0,0,0,0,0,0,0,0,0
110,2012,1,1,0,0,0,0,0,0,0,0,0,0,0,0,1
111,2012,1,1,1,0,0,0,0,1,1,0,0,0,0,0,1
112,2012,1,1,0,0,0,0,0,0,0,0,0,0,0,0,0
113,2012,1,1,0,0,0,0,1,0,0,0,1,0,0,0,1
114,2012,1,1,0,0,0,0,0,0,0,0,1,0,0,0,1
115,2012,0,1,0,0,0,0,0,0,0,0,1,0,0,0,0
116,2012,1,1,0,0,0,0,0,0,0,0,1,0,0,0,0
117,2012,1,1,0,0,0,0,0,0,0,0,0,0,0,0,1
118,2012,1,1,0,0,0,0,0,0,0,0,0,0,0,0,1
119,2012,1,1,1,0,0,0,0,1,0,0,1,0,0,0,1
120,2012,1,1,0,0,0,0,0,0,0,0,0,0,0,0,1
121,2012,0,1,0,0,0,0,0,0,0,0,0,0,0,0,0
122,2012,1,1,0,0,0,0,0,0,0,0,0,0,0,0,1
123,2012,0,0,0,0,0,0,0,0,0,0,0,0,0,0,0
124,2012,0,1,0,0,0,0,0,0,0,0,1,0,0,0,1
125,2012,1,1,0,0,0,0,0,0,0,1,0,0,0,0,1
126,2012,1,1,0,0,0,0,0,0,0,0,1,0,0,0,0
127,2012,1,1,0,0,0,0,0,0,0,0,0,0,0,0,0
128,2012,1,1,0,0,0,0,1,0,0,0,1,0,0,0,1
129,2012,1,1,0,0,0,0,1,0,0,0,1,0,0,0,1
130,2012,0,1,0,0,0,0,0,0,0,0,0,0,0,0,0
131,2012,1,1,1,0,0,0,1,0,0,0,1,0,0,0,0
132,2012,1,1,0,0,0,0,1,0,0,0,0,0,0,0,1
133,2012,1,1,0,0,0,0,1,0,0,0,1,0,0,0,1
134,2012,1,0,0,0,0,0,0,1,1,0,1,0,0,0,1
135,2012,0,1,0,0,0,0,0,0,0,0,1,0,0,0,1
136,2012,1,1,0,0,0,0,0,0,0,0,0,0,0,0,0
137,2012,1,1,0,0,0,0,0,0,0,0,0,0,0,0,1
138,2012,1,1,1,0,0,0,0,0,0,0,0,0,0,0,0
139,2012,1,0,0,0,0,0,1,1,0,0,1,0,0,0,1
140,2012,1,1,0,0,0,0,0,1,0,0,1,0,0,0,1
141,2012,0,0,0,0,0,0,0,0,0,0,0,0,0,0,0
142,2012,1,1,0,0,0,0,0,1,0,0,0,0,0,0,0
143,2012,1,1,0,0,0,0,0,0,0,0,0,0,0,0,1
144,2012,0,1,0,0,0,0,1,0,0,0,1,0,0,0,1
145,2012,0,1,0,0,0,0,0,0,0,0,0,0,0,0,0
146,2012,1,1,0,0,0,0,0,0,0,0,1,0,0,0,0
147,2012,1,1,0,0,0,0,0,0,0,0,1,0,0,0,1
148,2012,1,1,0,0,0,1,0,0,0,0,0,0,0,0,0
149,2012,1,1,0,0,0,0,0,0,1,1,0,0,0,0,0
150,2012,1,1,0,0,0,0,1,1,1,0,1,0,0,0,0
151,2012,1,1,0,0,0,0,0,0,0,0,1,0,0,0,1
152,2012,1,1,0,0,0,0,0,0,1,0,0,0,0,0,0
153,2012,1,1,0,0,0,0,0,0,0,0,0,0,0,0,0
154,2012,1,1,0,0,0,0,0,0,0,0,0,0,0,0,1
155,2012,1,1,0,0,0,0,0,0,0,0,0,0,0,1,0
156,2012,1,1,0,0,0,0,0,0,0,0,0,0,0,0,0
157,2012,1,1,0,0,0,0,0,1,0,0,1,0,0,0,1
158,2012,1,1,1,0,0,0,0,0,0,0,0,0,0,0,1
159,2012,1,1,0,0,0,0,1,0,0,0,0,0,0,0,1
160,2012,1,0,0,0,0,0,0,0,1,0,0,0,0,0,0
161,2012,0,1,0,0,0,0,0,0,0,0,0,0,0,0,0
162,2012,1,1,0,0,0,0,0,0,0,0,0,0,0,0,0
163,2012,1,1,0,0,0,0,0,0,0,0,0,0,0,0,1
164,2012,1,1,1,0,0,0,0,0,1,0,0,0,0,0,0
165,2012,1,1,0,0,0,0,0,0,1,0,1,0,0,0,1
166,2012,1,1,0,0,0,0,0,0,0,0,1,0,0,0,1
167,2012,1,1,0,0,0,0,0,0,0,0,0,0,0,0,1
168,2012,1,1,0,0,0,0,0,0,0,0,0,0,0,0,1
169,2012,1,1,0,0,0,0,0,0,0,0,0,0,0,0,1
170,2012,1,0,0,0,0,0,1,0,1,0,0,0,0,0,1
171,2012,1,1,0,0,0,0,0,0,0,0,1,0,0,0,1
172,2012,0,1,0,0,0,0,0,0,0,0,0,0,0,0,1
173,2012,1,1,0,0,0,0,0,0,0,0,1,0,0,0,0
174,2012,1,1,0,0,0,0,0,1,0,1,0,0,0,0,1
175,2012,1,1,0,0,0,0,0,0,0,0,1,0,0,0,0
176,2012,1,1,0,0,0,0,0,1,1,0,1,0,0,0,1
177,2012,1,1,0,0,0,0,0,0,0,0,1,0,0,0,1
178,2012,1,1,0,0,0,1,0,0,0,0,1,0,0,0,0
179,2012,1,1,0,0,0,0,0,0,0,0,0,0,0,0,0
180,2012,1,0,0,0,0,0,0,0,0,0,0,0,0,0,0
181,2012,1,1,0,0,0,0,0,0,0,0,0,0,0,0,1
182,2012,1,1,0,0,0,0,0,1,1,0,0,0,0,0,0
183,2012,1,0,1,0,0,0,1,1,1,0,0,0,0,0,1
184,2012,1,1,0,0,0,0,0,0,0,0,0,0,0,0,1
185,2012,1,1,0,0,0,0,1,0,0,0,1,0,0,0,0
186,2012,1,1,0,0,1,0,0,0,0,0,0,0,0,0,0
187,2012,0,1,0,0,0,0,0,0,0,0,0,0,0,0,0
188,2012,1,1,0,0,0,0,0,0,0,0,0,0,0,0,0
189,2012,1,1,0,0,0,0,0,0,0,0,0,0,0,0,0
190,2012,1,1,0,0,0,0,0,0,0,0,0,0,0,0,1
191,2012,1,1,0,0,0,0,0,0,0,0,0,0,0,0,1
192,2012,1,1,0,0,0,0,0,0,0,0,1,0,0,0,0
193,2012,1,1,0,0,0,0,0,0,0,0,0,0,0,0,0
194,2012,1,1,1,0,0,0,0,1,0,0,0,0,0,0,1
195,2012,1,1,0,0,0,0,0,0,0,0,0,0,0,0,0
196,2012,1,1,0,0,0,0,0,0,0,0,0,0,0,0,0
197,2012,1,1,0,0,0,0,0,1,1,0,1,0,0,0,0
198,2012,1,1,0,0,0,0,0,0,0,0,1,0,0,0,1
199,2012,1,1,0,0,0,0,0,0,0,0,0,0,0,0,1
200,2012,1,1,0,0,0,0,0,0,0,0,1,0,0,0,0
201,2012,1,1,0,0,0,0,1,1,0,0,0,0,0,0,0
202,2012,0,1,0,0,0,0,0,0,0,0,0,0,0,0,1
203,2012,1,1,0,0,0,0,0,0,0,0,1,0,0,0,0
204,2012,1,0,1,0,0,0,1,1,1,0,0,1,0,0,1
205,2012,1,1,0,0,0,0,0,0,0,0,0,0,0,0,0
206,2012,1,1,0,0,0,0,0,0,0,0,1,0,0,0,0
207,2012,0,1,0,0,0,0,1,0,0,0,1,0,0,0,1
208,2012,1,1,0,0,0,0,0,0,0,0,0,0,0,0,1
209,2012,1,1,0,0,0,0,0,0,0,0,0,0,0,0,1
210,2012,1,1,0,0,0,0,0,1,0,0,0,0,0,0,1
211,2012,0,1,0,0,0,0,0,0,0,0,0,0,0,0,0
212,2012,1,1,0,0,0,0,0,0,0,0,0,0,0,0,0
213,2012,1,1,0,0,0,0,0,0,1,0,0,0,0,0,0
214,2012,1,1,0,0,0,0,0,0,0,0,0,0,0,0,1
215,2012,1,1,1,0,0,0,0,0,1,0,0,0,0,0,0
216,2012,1,1,0,0,0,0,0,0,0,0,0,0,0,0,0
217,2012,1,1,0,0,0,0,0,1,0,0,0,0,0,0,1
218,2012,0,1,0,0,0,0,0,0,0,0,0,0,0,0,1
219,2012,1,1,0,0,0,0,0,0,0,0,0,0,0,0,1
220,2012,1,1,0,0,0,0,0,0,0,0,1,0,0,0,0
221,2012,1,1,0,0,0,0,0,0,0,0,0,0,0,0,0
222,2012,1,0,0,0,0,0,0,1,0,0,0,0,0,0,0
223,2012,1,1,0,0,0,0,0,0,0,0,1,0,0,0,0
224,2012,1,1,0,0,0,0,0,0,1,0,0,0,0,0,0
225,2012,1,1,0,0,0,0,0,0,0,0,0,0,0,0,0
226,2012,1,1,0,0,0,0,0,0,0,0,1,0,0,0,0
227,2012,1,1,0,0,0,0,0,0,0,0,0,0,0,0,1
228,2012,1,0,0,0,0,0,0,0,0,0,1,0,0,1,0
229,2012,1,1,0,0,0,0,0,0,0,0,0,0,0,0,0
230,2012,1,0,0,0,0,0,0,1,0,0,0,0,0,0,1
231,2012,1,1,0,0,0,0,0,0,0,0,0,0,0,0,0
232,2012,1,1,0,0,0,0,0,0,0,0,0,0,0,0,0
233,2012,1,1,0,0,0,0,1,0,0,0,1,0,0,0,0
234,2012,1,1,0,0,0,0,0,0,0,0,1,0,0,0,0
235,2012,1,1,0,0,0,0,0,0,0,0,0,0,0,0,0
236,2012,1,1,0,0,0,0,0,0,0,0,1,0,0,0,1
237,2012,1,1,0,0,0,0,0,0,0,0,0,0,0,0,1
238,2012,1,1,0,0,0,0,0,1,1,0,0,0,0,0,0
239,2012,1,1,0,0,0,0,0,0,0,0,0,0,0,0,0
240,2012,1,1,0,0,0,0,0,0,0,0,1,0,0,0,1
241,2012,1,0,0,0,0,0,0,0,0,0,1,0,0,0,0
242,2012,1,1,0,0,0,0,0,0,0,0,0,0,0,0,0
243,2012,1,1,0,0,0,0,0,0,0,0,0,0,0,0,0
244,2012,1,1,0,0,0,0,0,0,0,0,0,0,0,0,1
245,2012,1,1,0,0,0,0,0,0,0,0,0,0,0,0,0
246,2012,1,0,0,0,0,0,1,0,0,0,1,0,0,0,0
247,2012,0,0,0,0,0,0,0,0,0,0,0,0,0,0,1
248,2012,1,1,0,0,0,0,0,0,0,0,0,0,0,0,1
249,2012,1,1,0,0,0,0,0,0,0,0,1,0,0,0,0
250,2012,1,1,0,0,0,0,0,0,1,0,0,0,0,0,0
251,2012,1,1,0,0,0,0,0,0,0,0,1,0,0,0,0
252,2012,0,0,0,0,0,0,0,0,0,0,0,0,0,0,1
253,2012,0,1,0,0,0,0,1,0,0,0,0,0,0,0,0
254,2012,1,1,0,0,0,0,0,0,0,0,1,0,0,0,0
255,2012,1,1,0,0,0,0,0,0,0,0,0,0,0,0,1
256,2012,1,1,0,0,0,0,0,0,0,0,0,0,0,0,1
257,2012,1,1,0,0,0,1,0,0,0,0,0,0,0,0,1
258,2012,0,1,0,0,0,0,0,0,0,0,0,0,0,0,0
259,2012,1,1,0,0,0,0,0,0,0,1,0,0,0,0,0
260,2012,1,1,0,0,0,0,0,0,0,0,1,0,0,0,1
261,2012,1,1,0,0,0,0,0,0,0,0,0,0,0,0,0
262,2012,1,1,0,0,0,0,0,0,0,0,0,0,0,1,1
263,2012,1,1,0,0,0,0,0,0,0,0,1,0,0,0,1
264,2012,1,1,0,0,0,0,0,0,0,0,0,0,0,0,0
265,2012,1,1,0,0,0,0,0,0,0,0,0,0,0,0,0
266,2012,1,1,0,0,0,0,0,0,0,0,0,0,0,0,1
267,2012,1,1,0,0,0,0,0,0,0,0,0,0,0,0,0
268,2012,1,0,0,0,0,0,0,0,0,0,0,0,0,0,1
269,2012,1,1,0,0,0,0,0,0,0,0,1,0,0,0,1
270,2012,1,1,0,0,0,0,0,0,0,0,0,0,0,0,0
271,2012,1,1,0,0,0,0,0,0,0,0,0,0,0,0,1
272,2012,1,1,0,0,0,0,0,0,0,0,1,0,0,0,1
273,2012,1,1,0,0,0,0,0,0,0,0,0,0,0,0,0
274,2012,1,1,0,0,0,0,0,0,0,0,0,0,0,0,1
275,2012,1,1,0,0,0,0,0,0,0,0,0,0,0,0,1
276,2012,1,1,0,0,0,0,0,0,0,0,1,0,0,0,1
277,2012,1,1,0,0,0,0,1,0,0,0,0,0,0,0,1
278,2012,1,1,1,0,0,0,0,0,0,0,0,0,0,0,1
279,2012,1,1,0,0,0,0,0,0,0,0,1,0,0,0,1
280,2012,0,0,0,0,0,0,0,0,0,0,0,0,0,0,0
281,2012,1,1,0,0,0,0,1,0,0,0,0,0,0,0,1
282,2012,0,0,0,0,0,0,0,0,0,0,0,0,0,0,1
283,2012,1,1,0,0,0,0,1,0,0,0,1,0,0,0,0
284,2012,1,1,0,0,0,0,0,0,0,0,0,0,0,0,0
285,2012,1,1,0,0,0,0,0,0,1,0,0,0,0,0,1
286,2012,0,0,0,0,0,0,0,0,0,0,0,0,0,0,0
287,2012,1,1,0,0,0,0,0,0,0,0,1,0,0,0,0
288,2012,0,0,0,0,0,0,0,0,0,0,0,0,0,0,1
289,2012,1,1,0,0,0,0,0,0,0,0,0,0,0,0,0
290,2012,1,1,1,0,0,0,0,1,1,0,1,0,0,0,1
291,2012,1,1,0,0,0,0,0,0,0,0,0,0,0,0,0
292,2012,1,1,0,0,0,0,0,1,0,0,0,0,0,0,0
293,2012,1,1,0,0,0,0,0,0,0,0,1,0,0,0,1
294,2012,1,1,0,0,0,0,0,0,0,0,0,0,0,0,0
295,2012,1,1,0,0,0,0,0,0,0,0,0,0,0,0,0
296,2012,0,1,0,0,0,0,0,0,0,0,0,0,0,0,0
297,2012,1,1,0,0,0,0,0,1,0,0,0,0,0,0,0
298,2012,1,1,0,0,0,0,0,0,0,0,0,0,0,0,1
299,2012,1,1,0,0,0,0,0,0,0,0,0,0,0,0,1
300,2012,1,1,0,0,0,0,0,0,0,0,0,0,0,0,1
1,2013,1,1,0,0,0,0,0,0,0,0,1,0,0,0,0
2,2013,0,1,0,0,0,0,0,0,0,0,0,0,0,0,0
3,2013,0,0,0,0,0,0,0,0,0,0,1,0,0,0,1
4,2013,0,0,0,0,0,0,0,0,0,0,0,0,0,0,0
5,2013,1,0,0,0,0,0,0,0,0,0,0,0,0,0,0
6,2013,0,0,0,0,0,0,0,0,0,0,0,0,0,0,0
7,2013,1,1,0,0,0,0,0,0,0,0,1,0,0,0,1
8,2013,0,0,0,0,0,0,0,0,0,0,0,0,0,0,1
9,2013,0,0,0,0,0,0,0,0,0,0,0,0,0,0,0
10,2013,0,1,0,0,0,0,1,0,0,0,1,0,0,0,1
11,2013,0,1,0,0,0,0,0,0,0,0,1,0,0,0,0
12,2013,1,0,0,0,0,0,0,0,0,0,1,0,0,0,0
13,2013,1,0,0,0,0,0,0,0,0,0,0,0,0,0,1
14,2013,1,1,0,0,0,0,0,0,0,0,0,0,0,0,0
15,2013,0,0,0,0,0,0,0,1,0,0,0,0,0,0,0
16,2013,0,0,0,0,0,0,0,0,0,0,0,0,0,0,0
17,2013,0,0,0,0,0,0,1,0,0,0,0,0,0,0,0
18,2013,0,0,0,0,0,0,0,0,0,0,0,0,0,0,0
19,2013,1,1,0,0,0,0,0,0,0,0,1,0,0,0,1
20,2013,0,1,0,0,0,0,0,0,0,0,0,0,0,0,0
21,2013,1,1,0,0,0,0,0,0,0,0,0,0,0,0,1
22,2013,0,0,0,0,0,0,0,0,0,0,0,0,0,0,0
23,2013,0,0,0,0,0,0,0,0,0,0,0,0,0,0,0
24,2013,0,0,0,0,0,0,0,0,0,0,0,0,0,0,0
25,2013,0,0,0,0,0,0,0,0,0,0,1,0,0,0,0
26,2013,0,1,0,0,0,0,0,0,0,0,0,0,0,0,1
27,2013,0,0,0,0,0,0,0,0,0,0,0,0,0,0,0
28,2013,0,1,0,0,0,0,0,0,1,0,0,0,0,0,0
29,2013,0,1,0,0,0,0,0,0,0,0,0,0,0,0,0
30,2013,0,1,0,0,0,0,0,0,0,0,0,0,0,0,0
31,2013,1,0,0,0,0,0,0,0,0,0,0,0,0,0,1
32,2013,1,1,0,0,0,0,0,0,0,0,0,0,0,0,0
33,2013,0,1,0,0,0,0,0,0,0,1,1,0,0,0,0
34,2013,0,0,0,0,0,0,0,1,1,1,1,0,0,0,0
35,2013,1,0,0,0,0,0,0,0,0,0,0,0,0,0,0
36,2013,0,0,0,0,0,0,0,0,0,0,0,0,0,0,0
37,2013,0,1,0,0,0,0,0,0,0,0,0,0,0,0,0
38,2013,0,0,0,0,0,0,0,0,0,0,0,0,0,0,0
39,2013,0,1,0,0,0,0,0,0,0,0,0,0,0,0,0
40,2013,0,0,0,0,0,0,0,0,0,0,1,0,0,0,0
41,2013,1,0,0,0,0,0,0,0,0,0,0,0,0,0,0
42,2013,0,1,0,0,0,0,0,0,0,0,0,0,0,0,0
43,2013,0,0,0,0,0,0,0,0,0,0,1,0,0,0,0
44,2013,1,1,0,0,0,0,0,0,0,0,0,0,0,0,1
45,2013,0,0,0,0,0,0,0,0,0,0,0,0,0,0,0
46,2013,1,0,0,0,0,0,0,0,0,0,0,0,0,0,0
47,2013,0,1,0,0,0,0,0,0,0,0,0,0,0,0,0
48,2013,1,1,0,0,0,0,0,0,0,0,0,0,0,0,1
49,2013,0,0,0,0,0,0,0,0,0,0,1,0,0,0,1
50,2013,0,1,0,0,0,0,0,0,0,0,0,0,0,0,0
51,2013,0,1,0,0,0,0,0,0,0,0,0,0,0,0,0
52,2013,0,0,0,0,0,0,0,0,0,0,0,0,0,0,0
53,2013,1,1,0,0,0,0,0,0,0,0,0,0,0,0,1
54,2013,0,1,0,0,0,0,0,0,0,0,0,0,0,0,0
55,2013,0,1,0,0,0,0,0,0,0,0,0,0,0,0,1
56,2013,1,0,0,0,0,0,1,0,1,0,1,0,0,0,1
57,2013,0,0,0,0,0,0,0,0,0,0,0,0,0,0,0
58,2013,1,0,0,0,0,0,0,0,0,0,0,0,0,0,0
59,2013,0,0,0,0,0,0,0,0,0,0,0,0,0,0,0
60,2013,0,1,0,0,0,0,0,0,0,0,0,0,0,0,0
61,2013,0,0,0,0,0,0,0,0,0,0,0,0,0,0,1
62,2013,1,1,0,0,0,0,0,0,0,0,0,0,0,0,0
63,2013,0,0,0,0,0,0,0,0,0,0,0,0,0,0,0
64,2013,0,0,0,0,0,0,0,0,0,0,0,0,0,0,0
65,2013,0,0,0,0,0,0,0,0,0,0,1,0,0,0,0
66,2013,1,1,0,0,0,0,0,0,0,0,0,0,0,0,0
67,2013,1,1,0,0,0,0,0,0,0,0,0,0,0,0,1
68,2013,1,1,0,0,0,0,0,0,0,0,0,0,0,0,1
69,2013,1,0,0,0,0,0,0,0,0,0,0,0,0,0,1
70,2013,1,1,0,0,0,0,0,0,0,0,0,0,0,0,0
71,2013,1,1,0,0,0,0,0,0,0,0,0,0,0,0,1
72,2013,0,1,0,0,0,0,0,0,0,0,0,0,0,0,0
73,2013,0,0,0,0,0,0,0,0,0,0,0,0,0,0,0
74,2013,0,0,0,0,0,0,0,0,0,0,0,0,0,0,0
75,2013,1,1,0,0,0,0,0,0,0,0,1,0,0,0,1
76,2013,1,1,0,0,0,0,0,0,0,0,1,0,0,0,0
77,2013,1,0,0,0,0,0,0,0,0,1,1,0,0,0,1
78,2013,0,1,0,0,0,0,0,0,0,0,0,0,0,0,0
79,2013,0,0,0,0,0,0,0,0,0,0,0,0,0,0,0
80,2013,1,1,0,0,0,0,0,0,0,0,0,0,0,0,0
81,2013,0,0,0,0,0,0,0,0,0,0,0,0,0,0,0
82,2013,1,1,0,0,0,0,0,0,0,1,1,0,0,0,0
83,2013,1,1,0,0,0,0,0,0,0,0,0,0,0,0,0
84,2013,0,0,0,0,0,0,0,0,0,0,0,0,0,0,0
85,2013,0,0,0,0,0,0,0,0,0,0,0,0,0,0,0
86,2013,0,0,0,0,0,0,0,0,0,0,0,0,0,0,0
87,2013,0,0,0,0,0,0,0,0,0,0,0,0,0,0,0
88,2013,1,0,0,0,0,0,0,0,0,0,0,0,0,0,0
89,2013,1,1,0,0,0,0,0,0,0,1,1,0,0,0,0
90,2013,0,0,0,0,0,0,0,0,0,0,0,0,0,0,0
91,2013,0,1,0,0,0,0,0,0,0,0,1,0,0,0,0
92,2013,1,1,0,0,0,0,0,0,0,0,0,0,0,0,0
93,2013,1,1,0,0,0,0,0,1,1,0,1,0,0,0,0
94,2013,1,1,0,0,0,0,0,0,0,1,1,0,0,0,0
95,2013,1,0,0,0,0,0,0,0,0,0,0,0,0,0,0
96,2013,1,0,0,0,0,0,0,0,0,0,0,0,0,0,0
97,2013,0,0,0,0,0,0,0,0,0,0,0,0,0,0,1
98,2013,1,0,0,0,0,0,0,0,0,0,0,0,0,0,0
99,2013,1,1,0,0,0,0,0,0,0,0,0,0,0,0,1
100,2013,1,1,0,0,0,0,0,0,0,1,1,0,0,0,0
101,2013,1,0,0,0,0,0,0,0,0,0,0,0,0,0,0
102,2013,0,0,0,0,0,0,0,0,0,0,0,0,0,0,0
103,2013,0,0,0,0,0,0,0,0,0,0,0,0,0,0,0
104,2013,1,0,1,0,0,0,0,1,1,1,0,0,0,0,1
105,2013,0,1,0,0,0,0,0,0,0,0,0,0,0,0,0
106,2013,0,0,0,0,0,0,0,0,0,0,0,0,0,0,0
107,2013,0,0,0,0,0,0,0,0,0,0,0,0,0,0,0
108,2013,0,0,0,0,0,0,0,0,0,0,0,0,0,0,0
109,2013,1,1,0,0,0,0,0,0,0,0,0,0,0,0,0
110,2013,1,1,0,0,0,0,0,0,0,0,0,0,0,0,0
111,2013,1,1,0,0,0,0,0,0,0,0,0,0,0,0,0
112,2013,1,1,0,0,0,0,0,0,0,0,0,0,0,0,0
113,2013,1,1,0,0,0,0,0,0,0,0,0,0,0,0,1
114,2013,1,1,0,0,0,0,0,0,0,0,0,0,0,0,0
115,2013,0,1,0,0,0,0,0,0,0,0,1,0,0,0,0
116,2013,1,1,0,0,0,0,0,0,0,0,0,0,0,0,1
117,2013,1,1,0,0,0,0,0,0,0,0,1,0,0,0,0
118,2013,1,1,0,0,0,0,0,0,0,0,0,0,0,0,0
119,2013,0,1,0,0,0,0,0,0,0,0,0,0,0,0,0
120,2013,1,1,0,0,0,0,0,0,0,0,0,0,0,0,0
121,2013,0,0,0,0,0,0,0,0,0,0,0,0,0,0,1
122,2013,1,0,0,0,0,0,0,0,0,0,0,0,0,0,0
123,2013,0,0,0,0,0,0,0,0,0,0,0,0,0,0,0
124,2013,0,0,0,0,0,0,0,0,0,0,1,0,0,0,0
125,2013,1,1,0,0,0,0,0,0,1,1,0,0,0,0,0
126,2013,0,0,0,0,0,0,0,0,0,0,0,0,0,0,0
127,2013,1,1,0,0,0,0,0,0,0,0,1,0,0,0,0
128,2013,1,1,0,0,0,0,0,0,0,0,0,0,0,0,1
129,2013,0,0,0,0,0,0,0,0,0,0,1,0,0,0,1
130,2013,0,0,0,0,0,0,0,0,0,0,0,0,0,0,0
131,2013,0,0,0,0,0,0,0,0,0,0,0,0,0,0,0
132,2013,1,0,1,0,0,0,1,0,0,0,0,0,0,0,0
133,2013,0,0,0,0,0,0,0,0,0,0,0,0,0,0,0
134,2013,0,0,1,0,0,0,1,1,1,0,1,0,0,0,1
135,2013,0,0,0,0,0,0,0,0,0,0,0,0,0,0,0
136,2013,1,1,0,0,0,0,0,0,0,0,0,0,0,0,0
137,2013,1,1,0,0,0,0,0,1,1,0,1,0,0,0,1
138,2013,1,0,0,0,0,0,0,0,0,0,0,0,0,0,1
139,2013,0,0,0,0,0,0,0,0,0,0,0,0,0,0,0
140,2013,0,0,0,0,0,0,0,0,0,0,0,0,0,0,0
141,2013,0,0,0,0,0,0,0,0,0,0,1,0,0,0,1
142,2013,0,0,0,0,0,0,0,0,0,0,0,0,0,0,0
143,2013,0,0,0,0,0,0,0,0,0,0,0,0,0,0,0
144,2013,0,1,0,0,0,0,0,0,0,0,0,0,0,0,1
145,2013,0,0,0,0,0,0,0,0,0,0,0,0,0,0,0
146,2013,1,1,0,0,0,0,0,0,0,0,1,0,0,0,0
147,2013,1,1,0,0,0,0,0,0,0,0,0,0,0,0,0
148,2013,0,1,0,0,0,0,0,0,0,0,0,0,0,0,1
149,2013,1,1,0,0,0,0,0,0,0,0,0,0,0,0,0
150,2013,1,1,0,0,0,0,0,0,0,1,0,0,0,0,1
151,2013,0,0,0,0,0,0,0,0,0,0,0,0,0,0,0
152,2013,1,1,0,0,0,0,0,0,0,1,1,0,0,0,1
153,2013,1,1,0,0,0,0,0,0,0,0,0,0,0,0,1
154,2013,0,1,0,0,0,0,0,0,0,0,0,0,0,0,0
155,2013,1,0,0,0,0,0,0,0,0,0,1,0,0,0,0
156,2013,1,1,0,0,0,0,0,0,0,1,0,0,0,0,0
157,2013,1,1,0,0,0,0,0,0,0,0,1,0,0,0,1
158,2013,1,1,0,0,0,0,0,0,0,0,0,0,0,0,0
159,2013,0,0,0,0,0,0,0,0,0,0,0,0,0,0,0
160,2013,1,1,0,0,0,0,0,1,0,0,0,0,0,0,0
161,2013,0,0,0,0,0,0,0,1,1,0,0,0,0,0,0
162,2013,0,1,0,0,0,0,0,0,0,0,0,0,0,0,0
163,2013,1,1,0,0,0,0,0,0,0,0,0,0,0,0,0
164,2013,1,1,0,0,0,0,0,0,0,0,0,0,0,0,1
165,2013,1,1,0,0,0,0,1,1,0,0,0,0,0,0,1
166,2013,0,0,0,0,0,0,0,0,0,0,0,0,0,0,0
167,2013,1,0,0,0,0,0,0,0,0,0,0,0,0,0,0
168,2013,0,1,0,0,0,0,0,0,0,0,1,0,0,0,1
169,2013,1,1,0,0,0,0,0,0,0,0,0,0,0,0,0
170,2013,0,0,0,0,0,0,0,0,0,0,0,0,0,0,0
171,2013,1,1,0,0,0,0,0,0,0,0,0,0,0,0,0
172,2013,0,0,0,0,0,0,0,0,0,0,0,0,0,0,0
173,2013,1,1,0,0,0,0,0,0,0,0,0,0,0,0,1
174,2013,1,1,0,0,0,0,0,0,0,0,1,0,0,0,1
175,2013,0,0,0,0,0,0,0,0,0,0,0,0,0,0,0
176,2013,1,1,0,0,0,0,0,0,0,0,0,0,0,0,1
177,2013,0,0,0,0,0,0,0,0,0,0,0,0,0,0,0
178,2013,0,1,0,0,0,0,0,0,0,0,0,0,0,0,1
179,2013,0,1,0,0,0,0,0,0,0,0,0,0,0,0,0
180,2013,0,1,0,0,0,0,0,0,0,0,0,0,0,0,0
181,2013,0,0,0,0,0,0,0,0,0,0,0,0,0,0,0
182,2013,1,1,0,0,0,0,0,0,0,1,1,0,0,0,0
183,2013,0,0,0,0,0,0,0,0,0,1,0,0,0,0,0
184,2013,0,1,0,0,0,0,0,0,0,0,1,0,0,0,1
185,2013,1,1,0,0,0,0,0,0,0,0,0,0,0,0,1
186,2013,1,1,0,0,0,0,0,0,0,0,1,0,0,0,0
187,2013,0,1,0,0,0,0,0,0,0,0,0,0,0,0,0
188,2013,1,1,0,0,0,0,0,0,0,0,1,0,0,0,0
189,2013,0,0,0,0,0,0,0,0,0,0,0,0,0,0,0
190,2013,1,1,0,0,0,0,0,0,0,0,0,0,0,0,1
191,2013,0,0,0,0,0,0,0,0,0,0,0,0,0,0,0
192,2013,1,1,0,0,0,0,0,0,0,0,0,0,0,0,0
193,2013,1,1,0,0,0,0,0,0,0,0,1,0,0,0,1
194,2013,0,1,0,0,0,0,0,0,0,0,1,0,0,0,0
195,2013,1,1,0,0,0,0,0,0,0,0,1,0,0,0,1
196,2013,1,1,0,0,0,1,0,0,0,0,0,0,0,0,0
197,2013,1,1,0,0,0,0,0,0,0,0,0,0,0,0,1
198,2013,1,1,0,0,0,0,0,0,0,0,0,0,0,0,1
199,2013,0,1,0,0,0,0,0,0,0,0,0,0,0,0,0
200,2013,1,1,0,0,0,0,0,0,0,0,1,0,0,0,0
201,2013,1,1,1,0,0,0,0,0,0,0,1,0,0,0,1
202,2013,0,0,0,0,0,0,0,0,0,0,0,0,0,0,0
203,2013,0,1,0,0,0,0,0,0,0,0,1,0,0,0,1
204,2013,0,0,0,0,0,0,0,0,0,0,0,0,0,0,0
205,2013,1,1,0,0,0,0,0,0,0,0,0,0,0,0,1
206,2013,1,1,0,0,0,0,0,0,0,1,0,0,0,0,0
207,2013,0,0,0,0,0,0,0,0,0,0,0,0,0,0,0
208,2013,0,1,0,0,0,0,0,0,0,0,0,0,0,0,0
209,2013,1,1,0,0,0,0,0,0,0,0,0,0,0,0,1
210,2013,1,1,0,0,0,0,0,0,0,0,0,0,0,0,1
211,2013,1,0,0,0,0,0,0,0,0,0,0,0,0,0,0
212,2013,1,0,1,0,0,0,0,0,0,0,0,0,0,0,1
213,2013,1,0,0,0,0,0,0,0,0,0,0,0,0,0,0
214,2013,1,1,0,0,0,0,0,0,0,0,0,0,0,0,1
215,2013,0,1,0,0,0,0,0,0,0,0,1,0,0,0,0
216,2013,1,0,0,0,0,0,0,0,0,0,0,0,0,0,1
217,2013,1,1,0,0,0,0,0,0,1,1,1,0,0,0,1
218,2013,1,1,1,0,0,0,0,0,0,0,0,0,0,0,1
219,2013,0,1,0,0,0,0,0,0,0,0,0,0,0,0,1
220,2013,1,1,0,0,0,0,0,0,0,0,0,0,0,0,0
221,2013,1,1,0,0,0,0,0,0,0,0,0,0,0,0,0
222,2013,0,0,0,0,0,0,0,0,0,0,0,0,0,0,0
223,2013,1,1,0,0,0,0,0,0,0,1,1,0,0,0,0
224,2013,1,1,0,0,0,0,0,0,0,0,1,0,0,0,1
225,2013,1,1,0,0,0,0,0,0,0,0,0,0,0,0,1
226,2013,1,1,0,0,0,0,0,0,0,0,1,0,0,0,0
227,2013,1,1,0,0,0,0,0,0,0,0,1,0,0,0,1
228,2013,1,0,0,0,0,0,0,0,0,0,0,0,0,0,1
229,2013,1,1,0,0,0,0,0,0,0,0,0,0,0,0,0
230,2013,1,0,1,0,0,0,0,0,0,0,1,0,0,0,1
231,2013,1,1,0,0,0,0,0,0,0,0,0,0,0,0,0
232,2013,1,1,0,0,0,0,0,0,0,0,1,0,0,0,1
233,2013,1,0,0,0,0,0,0,0,0,0,1,0,0,0,1
234,2013,1,1,0,0,0,0,0,0,0,0,1,0,0,0,1
235,2013,0,1,0,0,0,0,0,0,0,0,0,0,0,0,0
236,2013,1,1,0,0,0,0,0,0,0,0,0,0,0,0,0
237,2013,0,0,0,0,0,0,0,0,0,0,1,0,0,0,1
238,2013,1,1,0,0,0,0,0,0,0,0,0,0,0,0,1
239,2013,1,1,0,0,0,0,0,0,0,0,0,0,0,0,0
240,2013,1,1,0,0,0,0,0,0,0,0,0,0,0,0,0
241,2013,0,0,0,0,0,0,0,0,0,0,0,0,0,0,0
242,2013,1,0,0,0,0,0,0,0,0,0,1,0,0,0,0
243,2013,0,1,0,0,0,0,0,0,0,0,0,0,0,0,1
244,2013,1,1,0,0,0,0,0,0,0,1,0,0,0,0,0
245,2013,0,0,0,0,0,0,0,0,0,0,0,0,0,0,0
246,2013,0,1,0,0,0,0,0,0,0,0,0,0,0,0,0
247,2013,0,0,0,0,0,0,0,0,0,0,0,0,0,0,0
248,2013,1,1,0,0,0,0,0,0,0,0,0,0,0,0,0
249,2013,0,1,0,0,0,0,0,0,0,0,0,0,0,0,1
250,2013,0,0,0,0,0,0,0,0,0,0,0,0,0,0,0
251,2013,1,1,0,0,0,0,0,0,0,0,1,0,0,0,1
252,2013,0,0,0,0,0,0,0,0,0,0,0,0,0,0,0
253,2013,1,0,0,0,0,0,0,0,0,0,0,1,0,0,1
254,2013,1,1,0,0,0,0,0,0,0,0,1,0,0,0,0
255,2013,1,1,0,0,0,0,0,0,0,0,1,0,0,0,0
256,2013,1,1,0,0,0,0,0,0,0,0,1,1,0,0,0
257,2013,1,1,0,0,0,0,0,0,0,0,0,0,0,0,0
258,2013,1,1,0,0,0,0,0,0,0,0,0,0,0,0,0
259,2013,1,1,0,0,0,0,0,0,0,0,0,0,0,0,1
260,2013,1,1,0,0,0,0,0,0,0,0,1,0,0,0,0
261,2013,1,1,0,0,0,0,0,0,0,0,0,0,0,0,0
262,2013,1,1,0,0,0,0,0,0,0,0,0,0,0,0,1
263,2013,1,1,0,0,0,0,0,0,0,0,1,0,0,0,0
264,2013,1,1,0,0,0,0,0,0,0,0,0,0,0,0,1
265,2013,1,1,0,0,0,0,0,1,0,0,1,0,0,0,1
266,2013,1,1,0,0,0,0,0,0,1,0,0,0,0,0,0
267,2013,1,1,0,0,0,0,0,0,0,0,1,0,0,0,1
268,2013,0,0,0,0,0,0,0,1,1,0,1,0,0,0,1
269,2013,1,1,0,0,0,0,0,0,0,0,0,0,0,0,0
270,2013,1,0,0,0,0,0,0,0,0,0,0,0,0,0,0
271,2013,1,0,0,0,0,0,0,0,0,0,0,0,0,0,0
272,2013,1,1,0,0,0,0,0,0,0,0,0,0,0,0,0
273,2013,1,1,0,0,0,0,0,0,0,0,0,0,0,0,1
274,2013,1,1,0,0,0,0,0,0,0,0,1,0,0,0,0
275,2013,1,1,0,0,0,0,0,0,0,0,0,0,0,0,0
276,2013,0,1,0,0,0,0,0,0,0,0,0,0,0,0,0
277,2013,0,0,0,0,0,0,1,0,1,0,1,0,0,0,1
278,2013,1,1,0,0,0,0,0,0,0,1,1,0,0,0,1
279,2013,1,1,0,0,0,0,0,0,0,1,0,0,0,0,0
280,2013,1,1,0,0,0,0,0,0,0,0,0,0,0,0,0
281,2013,1,0,0,0,0,0,0,0,0,0,0,0,0,0,0
282,2013,0,0,0,0,0,0,0,0,0,0,0,0,0,0,0
283,2013,1,0,0,0,0,0,0,0,0,0,0,0,0,0,0
284,2013,1,0,0,0,0,0,0,0,0,0,0,0,0,0,1
285,2013,1,1,0,0,0,0,0,0,0,0,0,0,0,0,0
286,2013,1,1,0,0,0,0,0,0,0,0,0,0,0,0,0
287,2013,1,0,0,0,0,0,0,0,0,0,0,0,0,0,0
288,2013,0,0,0,0,0,0,0,0,0,0,1,0,0,0,1
289,2013,1,1,0,0,0,0,0,0,0,0,0,0,0,0,0
290,2013,0,0,0,0,0,0,0,0,0,0,0,1,0,0,0
291,2013,0,1,0,0,0,0,0,0,0,0,0,0,0,0,0
292,2013,1,1,0,0,0,0,0,0,0,0,0,0,0,0,0
293,2013,1,1,0,0,0,0,0,0,0,0,0,0,0,0,0
294,2013,1,0,0,0,0,0,0,0,0,0,0,0,0,0,0
295,2013,1,1,0,0,0,0,0,0,0,0,0,0,0,0,0
296,2013,1,1,0,0,0,0,0,0,0,0,0,0,0,0,0
297,2013,1,1,0,0,0,1,0,0,0,0,0,0,0,0,1
298,2013,1,1,0,0,0,0,0,0,0,0,0,0,0,0,0
299,2013,1,1,0,0,0,0,0,0,0,0,0,0,0,0,1
300,2013,1,1,0,0,0,0,0,0,0,0,0,0,0,0,1
1,2014,1,1,1,0,0,0,0,0,0,1,1,0,0,0,1
2,2014,0,0,0,0,0,0,0,1,1,0,0,0,0,0,0
3,2014,0,0,0,0,0,0,0,1,1,0,0,0,0,0,0
4,2014,0,0,0,0,0,0,0,0,0,0,0,0,0,0,0
5,2014,0,0,0,0,0,0,0,0,0,0,0,0,0,0,0
6,2014,0,0,0,0,0,0,0,0,0,0,0,0,0,0,0
7,2014,1,1,0,0,0,0,0,0,0,0,1,0,0,0,0
8,2014,0,1,0,0,0,0,0,1,0,0,1,0,0,0,0
9,2014,1,1,0,0,0,0,0,1,1,0,1,0,0,0,0
10,2014,0,1,0,0,0,0,0,1,1,0,0,0,0,0,1
11,2014,1,1,0,0,0,0,0,0,0,0,0,0,0,0,1
12,2014,1,1,0,0,0,0,0,0,0,1,0,0,0,0,0
13,2014,1,1,0,0,0,0,0,1,1,1,1,0,0,0,1
14,2014,1,1,0,0,0,0,0,0,0,1,0,0,0,0,1
15,2014,0,0,0,0,0,0,0,0,0,0,0,0,0,0,0
16,2014,0,0,0,0,0,0,0,0,0,0,0,0,0,0,0
17,2014,0,0,1,0,0,0,0,1,1,1,1,0,0,0,1
18,2014,1,1,0,0,0,0,0,1,1,0,0,0,0,0,1
19,2014,0,0,0,0,0,0,0,0,1,0,0,0,0,0,0
20,2014,0,0,0,0,0,0,0,0,0,0,0,0,0,0,0
21,2014,0,1,0,0,0,0,0,0,0,0,0,0,0,0,0
22,2014,1,1,0,0,0,0,0,0,0,0,0,0,0,0,0
23,2014,1,1,0,0,0,0,0,0,0,0,0,0,0,0,0
24,2014,0,0,0,0,0,0,0,1,1,0,0,0,0,0,1
25,2014,0,0,0,0,0,0,0,0,0,0,0,0,0,0,0
26,2014,0,0,0,0,0,0,0,1,0,0,0,0,0,0,0
27,2014,0,0,0,0,0,0,0,1,1,0,0,1,0,0,0
28,2014,0,1,0,0,0,0,0,1,0,0,1,0,0,0,1
29,2014,0,1,0,0,0,0,0,0,0,0,0,0,0,0,0
30,2014,0,1,0,0,0,0,1,1,1,0,0,0,0,0,0
31,2014,1,1,0,0,0,0,0,0,1,0,0,0,0,0,1
32,2014,1,1,0,0,0,0,0,0,0,0,1,0,0,0,0
33,2014,1,1,0,0,0,0,0,0,0,1,1,0,0,0,1
34,2014,1,1,0,0,0,0,0,1,0,0,1,0,0,0,1
35,2014,0,0,0,0,0,0,0,0,0,0,0,0,0,0,0
36,2014,0,0,0,0,0,0,0,0,0,0,0,0,0,0,0
37,2014,1,0,0,0,0,0,0,1,1,0,1,0,0,0,0
38,2014,0,0,0,0,0,0,0,0,1,0,0,0,0,0,0
39,2014,0,0,0,0,0,0,0,0,0,0,0,0,0,0,0
40,2014,0,0,0,0,0,0,0,0,0,0,0,0,0,0,0
41,2014,0,0,0,0,0,0,0,0,0,0,0,0,0,0,0
42,2014,0,1,1,0,0,0,0,1,1,0,1,0,0,0,1
43,2014,0,0,0,0,0,0,0,0,0,0,0,0,0,0,0
44,2014,1,1,0,0,0,0,0,1,1,1,1,0,0,0,1
45,2014,0,0,0,0,0,0,0,0,0,0,0,0,0,0,0
46,2014,1,0,0,0,0,0,0,0,1,1,0,0,0,0,1
47,2014,0,1,0,0,0,0,0,0,0,0,0,0,0,0,1
48,2014,1,1,0,0,0,0,0,0,0,0,1,0,0,0,0
49,2014,1,0,0,0,0,0,0,1,0,0,1,0,0,0,1
50,2014,0,0,0,0,0,0,0,0,0,0,0,0,0,0,0
51,2014,0,1,0,0,0,0,0,0,0,0,0,0,0,0,0
52,2014,0,1,0,0,0,0,0,0,0,0,0,0,0,0,1
53,2014,1,1,0,0,0,0,0,0,0,0,1,0,0,0,1
54,2014,0,1,0,0,0,0,0,0,0,0,0,0,0,0,0
55,2014,1,1,0,0,0,0,0,0,0,0,1,0,0,0,1
56,2014,1,1,1,0,0,0,0,1,0,0,1,0,0,0,1
57,2014,0,0,0,0,0,0,0,0,0,0,1,0,0,0,1
58,2014,0,0,0,0,0,0,0,0,1,0,0,0,0,0,0
59,2014,0,0,0,0,0,0,0,1,1,1,0,0,0,0,0
60,2014,0,1,0,0,0,0,0,0,0,0,0,0,0,0,0
61,2014,0,0,0,0,0,0,0,0,0,0,0,0,0,0,0
62,2014,0,0,0,0,0,0,0,0,0,0,0,0,0,0,0
63,2014,0,0,0,0,0,0,0,0,0,0,0,0,0,0,0
64,2014,0,1,0,0,0,0,0,0,0,0,1,1,0,0,0
65,2014,0,1,0,0,0,0,0,1,1,0,1,0,0,0,1
66,2014,0,0,0,0,0,0,0,0,1,0,0,0,0,0,0
67,2014,1,1,0,0,0,0,0,0,0,1,1,0,0,0,1
68,2014,1,1,0,0,0,0,0,0,0,0,0,0,0,0,1
69,2014,1,1,0,0,0,0,0,0,0,0,1,0,0,0,1
70,2014,1,1,0,0,0,0,0,0,0,0,0,0,0,0,1
71,2014,1,1,0,0,0,0,0,0,0,1,0,0,0,0,0
72,2014,1,1,0,0,0,0,0,0,0,0,0,0,0,0,0
73,2014,1,1,0,0,0,0,0,0,0,0,0,0,0,0,0
74,2014,1,0,0,0,0,0,0,0,0,0,0,1,0,0,1
75,2014,1,1,0,0,0,0,0,0,0,0,1,0,0,0,1
76,2014,1,1,0,0,0,0,0,1,1,0,1,0,0,0,1
77,2014,1,1,0,0,0,0,0,0,0,0,0,0,0,0,1
78,2014,0,0,0,0,0,0,0,1,0,0,0,0,0,0,0
79,2014,0,1,0,0,0,0,0,0,0,0,0,0,0,0,0
80,2014,1,1,0,0,0,0,0,1,0,0,1,0,0,0,0
81,2014,1,1,0,0,0,0,0,0,0,0,0,0,0,0,0
82,2014,1,1,0,0,0,0,0,1,0,1,1,0,0,0,1
83,2014,0,0,0,0,0,0,0,0,0,0,0,0,0,0,0
84,2014,0,0,0,0,0,0,0,0,0,0,0,0,0,0,0
85,2014,0,1,0,0,0,0,0,1,1,0,0,0,0,0,0
86,2014,0,0,0,0,0,0,0,0,0,0,0,0,0,0,0
87,2014,0,0,0,0,0,0,0,0,0,0,0,0,0,0,0
88,2014,0,0,0,0,0,0,0,0,0,0,0,0,0,0,0
89,2014,1,1,0,0,0,0,0,0,0,0,1,0,0,0,0
90,2014,0,0,0,0,0,0,0,0,0,0,0,0,0,0,0
91,2014,0,1,1,0,0,0,0,1,1,1,0,0,0,0,0
92,2014,1,1,0,0,0,0,0,0,1,0,1,0,0,0,1
93,2014,0,1,0,0,0,0,0,0,1,0,1,0,0,0,0
94,2014,1,1,0,0,0,0,0,0,0,0,0,0,0,0,1
95,2014,0,1,0,0,0,0,0,1,1,0,0,0,0,0,1
96,2014,1,1,0,0,0,0,0,0,0,0,0,0,0,0,1
97,2014,1,1,0,0,0,0,0,1,1,1,1,0,0,0,1
98,2014,1,1,0,0,0,0,0,0,0,0,0,0,0,0,0
99,2014,1,1,0,0,0,0,0,1,1,0,0,0,0,0,1
100,2014,1,1,0,0,0,0,0,0,0,0,0,0,0,0,1
101,2014,1,1,0,0,0,0,0,0,0,0,0,0,0,0,0
102,2014,0,0,0,0,0,0,0,0,1,0,0,0,0,0,0
103,2014,0,0,0,0,0,0,0,0,1,0,0,0,0,0,0
104,2014,1,1,1,0,0,0,0,0,1,1,1,0,0,0,1
105,2014,0,0,0,0,0,0,0,1,1,0,0,0,0,0,0
106,2014,0,0,0,0,0,0,0,0,0,0,0,0,0,0,0
107,2014,0,1,0,0,0,0,0,1,0,0,1,0,0,0,0
108,2014,1,1,0,0,0,0,0,0,1,0,0,0,0,0,0
109,2014,1,1,0,0,0,0,0,0,0,0,0,0,0,0,1
110,2014,1,1,0,0,0,0,0,0,0,0,1,0,0,0,1
111,2014,0,1,0,0,0,0,0,0,0,0,0,0,0,0,0
112,2014,0,1,0,0,0,0,0,1,1,0,1,0,0,0,0
113,2014,0,1,0,0,0,0,0,0,0,0,1,0,0,0,1
114,2014,1,1,0,0,0,0,0,0,0,0,1,0,0,0,1
115,2014,0,1,0,0,0,0,0,0,0,0,1,0,0,0,1
116,2014,1,1,0,0,0,0,0,0,0,1,0,0,0,0,1
117,2014,0,1,0,0,0,0,0,0,1,0,1,0,0,0,1
118,2014,0,0,0,0,0,0,0,0,0,0,0,0,0,0,0
119,2014,1,1,0,0,0,0,0,0,0,0,1,0,0,0,0
120,2014,1,1,0,0,0,0,0,0,0,0,1,0,0,0,1
121,2014,0,0,0,0,0,0,0,0,0,0,0,0,0,0,0
122,2014,1,1,1,0,0,0,0,0,0,1,1,0,0,0,1
123,2014,1,0,0,0,0,0,0,0,0,0,0,0,0,0,0
124,2014,0,0,0,0,0,0,0,0,0,0,0,0,0,0,0
125,2014,1,1,0,0,0,0,0,0,1,1,1,0,0,0,0
126,2014,0,1,0,0,0,0,0,0,1,0,0,0,0,0,0
127,2014,1,1,0,0,0,0,0,0,0,0,0,0,0,0,1
128,2014,1,1,0,0,0,0,0,1,1,1,0,0,0,0,1
129,2014,0,0,0,0,0,0,0,0,0,0,0,0,0,0,0
130,2014,0,0,0,0,0,0,0,0,0,0,0,0,0,0,0
131,2014,1,1,0,0,0,0,0,1,1,0,1,1,0,0,1
132,2014,0,0,0,0,0,0,0,0,0,1,0,0,0,0,0
133,2014,0,0,0,0,0,0,0,0,0,0,0,0,0,0,0
134,2014,0,0,0,0,0,0,0,1,1,0,1,0,0,0,1
135,2014,0,0,0,0,0,0,0,0,0,0,0,0,0,0,0
136,2014,1,0,0,0,0,0,0,0,0,0,1,0,0,0,0
137,2014,0,0,0,0,0,0,0,1,1,1,0,0,0,0,0
138,2014,1,1,0,0,0,0,0,1,1,0,1,0,0,0,0
139,2014,0,0,0,0,0,0,0,0,0,0,0,0,0,0,0
140,2014,0,0,0,0,0,0,0,0,0,0,0,0,0,0,1
141,2014,0,0,0,0,0,0,0,0,0,0,0,0,0,0,1
142,2014,0,0,0,0,0,0,0,0,0,0,0,0,0,0,1
143,2014,1,1,0,0,0,0,0,1,0,0,0,0,0,0,1
144,2014,0,0,1,0,0,0,1,1,0,0,1,0,0,0,1
145,2014,0,1,0,0,0,0,0,1,1,0,0,0,0,0,0
146,2014,1,1,0,0,0,0,0,0,0,0,1,0,0,0,1
147,2014,1,1,0,0,0,0,0,0,0,0,1,0,0,0,0
148,2014,1,1,1,0,0,0,1,1,1,0,1,0,0,0,1
149,2014,1,1,1,0,0,0,0,1,0,0,1,0,0,0,1
150,2014,1,1,0,0,0,0,0,0,1,0,1,0,0,0,0
151,2014,1,1,0,0,0,0,0,0,0,0,0,0,0,0,1
152,2014,1,1,0,0,0,0,0,0,0,0,1,0,0,0,0
153,2014,1,1,1,0,0,0,0,0,0,0,1,0,0,0,1
154,2014,1,1,0,0,0,0,0,0,0,0,0,0,0,0,0
155,2014,1,1,0,0,0,0,0,0,0,0,1,0,0,0,0
156,2014,1,1,0,0,0,0,0,0,0,0,1,0,0,0,0
157,2014,0,0,1,0,0,0,1,1,1,0,0,1,0,0,1
158,2014,0,1,0,0,0,0,0,0,0,0,0,0,0,0,0
159,2014,1,1,0,0,0,0,0,0,0,0,0,0,0,0,1
160,2014,1,1,0,0,0,0,0,1,1,0,1,0,0,0,1
161,2014,0,0,0,0,0,0,0,0,1,0,0,0,0,0,0
162,2014,0,1,0,0,0,0,0,0,0,0,0,0,0,0,0
163,2014,1,0,0,0,0,0,0,0,0,0,1,0,0,0,0
164,2014,1,1,0,0,0,0,0,0,0,0,1,0,0,0,1
165,2014,1,1,0,0,0,0,0,1,0,0,1,0,0,0,1
166,2014,0,1,0,0,0,0,0,1,0,0,0,0,0,0,0
167,2014,0,1,0,0,0,0,0,0,0,0,1,1,0,0,0
168,2014,1,1,0,0,0,0,0,1,0,0,1,0,0,0,1
169,2014,1,1,0,0,0,0,0,0,0,0,1,0,0,0,1
170,2014,0,1,0,0,0,0,0,1,1,0,0,0,0,0,0
171,2014,1,0,0,0,0,0,0,0,1,0,0,0,0,0,0
172,2014,0,0,0,0,0,0,0,1,0,0,1,0,0,0,1
173,2014,1,1,0,0,0,0,0,0,0,0,0,0,0,0,1
174,2014,1,1,0,0,0,0,0,0,0,0,0,0,0,0,0
175,2014,0,0,0,0,0,0,0,1,1,0,1,0,0,0,1
176,2014,1,1,0,0,0,0,0,1,1,0,0,0,0,0,0
177,2014,1,1,0,0,0,0,0,0,0,0,0,0,0,0,0
178,2014,0,0,0,0,0,0,0,0,0,0,0,0,0,0,0
179,2014,0,0,0,0,0,0,0,0,0,0,0,0,0,0,0
180,2014,0,0,0,0,0,0,0,1,1,0,0,0,0,0,0
181,2014,0,0,0,0,0,0,0,0,1,0,0,0,0,0,1
182,2014,1,1,0,0,0,0,0,0,0,0,1,0,0,0,1
183,2014,0,1,0,0,0,0,0,0,1,0,1,0,0,0,0
184,2014,1,1,0,0,0,0,0,0,0,1,1,0,0,0,1
185,2014,1,1,0,0,0,0,0,0,0,0,0,0,0,0,0
186,2014,1,1,1,0,0,0,0,0,0,0,1,0,0,0,0
187,2014,0,1,1,0,0,0,0,1,1,1,0,0,0,0,0
188,2014,1,1,1,0,0,0,0,1,1,1,1,0,0,0,1
189,2014,0,0,0,0,0,0,0,0,0,0,1,0,0,0,0
190,2014,1,1,0,0,0,0,0,0,0,0,1,0,0,0,1
191,2014,0,0,0,0,0,0,0,0,0,0,0,0,0,0,0
192,2014,1,1,0,0,0,0,0,1,1,0,0,0,0,0,1
193,2014,1,1,0,0,0,0,0,0,0,0,1,0,0,0,1
194,2014,1,1,0,0,0,0,1,1,1,0,1,0,0,0,1
195,2014,1,1,0,0,0,0,0,0,0,0,1,0,0,0,1
196,2014,1,0,0,0,0,0,0,0,0,0,0,0,0,0,0
197,2014,1,1,0,0,0,0,0,0,0,0,1,0,0,0,0
198,2014,1,1,0,0,0,0,0,0,0,0,0,0,0,0,1
199,2014,1,0,0,0,0,0,0,0,0,0,0,0,0,0,1
200,2014,1,1,1,0,0,0,0,1,1,0,0,0,0,0,0
201,2014,0,0,0,0,0,0,1,1,1,1,0,0,0,0,0
202,2014,0,1,0,0,0,0,0,0,0,0,0,0,0,0,0
203,2014,0,0,0,0,0,0,0,0,0,0,0,0,0,0,0
204,2014,1,0,0,0,0,0,0,1,1,0,0,0,0,0,0
205,2014,1,1,0,0,0,0,0,0,0,0,0,0,0,0,0
206,2014,1,1,0,0,0,0,0,0,0,1,0,0,0,0,0
207,2014,0,0,0,0,0,0,0,0,0,0,0,0,0,0,0
208,2014,1,1,0,0,0,0,0,0,0,0,1,0,0,0,1
209,2014,1,0,0,0,0,0,0,0,0,0,0,0,0,0,0
210,2014,1,1,0,0,0,0,0,0,0,1,0,0,0,0,0
211,2014,1,1,0,0,0,0,0,0,0,0,0,0,0,0,1
212,2014,1,1,0,0,0,0,0,0,0,0,1,0,0,0,1
213,2014,1,0,0,0,0,0,0,1,1,1,0,0,0,0,0
214,2014,1,1,0,0,0,0,0,0,0,0,0,0,0,0,1
215,2014,1,1,0,0,0,0,0,0,0,0,1,0,0,0,0
216,2014,1,1,0,0,0,0,0,0,0,0,1,0,0,0,0
217,2014,1,1,0,0,0,0,0,0,0,1,1,0,0,0,0
218,2014,1,1,0,0,0,0,0,0,0,0,1,0,0,0,0
219,2014,0,1,0,0,0,0,0,0,0,0,0,0,0,0,1
220,2014,1,1,0,0,0,0,0,0,0,0,1,0,0,0,1
221,2014,1,1,0,0,0,0,0,0,0,0,1,0,0,0,0
222,2014,1,0,0,0,0,0,1,1,1,1,0,0,0,0,0
223,2014,1,1,0,0,0,0,0,0,0,0,1,0,0,0,0
224,2014,1,1,0,0,0,0,0,0,0,0,0,0,0,0,1
225,2014,1,1,0,0,0,0,0,0,0,0,0,0,0,0,1
226,2014,1,1,0,0,0,0,0,0,0,0,0,0,0,0,1
227,2014,1,1,0,0,0,0,0,1,1,0,1,0,0,0,1
228,2014,1,1,0,0,0,0,0,0,0,1,1,0,0,0,0
229,2014,0,0,0,0,0,0,1,0,1,1,0,0,0,0,1
230,2014,0,1,0,0,0,0,1,1,1,0,1,0,0,0,0
231,2014,1,1,0,0,0,0,0,0,0,0,1,0,0,0,1
232,2014,1,1,0,0,0,0,0,0,0,0,1,0,0,0,1
233,2014,1,1,1,0,0,0,0,0,0,1,1,0,0,0,1
234,2014,1,1,0,0,0,0,0,0,0,0,0,0,0,0,0
235,2014,0,1,0,0,0,0,0,1,1,0,0,0,0,0,0
236,2014,1,1,0,0,0,0,0,0,0,0,0,0,0,0,1
237,2014,1,1,0,0,0,0,0,1,1,1,1,0,0,0,1
238,2014,1,1,0,0,0,0,0,0,0,0,0,0,0,0,0
239,2014,1,1,0,0,0,0,0,0,0,0,0,0,0,0,0
240,2014,1,1,0,0,0,0,0,0,0,0,0,0,0,0,1
241,2014,0,0,0,0,0,0,0,1,1,0,0,0,0,0,0
242,2014,1,1,1,0,0,0,0,0,0,0,1,0,0,0,1
243,2014,0,0,0,0,0,0,0,1,1,1,0,0,0,0,0
244,2014,1,1,0,0,0,0,0,1,1,0,1,0,0,0,1
245,2014,0,1,0,0,0,0,0,0,0,0,0,0,0,0,1
246,2014,0,1,0,0,0,0,0,1,1,0,1,0,0,0,1
247,2014,0,1,0,0,0,0,0,0,0,0,1,0,0,0,1
248,2014,0,1,0,0,0,0,0,1,0,0,0,0,0,0,0
249,2014,0,1,0,0,0,0,0,0,0,0,0,0,0,0,0
250,2014,1,1,0,0,0,0,0,0,0,0,1,0,0,0,1
251,2014,0,0,0,0,0,0,0,1,1,0,0,0,0,0,0
252,2014,0,0,0,0,0,0,0,0,0,0,0,0,0,0,0
253,2014,0,1,0,0,0,0,0,0,0,0,1,0,0,0,1
254,2014,1,1,0,0,0,0,0,0,0,0,1,0,0,0,0
255,2014,1,1,0,0,0,0,0,0,0,0,1,0,0,0,0
256,2014,1,1,0,0,0,0,0,0,0,0,1,0,0,0,0
257,2014,1,1,0,0,0,0,0,0,0,0,1,0,0,0,0
258,2014,1,1,0,0,0,0,0,0,0,0,1,0,0,0,1
259,2014,1,1,0,0,0,0,0,0,0,0,1,0,0,0,0
260,2014,0,1,0,0,0,0,0,0,0,0,0,0,0,0,0
261,2014,1,1,0,0,0,0,0,0,0,0,1,0,0,0,1
262,2014,1,1,0,0,0,0,0,0,0,1,1,0,0,0,1
263,2014,1,1,1,0,0,0,0,0,0,0,1,0,0,0,1
264,2014,1,1,0,0,0,0,0,0,0,0,1,0,0,0,0
265,2014,0,1,0,0,0,0,0,1,1,0,1,0,0,0,1
266,2014,1,1,0,0,0,0,0,1,1,0,1,0,0,0,1
267,2014,1,1,0,0,0,0,0,0,0,0,1,0,0,0,0
268,2014,1,1,0,0,0,0,1,1,0,0,1,0,0,0,1
269,2014,1,1,0,0,0,0,0,0,0,0,0,0,0,0,0
270,2014,1,1,0,0,0,0,0,0,0,0,1,0,0,0,1
271,2014,1,1,1,0,0,0,0,0,0,0,1,0,0,0,1
272,2014,1,1,0,0,0,0,0,0,0,0,1,0,0,0,0
273,2014,1,1,0,0,0,0,0,0,0,0,1,0,0,0,0
274,2014,1,1,0,0,0,0,0,0,0,1,1,0,0,0,1
275,2014,1,1,0,0,0,0,0,0,0,0,1,0,0,0,0
276,2014,1,1,0,0,0,0,0,1,0,0,1,0,0,0,1
277,2014,0,0,0,0,0,0,1,1,0,0,1,0,0,0,1
278,2014,1,1,1,0,0,0,0,0,0,0,1,0,0,0,1
279,2014,1,1,1,0,0,0,0,0,0,0,1,0,0,0,1
280,2014,1,1,0,0,0,0,0,0,1,0,0,0,0,0,1
281,2014,1,1,0,0,0,0,1,1,1,0,1,0,0,0,0
282,2014,0,0,0,0,0,0,0,0,0,0,0,0,0,0,0
283,2014,1,1,0,0,0,0,0,1,1,1,0,0,0,0,1
284,2014,1,1,0,0,0,0,0,0,0,1,1,0,0,0,1
285,2014,1,1,0,0,0,0,0,0,0,0,1,0,0,0,0
286,2014,0,1,0,0,0,0,1,1,1,1,0,0,0,0,1
287,2014,1,1,0,0,0,0,0,0,1,0,1,0,0,0,0
288,2014,0,0,0,0,0,0,0,0,0,0,0,0,0,0,0
289,2014,1,1,0,0,0,0,0,1,0,0,1,0,0,0,1
290,2014,0,0,1,0,0,0,0,1,1,0,0,0,0,0,0
291,2014,0,1,0,0,0,0,0,1,1,0,0,0,0,0,0
292,2014,1,1,0,0,0,0,0,0,0,0,1,0,0,0,1
293,2014,1,1,0,0,0,0,0,0,0,0,0,0,0,0,0
294,2014,1,0,0,0,0,0,0,1,1,0,0,0,0,0,1
295,2014,0,1,0,0,0,0,0,1,1,0,0,0,0,0,0
296,2014,1,1,0,0,0,0,0,0,0,0,0,0,0,0,0
297,2014,1,1,0,0,0,0,0,0,0,1,0,0,0,0,1
298,2014,1,1,0,0,0,0,0,0,0,0,0,0,0,0,1
299,2014,1,1,0,0,0,0,0,0,0,0,0,0,0,0,0
300,2014,1,1,0,0,0,0,0,0,0,0,0,0,0,0,1
1,2015,0,1,0,0,0,0,1,1,0,0,1,0,0,0,1
2,2015,1,1,0,0,0,1,0,0,0,0,0,0,0,0,0
3,2015,0,1,0,0,0,0,0,0,0,0,0,0,0,0,1
4,2015,0,1,0,0,0,0,0,0,0,0,0,0,0,0,0
5,2015,0,0,0,0,0,0,0,0,0,0,0,0,0,0,0
6,2015,0,0,0,0,0,0,0,0,0,0,0,0,0,0,0
7,2015,1,1,0,0,0,0,0,0,0,0,1,0,0,0,0
8,2015,0,1,0,0,0,0,1,1,0,0,1,0,0,0,0
9,2015,1,1,0,0,0,0,0,0,0,0,1,0,0,0,0
10,2015,0,1,0,0,0,0,1,1,1,0,0,0,0,0,0
11,2015,0,1,0,0,0,1,0,0,0,1,0,0,0,0,0
12,2015,1,1,0,0,0,0,0,0,0,0,1,0,0,0,1
13,2015,1,1,0,0,0,0,0,0,0,1,1,0,0,0,1
14,2015,1,1,0,0,0,1,0,0,0,0,0,0,0,0,1
15,2015,0,1,0,0,0,0,0,0,0,0,0,0,0,0,1
16,2015,1,0,0,0,0,0,0,0,0,0,0,0,0,0,0
17,2015,0,0,0,0,0,0,1,0,0,0,0,0,0,0,0
18,2015,0,0,0,0,0,0,0,0,0,0,0,0,0,0,1
19,2015,0,0,0,0,0,1,0,0,1,0,0,0,0,0,1
20,2015,0,0,0,0,0,0,0,0,0,0,0,0,0,0,0
21,2015,0,1,0,0,0,1,0,0,0,0,0,0,0,0,0
22,2015,0,0,0,0,0,0,0,0,0,0,0,0,0,0,0
23,2015,0,0,0,0,0,0,0,0,0,0,0,0,0,0,0
24,2015,0,0,0,0,0,0,0,0,0,0,0,0,0,0,1
25,2015,0,0,0,0,0,0,0,0,0,0,0,0,0,0,0
26,2015,0,1,0,0,0,0,0,0,0,0,0,0,0,0,0
27,2015,0,1,0,0,0,0,0,0,0,0,0,0,0,0,1
28,2015,1,1,0,0,0,0,1,0,0,0,0,0,0,0,0
29,2015,1,1,0,0,0,0,0,1,0,0,0,0,0,0,0
30,2015,0,0,1,0,0,0,0,0,0,0,0,0,0,0,1
31,2015,1,1,0,0,0,0,0,0,0,1,1,0,0,0,1
32,2015,1,1,0,0,0,0,0,0,0,0,0,0,0,0,0
33,2015,1,1,0,0,0,0,0,0,0,0,1,0,0,0,1
34,2015,1,1,0,0,0,0,0,0,0,0,1,0,0,0,1
35,2015,0,1,0,0,0,0,0,0,0,0,0,0,0,0,0
36,2015,0,1,0,0,0,0,0,0,0,0,0,0,0,0,0
37,2015,0,0,0,0,0,0,0,0,0,0,0,0,0,0,0
38,2015,1,1,0,0,0,0,0,0,0,0,1,0,0,0,0
39,2015,0,1,0,0,0,0,0,1,0,0,0,0,0,0,0
40,2015,0,0,0,0,0,0,0,0,0,0,0,0,0,0,0
41,2015,0,0,0,0,0,0,0,0,0,0,0,0,0,0,0
42,2015,1,1,0,0,0,0,0,1,0,0,0,0,0,0,1
43,2015,0,0,0,0,0,0,0,0,0,0,0,0,0,0,0
44,2015,1,1,0,0,0,0,0,1,0,0,0,0,0,0,0
45,2015,0,0,0,0,0,0,0,0,0,0,0,0,0,0,0
46,2015,0,1,0,0,0,0,0,0,0,0,1,0,0,0,1
47,2015,0,1,0,0,0,0,0,0,0,0,0,0,0,0,0
48,2015,0,1,0,0,0,0,0,0,0,0,1,0,0,0,0
49,2015,1,1,0,0,0,0,1,0,0,0,1,0,0,0,1
50,2015,0,0,0,0,0,0,0,0,0,0,0,0,0,0,0
51,2015,0,0,0,0,0,0,0,0,0,0,0,0,0,0,0
52,2015,1,1,1,0,0,0,0,0,0,0,1,0,0,0,1
53,2015,1,1,0,0,0,0,0,0,0,0,1,0,0,0,0
54,2015,1,1,0,0,0,0,0,1,0,0,0,0,0,0,1
55,2015,1,1,0,0,0,0,0,0,0,0,0,0,0,0,1
56,2015,1,1,1,0,0,0,0,1,1,0,1,0,0,0,1
57,2015,0,0,0,0,0,0,0,0,0,0,0,0,0,0,0
58,2015,1,1,0,0,0,0,0,0,0,0,1,0,0,0,1
59,2015,0,1,0,0,0,0,0,0,0,0,0,0,0,0,0
60,2015,0,1,0,0,0,1,0,0,0,1,1,0,0,0,1
61,2015,0,0,0,0,0,0,0,0,0,0,0,0,0,0,0
62,2015,0,0,0,0,0,0,0,0,0,0,0,0,0,0,0
63,2015,1,1,0,0,0,0,0,0,0,0,0,0,0,0,0
64,2015,0,0,0,0,0,0,0,0,0,0,0,0,0,0,1
65,2015,0,1,0,0,0,0,0,0,0,0,0,0,0,0,0
66,2015,1,1,0,0,0,0,0,0,0,0,0,0,0,0,0
67,2015,1,1,0,0,0,0,0,0,0,0,1,0,0,0,1
68,2015,1,1,0,0,0,0,0,0,0,0,1,0,0,0,0
69,2015,1,1,0,0,0,0,0,1,0,0,1,0,0,0,1
70,2015,0,1,0,0,0,0,0,0,0,0,1,0,0,0,0
71,2015,1,1,0,0,0,0,0,0,0,1,0,0,0,0,1
72,2015,1,1,0,0,0,0,0,0,0,0,0,0,0,0,0
73,2015,1,1,0,0,0,0,0,0,0,0,0,0,0,0,1
74,2015,0,1,0,0,0,0,1,1,1,0,0,0,0,0,0
75,2015,1,1,1,0,0,0,1,0,0,0,1,0,0,0,1
76,2015,1,1,0,0,0,0,0,0,0,0,1,0,0,0,1
77,2015,1,1,0,0,0,0,0,0,0,0,1,0,0,0,1
78,2015,1,1,0,0,0,0,0,0,0,0,0,0,0,0,0
79,2015,1,1,0,0,0,0,0,0,0,0,0,0,0,0,0
80,2015,1,1,0,0,0,0,0,0,0,0,1,0,0,0,0
81,2015,0,1,0,0,0,0,0,0,0,0,0,0,0,0,0
82,2015,1,0,0,0,0,0,0,0,0,1,1,0,0,0,1
83,2015,1,1,0,0,0,0,0,0,0,0,0,0,0,0,1
84,2015,0,0,0,0,0,0,0,0,0,0,0,0,0,0,0
85,2015,1,1,1,0,0,0,0,0,0,0,1,1,0,0,1
86,2015,0,0,0,0,0,0,0,0,0,0,0,0,0,0,1
87,2015,0,0,0,0,0,0,0,0,0,0,0,0,0,0,0
88,2015,0,0,0,0,0,0,0,0,0,0,0,0,0,0,0
89,2015,1,1,0,0,0,0,0,0,0,0,0,0,0,0,0
90,2015,1,0,0,0,0,0,0,1,0,0,0,0,0,0,1
91,2015,0,1,0,0,0,1,0,0,1,0,0,0,0,0,0
92,2015,0,0,0,0,0,0,1,1,1,0,0,0,0,0,0
93,2015,1,1,0,0,0,0,0,0,0,0,0,0,0,0,1
94,2015,1,1,0,0,0,0,0,0,0,0,0,0,0,0,0
95,2015,1,1,0,0,0,0,0,0,0,0,1,1,0,0,1
96,2015,1,1,0,0,0,0,0,0,0,0,0,0,0,0,0
97,2015,1,1,0,0,0,0,0,0,0,0,0,0,0,0,1
98,2015,0,1,0,0,0,0,0,0,0,0,0,0,0,0,0
99,2015,1,1,0,0,0,1,0,0,0,0,1,0,0,0,1
100,2015,1,1,0,0,0,0,0,0,0,0,1,0,0,0,1
101,2015,1,1,0,0,0,0,0,0,0,0,0,0,0,0,0
102,2015,0,1,0,0,0,0,0,0,0,0,0,0,0,0,1
103,2015,0,0,0,0,0,0,0,0,0,0,0,0,0,0,0
104,2015,1,1,1,0,0,0,0,1,0,1,0,0,0,0,1
105,2015,1,1,0,0,0,0,0,0,0,0,0,0,0,0,1
106,2015,0,0,0,0,0,0,0,0,0,0,0,0,0,0,0
107,2015,0,0,0,0,0,0,0,0,0,0,1,0,0,0,1
108,2015,1,1,0,0,0,0,0,0,0,0,1,0,0,0,1
109,2015,1,1,0,0,0,0,0,0,0,0,0,0,0,0,0
110,2015,1,1,0,0,0,0,0,0,0,0,1,0,0,0,0
111,2015,0,0,0,0,0,0,0,1,0,1,0,0,0,0,0
112,2015,0,1,0,0,0,0,0,0,1,0,1,0,0,0,1
113,2015,0,1,0,0,0,0,0,0,0,0,1,0,0,0,1
114,2015,1,1,0,0,0,0,1,0,0,0,0,0,0,0,1
115,2015,0,1,0,0,0,0,0,1,0,0,0,0,0,0,1
116,2015,0,1,0,0,0,0,0,0,0,0,1,0,0,0,1
117,2015,1,1,0,0,0,0,0,0,0,0,1,0,0,0,1
118,2015,1,1,0,0,0,0,0,0,0,0,1,0,0,0,1
119,2015,1,1,0,0,0,0,0,1,0,1,0,0,0,0,1
120,2015,1,1,0,0,0,0,0,0,0,0,1,0,0,0,0
121,2015,1,1,0,0,0,0,0,0,0,0,1,0,0,0,1
122,2015,1,1,0,0,0,0,0,0,0,0,0,0,0,0,1
123,2015,0,0,0,0,0,0,0,0,0,0,0,0,0,0,0
124,2015,0,0,0,0,0,0,0,0,0,0,0,0,0,0,0
125,2015,1,0,0,0,0,0,0,0,0,0,0,0,0,0,0
126,2015,1,1,0,0,0,0,0,0,0,0,0,0,0,0,0
127,2015,0,1,0,0,0,0,0,0,0,0,1,0,0,0,1
128,2015,1,1,0,0,0,0,0,0,0,0,0,0,0,0,1
129,2015,0,0,0,0,0,0,0,0,0,0,0,0,0,0,0
130,2015,1,1,0,0,0,0,0,0,0,0,1,0,0,0,1
131,2015,0,1,0,0,0,0,0,0,1,0,1,1,0,0,1
132,2015,1,1,0,0,0,0,1,1,0,0,1,0,0,0,0
133,2015,0,1,0,0,0,0,0,0,0,0,0,0,0,0,1
134,2015,0,1,0,0,0,0,0,0,0,0,0,0,0,0,1
135,2015,0,0,0,0,0,0,0,0,0,0,0,0,0,0,0
136,2015,1,1,0,0,0,0,0,0,0,0,0,0,0,0,0
137,2015,0,1,1,0,0,0,1,1,1,1,1,0,0,0,1
138,2015,1,1,1,0,0,0,1,1,1,0,1,0,0,0,1
139,2015,0,0,0,0,0,0,0,0,0,0,0,0,0,0,0
140,2015,0,0,0,0,0,0,0,0,0,0,0,0,0,0,0
141,2015,1,1,0,0,0,0,0,0,0,0,0,0,0,0,1
142,2015,1,0,0,0,0,0,0,0,1,0,0,0,0,0,0
143,2015,1,1,0,0,0,0,0,0,0,0,1,0,0,0,1
144,2015,0,0,1,0,0,0,0,0,0,0,0,0,0,0,0
145,2015,0,0,0,0,0,0,0,0,0,0,0,0,0,0,0
146,2015,0,1,1,0,0,0,0,0,1,0,1,0,0,0,1
147,2015,1,1,0,0,0,0,0,0,0,0,1,0,0,0,1
148,2015,0,1,0,0,0,0,0,0,0,0,0,0,0,0,0
149,2015,1,1,0,0,0,0,0,0,0,0,0,0,0,0,0
150,2015,1,1,1,0,0,0,1,0,0,0,1,0,0,0,1
151,2015,1,1,0,0,0,0,0,0,0,0,1,0,0,0,1
152,2015,0,1,0,0,0,0,0,0,0,0,0,0,0,0,0
153,2015,0,1,0,0,0,0,0,0,0,0,1,0,0,0,0
154,2015,1,1,0,0,0,0,0,0,0,0,0,0,0,0,1
155,2015,1,1,0,0,0,0,0,0,0,0,1,0,0,0,0
156,2015,1,1,0,0,0,0,0,0,0,0,0,0,0,0,1
157,2015,1,1,1,0,0,0,0,1,1,0,1,0,0,0,1
158,2015,0,1,0,0,0,1,0,0,0,0,1,0,0,0,1
159,2015,0,1,0,0,0,0,0,0,0,0,0,0,0,0,0
160,2015,0,1,0,0,0,0,0,0,0,0,0,0,0,0,0
161,2015,0,1,0,0,0,0,0,0,0,0,0,0,0,0,0
162,2015,0,0,0,0,0,0,0,0,0,0,0,0,0,0,0
163,2015,1,1,0,0,0,0,0,0,0,1,1,0,0,0,0
164,2015,1,1,0,0,0,0,0,0,0,0,0,0,0,0,0
165,2015,1,1,0,0,0,0,0,0,0,0,1,0,0,0,1
166,2015,0,1,0,0,0,0,0,0,0,0,0,0,0,0,0
167,2015,1,1,0,0,0,0,0,0,0,0,0,0,0,0,1
168,2015,0,1,0,0,0,0,0,0,0,0,1,0,0,0,1
169,2015,0,1,0,0,0,0,0,0,0,0,1,0,0,0,0
170,2015,0,1,1,0,0,0,0,0,0,0,0,0,0,0,1
171,2015,0,1,0,0,0,0,0,0,0,0,0,0,0,0,0
172,2015,0,0,0,0,0,0,0,0,0,0,0,0,0,0,0
173,2015,1,1,0,0,0,0,0,0,0,0,1,0,0,0,0
174,2015,1,1,0,0,0,1,0,0,0,0,1,0,0,0,1
175,2015,1,1,0,0,0,0,0,0,0,0,0,0,0,0,0
176,2015,0,1,0,0,0,0,0,0,0,0,1,0,0,0,1
177,2015,1,1,0,0,0,0,0,0,0,0,1,0,0,0,0
178,2015,0,1,1,0,0,0,0,0,0,0,1,0,0,0,1
179,2015,0,1,0,0,0,0,0,0,0,0,0,0,0,0,1
180,2015,0,1,0,0,0,0,0,0,1,0,0,0,0,0,0
181,2015,0,0,1,0,0,0,0,1,0,0,1,1,0,0,1
182,2015,0,1,0,0,0,0,0,0,0,0,0,0,0,0,0
183,2015,0,1,0,0,0,0,1,0,0,0,1,0,0,0,1
184,2015,1,1,0,0,0,0,0,0,0,0,0,0,0,0,0
185,2015,1,1,0,0,0,0,0,0,0,0,0,0,0,0,0
186,2015,1,1,0,0,0,0,0,0,0,0,1,0,0,0,1
187,2015,0,1,0,0,0,0,0,0,0,0,0,0,0,0,1
188,2015,1,1,0,0,0,0,0,0,0,0,1,0,0,0,1
189,2015,0,0,0,0,0,0,0,0,0,0,0,0,0,0,0
190,2015,1,1,0,0,0,0,0,0,0,0,1,0,0,0,1
191,2015,0,0,0,0,0,0,0,0,1,0,0,0,0,0,0
192,2015,1,1,0,0,0,0,0,0,0,0,0,0,0,0,1
193,2015,1,1,0,0,0,0,0,0,0,0,0,0,0,0,1
194,2015,0,1,0,0,0,1,1,1,1,0,1,0,0,0,1
195,2015,1,1,0,0,0,0,0,0,0,0,1,0,0,0,0
196,2015,1,1,0,0,0,0,0,0,0,0,1,0,0,0,1
197,2015,1,1,0,0,0,0,0,0,0,0,1,0,0,0,1
198,2015,1,1,0,0,0,0,0,0,0,0,1,0,0,0,0
199,2015,1,1,0,0,0,0,0,0,0,0,1,0,0,0,1
200,2015,0,0,0,0,0,0,0,0,0,0,0,0,0,0,0
201,2015,0,1,0,0,0,0,1,1,0,0,0,0,0,0,0
202,2015,1,1,0,0,0,0,0,1,0,0,1,1,0,0,1
203,2015,0,1,0,0,0,0,0,0,1,0,0,0,0,0,0
204,2015,0,0,1,0,0,0,1,1,1,0,0,1,0,0,1
205,2015,1,1,0,0,0,0,0,0,0,0,1,0,0,0,1
206,2015,1,1,0,0,0,0,0,0,0,0,1,0,0,0,1
207,2015,0,0,0,0,0,0,0,0,0,0,0,0,0,0,0
208,2015,1,1,0,0,0,0,0,0,0,0,0,0,0,0,1
209,2015,1,1,0,0,0,0,0,0,0,0,1,0,0,0,1
210,2015,1,1,0,0,0,0,0,0,0,0,0,0,0,0,1
211,2015,0,1,0,0,0,0,0,0,0,0,1,0,0,0,1
212,2015,0,1,0,0,0,0,0,0,0,0,1,0,0,0,1
213,2015,1,1,0,0,0,0,1,1,0,0,1,0,0,0,0
214,2015,1,1,0,0,0,0,0,0,0,0,1,0,0,0,1
215,2015,1,1,0,0,0,0,0,1,0,0,1,0,0,0,1
216,2015,1,1,0,0,0,0,0,0,0,0,1,0,0,0,1
217,2015,1,1,0,0,0,0,0,0,1,0,1,0,0,0,1
218,2015,1,1,0,0,0,0,1,0,0,0,1,0,0,0,1
219,2015,0,1,0,0,0,0,0,1,0,0,0,0,0,0,0
220,2015,1,1,0,0,0,0,0,0,0,0,1,0,0,0,1
221,2015,1,1,0,0,0,0,0,0,1,0,0,0,0,0,0
222,2015,1,1,0,0,0,0,0,1,1,0,0,0,0,0,0
223,2015,1,1,0,0,0,0,0,0,0,0,1,0,0,0,1
224,2015,0,1,0,0,0,0,1,1,1,0,1,0,0,0,1
225,2015,1,1,0,0,0,0,0,0,0,0,1,0,0,0,1
226,2015,0,1,0,0,0,0,0,0,0,0,1,0,0,0,1
227,2015,1,1,0,0,0,0,0,0,0,0,1,0,0,0,1
228,2015,1,1,0,0,0,0,0,0,0,0,1,0,0,0,1
229,2015,1,1,0,0,0,0,0,0,0,0,1,0,0,0,0
230,2015,1,1,0,0,0,0,0,0,0,0,1,0,0,0,0
231,2015,1,1,0,0,0,0,0,0,0,0,1,0,0,0,0
232,2015,1,1,0,0,0,0,0,0,0,0,0,0,0,0,1
233,2015,1,1,0,0,0,0,0,1,0,0,1,0,0,0,1
234,2015,1,1,0,0,0,0,0,0,0,0,0,0,0,0,0
235,2015,0,1,0,0,0,0,0,0,0,0,1,0,0,0,1
236,2015,1,1,0,0,0,0,0,0,0,0,1,0,0,0,1
237,2015,1,1,0,0,0,0,0,0,0,0,0,0,0,0,1
238,2015,0,1,0,0,0,0,0,0,0,0,0,0,0,0,0
239,2015,1,1,0,0,0,0,0,0,0,0,0,0,0,0,0
240,2015,0,1,0,0,0,0,0,0,0,0,0,0,0,0,0
241,2015,0,1,0,0,0,0,0,0,0,0,0,0,0,0,0
242,2015,1,1,0,0,0,0,1,0,0,0,1,0,0,0,0
243,2015,0,1,0,0,0,0,0,0,0,0,0,0,0,0,0
244,2015,1,1,0,0,0,0,0,0,0,0,0,0,0,0,1
245,2015,1,1,0,0,0,0,0,0,0,0,1,0,0,0,1
246,2015,1,1,0,0,0,0,0,0,0,0,0,0,0,0,1
247,2015,0,0,0,0,0,0,0,0,0,0,0,0,0,0,0
248,2015,0,1,0,0,0,1,0,0,0,0,0,0,0,0,0
249,2015,0,1,0,0,0,0,0,0,0,0,1,0,0,0,1
250,2015,1,1,1,0,0,0,0,0,0,0,1,0,0,0,1
251,2015,0,0,0,0,0,0,0,0,0,0,0,0,0,0,0
252,2015,0,1,0,0,0,0,0,0,0,0,0,0,0,0,0
253,2015,0,1,0,0,0,1,0,1,0,0,1,0,0,0,1
254,2015,0,1,0,0,0,0,0,0,0,1,0,0,0,0,0
255,2015,0,1,0,0,0,0,0,0,0,0,0,0,0,0,0
256,2015,1,1,0,0,0,0,0,0,0,0,0,0,0,0,0
257,2015,1,1,0,0,0,0,0,0,0,0,0,0,0,0,0
258,2015,1,1,0,0,0,0,0,0,0,0,0,0,0,0,1
259,2015,1,1,0,0,0,0,0,0,0,0,0,0,0,0,1
260,2015,1,1,0,0,0,0,0,0,1,1,0,0,0,0,0
261,2015,1,1,0,0,0,0,0,0,0,0,1,0,0,0,0
262,2015,1,1,0,0,0,0,0,0,0,0,0,0,0,0,1
263,2015,1,1,0,0,0,0,0,0,0,0,1,0,0,0,0
264,2015,1,1,0,0,0,0,0,0,0,0,0,0,0,0,1
265,2015,1,1,1,0,0,0,1,1,0,0,1,0,0,0,1
266,2015,0,0,1,0,0,0,0,0,0,0,0,0,0,0,0
267,2015,1,1,0,0,0,0,0,0,0,0,1,0,0,0,0
268,2015,1,1,0,0,0,0,1,0,0,0,0,0,0,0,0
269,2015,1,1,1,0,0,0,0,0,0,0,0,0,0,0,1
270,2015,1,1,0,0,0,0,0,0,0,0,1,0,0,0,0
271,2015,1,1,0,0,0,0,0,1,0,0,1,0,0,0,1
272,2015,1,1,0,0,0,0,0,0,0,0,0,0,0,0,1
273,2015,0,1,0,0,0,0,0,0,0,0,1,0,0,0,0
274,2015,1,1,0,0,0,0,0,0,0,0,0,0,0,0,1
275,2015,1,1,1,0,0,0,0,0,0,0,1,0,0,0,1
276,2015,1,1,0,0,0,0,1,0,0,0,0,0,0,0,1
277,2015,0,1,1,0,0,0,1,1,0,0,1,0,0,0,1
278,2015,1,1,0,0,0,0,0,0,0,1,1,0,0,0,0
279,2015,1,1,1,0,0,0,0,0,0,0,1,0,0,0,0
280,2015,0,1,0,0,0,1,0,0,0,0,0,0,0,0,1
281,2015,0,1,0,0,0,0,0,1,0,0,0,0,0,0,0
282,2015,1,1,0,0,0,0,0,0,0,0,0,0,0,0,0
283,2015,1,1,0,0,0,0,0,1,1,0,1,0,0,0,1
284,2015,1,1,0,0,0,0,0,0,0,0,1,0,0,0,1
285,2015,1,1,0,0,0,0,0,0,0,0,1,0,0,0,1
286,2015,0,0,0,0,0,0,0,0,0,0,0,0,0,0,0
287,2015,1,1,0,0,0,0,0,0,0,0,0,0,0,0,1
288,2015,0,0,0,0,0,0,0,0,0,0,0,0,0,0,0
289,2015,1,1,0,0,0,0,0,0,0,0,0,0,0,0,1
290,2015,1,0,1,0,0,0,0,0,1,0,0,0,0,0,0
291,2015,0,1,0,0,0,1,0,0,0,0,0,0,0,0,1
292,2015,0,1,0,0,0,0,1,0,0,0,1,0,0,0,1
293,2015,0,1,0,0,0,0,0,0,0,0,1,0,0,0,0
294,2015,0,1,0,0,0,0,0,0,0,0,1,0,0,0,1
295,2015,1,1,1,0,0,0,0,1,1,0,1,0,0,0,1
296,2015,1,0,0,0,0,0,0,0,0,0,0,0,0,0,0
297,2015,1,1,0,0,0,0,0,0,0,0,0,0,0,0,1
298,2015,1,1,0,0,0,0,0,0,0,0,0,0,0,0,0
299,2015,1,1,0,0,0,0,0,0,0,0,1,0,0,0,1
300,2015,1,1,0,0,0,0,0,0,0,0,0,0,0,0,0
1,2016,1,1,1,0,0,0,0,1,0,0,0,0,0,0,1
2,2016,1,1,0,0,0,0,0,0,0,0,0,0,0,0,1
3,2016,0,1,1,0,0,0,0,0,0,1,0,0,0,0,1
4,2016,1,1,0,0,0,0,0,0,0,0,0,0,0,0,0
5,2016,0,1,0,0,0,0,1,0,0,0,1,0,0,0,0
6,2016,0,0,0,0,0,0,0,0,0,0,0,0,0,1,0
7,2016,1,1,0,0,0,0,0,0,0,0,1,0,0,0,0
8,2016,1,1,0,0,0,0,1,0,1,0,1,0,0,0,1
9,2016,1,1,0,0,0,0,0,0,0,0,0,0,0,0,1
10,2016,0,0,0,0,0,0,0,1,1,0,0,0,0,0,0
11,2016,1,1,0,0,0,0,0,1,1,1,0,0,0,0,0
12,2016,1,1,0,0,0,0,1,0,1,0,1,0,0,0,1
13,2016,1,1,0,0,0,0,0,0,0,0,0,0,0,0,1
14,2016,1,1,0,0,0,1,0,0,0,0,0,0,0,0,1
15,2016,1,1,0,0,0,1,0,0,0,0,0,0,0,0,1
16,2016,0,1,0,0,0,0,0,0,0,0,0,0,0,0,0
17,2016,1,1,0,0,0,1,0,1,1,0,0,0,0,0,1
18,2016,1,0,0,0,0,0,0,0,0,0,0,0,0,0,0
19,2016,1,1,0,0,0,1,1,0,1,0,0,0,0,0,1
20,2016,1,0,0,0,0,0,0,0,0,0,0,0,0,0,0
21,2016,0,1,0,0,0,0,0,0,1,0,0,0,0,0,1
22,2016,1,1,0,0,0,0,0,0,0,0,0,0,0,0,0
23,2016,0,0,0,0,0,0,0,1,1,0,0,0,0,0,0
24,2016,0,0,0,0,0,0,0,0,0,0,0,0,0,0,0
25,2016,0,0,0,0,0,0,0,0,0,0,0,0,0,0,0
26,2016,0,0,0,0,0,0,0,0,0,0,0,0,0,0,0
27,2016,0,0,0,0,0,0,0,0,0,0,0,0,0,0,0
28,2016,0,1,0,0,0,0,0,0,0,0,0,0,0,0,0
29,2016,0,1,0,0,0,0,1,0,0,0,0,0,0,0,1
30,2016,0,1,0,0,0,0,0,0,0,0,0,0,0,0,0
31,2016,1,1,0,0,0,0,1,0,1,0,0,0,0,0,0
32,2016,1,1,0,0,0,0,0,0,0,0,1,0,0,0,1
33,2016,1,1,0,0,0,0,0,0,0,0,1,0,0,0,1
34,2016,1,1,0,0,0,0,0,1,0,0,0,0,0,0,1
35,2016,1,1,0,0,0,0,0,0,0,0,0,0,0,0,0
36,2016,1,1,0,0,0,0,0,0,0,0,0,0,0,0,1
37,2016,1,1,0,0,0,0,0,0,0,0,0,0,0,0,0
38,2016,1,1,0,0,0,0,0,0,0,0,0,0,0,0,0
39,2016,0,0,0,0,0,0,0,0,0,0,0,0,0,0,0
40,2016,0,0,0,0,0,0,0,0,0,0,0,0,0,0,0
41,2016,1,1,0,0,0,0,0,1,0,0,0,0,0,0,1
42,2016,1,1,0,0,0,0,1,1,0,0,1,0,0,0,0
43,2016,0,1,0,0,0,0,0,0,0,0,0,0,0,0,0
44,2016,1,1,0,0,0,0,0,1,1,1,0,0,0,0,0
45,2016,0,0,0,0,0,0,0,0,0,0,0,0,0,0,0
46,2016,1,1,0,0,0,1,0,0,0,0,1,0,0,0,1
47,2016,0,0,0,0,0,0,0,0,0,0,0,0,0,0,0
48,2016,1,1,0,0,0,0,1,1,1,0,1,0,0,0,0
49,2016,0,1,0,0,0,0,0,0,0,0,0,0,0,0,0
50,2016,0,0,0,0,0,0,0,0,0,0,0,0,0,0,0
51,2016,0,0,0,0,0,0,0,0,0,0,0,0,0,0,0
52,2016,1,1,0,0,0,0,0,0,0,0,0,0,0,0,0
53,2016,1,1,0,0,0,0,0,0,0,0,1,0,0,0,1
54,2016,1,1,0,0,0,0,0,0,0,0,0,0,0,0,1
55,2016,1,1,0,0,0,0,0,0,0,0,1,0,0,0,1
56,2016,1,1,0,0,0,0,1,0,0,0,0,0,0,0,1
57,2016,0,0,0,0,0,0,0,1,1,0,0,0,0,0,0
58,2016,1,1,0,0,0,0,0,0,0,0,0,0,0,0,1
59,2016,0,1,0,0,1,0,1,0,0,0,1,0,0,0,1
60,2016,1,1,0,0,0,0,0,0,0,0,0,0,0,0,1
61,2016,0,0,0,0,0,0,1,0,1,0,0,0,0,0,1
62,2016,1,1,0,0,0,0,0,1,1,0,0,0,0,0,1
63,2016,1,1,0,0,0,0,0,1,0,0,1,0,0,0,0
64,2016,0,0,0,0,0,0,0,0,0,0,1,0,0,0,0
65,2016,1,1,0,0,0,0,0,0,0,0,0,0,0,0,1
66,2016,0,1,0,0,0,0,0,0,0,0,0,0,0,0,1
67,2016,1,1,0,0,0,0,0,0,0,0,1,0,0,0,0
68,2016,1,1,0,0,0,0,1,0,0,0,1,0,0,0,0
69,2016,1,1,0,0,0,0,0,0,0,0,1,0,0,0,0
70,2016,1,1,0,0,0,1,0,0,0,0,0,0,0,0,1
71,2016,1,1,0,0,0,0,0,0,0,0,0,0,0,0,1
72,2016,1,1,0,0,0,0,0,0,0,0,0,0,0,0,1
73,2016,1,1,0,0,0,0,0,0,0,0,0,0,0,0,1
74,2016,0,1,0,0,0,0,0,0,0,0,1,0,0,0,1
75,2016,1,1,0,0,0,0,1,0,1,0,1,0,0,0,0
76,2016,1,1,0,0,0,0,0,0,0,1,1,0,0,0,1
77,2016,1,1,0,0,0,0,0,0,0,0,0,0,0,0,1
78,2016,0,1,0,0,0,0,0,1,0,0,0,0,0,0,0
79,2016,0,0,0,0,0,0,1,0,0,0,1,0,0,0,1
80,2016,1,1,0,0,0,0,0,0,0,0,0,0,0,0,1
81,2016,1,1,0,0,0,0,0,0,0,0,0,0,0,0,1
82,2016,1,1,0,0,0,0,0,1,0,0,0,0,0,0,1
83,2016,1,1,0,0,0,0,0,0,0,0,0,0,0,0,1
84,2016,0,0,0,0,0,0,0,0,0,0,0,0,0,0,0
85,2016,1,1,0,0,0,0,0,1,1,0,1,0,0,0,1
86,2016,0,0,0,0,0,0,1,0,1,0,0,0,0,0,0
87,2016,0,0,0,0,0,0,0,0,0,0,0,0,0,0,0
88,2016,0,1,0,0,0,0,0,0,0,0,0,0,0,0,0
89,2016,1,1,0,0,0,0,0,0,0,0,1,0,0,0,1
90,2016,0,0,0,0,0,0,0,0,0,0,0,0,0,0,0
91,2016,1,1,0,0,0,0,0,1,1,0,0,0,0,0,1
92,2016,1,1,0,0,0,0,0,0,1,0,0,0,0,0,1
93,2016,1,1,0,0,0,0,1,1,1,0,1,0,0,0,1
94,2016,1,1,0,0,0,0,0,0,0,0,1,0,0,0,0
95,2016,1,1,1,0,0,0,0,0,0,0,0,0,0,0,0
96,2016,1,1,0,0,0,0,0,0,0,0,0,0,0,0,0
97,2016,1,1,0,0,0,0,0,0,0,1,0,0,0,0,1
98,2016,1,1,0,0,0,0,0,0,0,0,0,0,0,0,1
99,2016,1,1,0,0,0,0,0,0,0,0,0,0,0,0,0
100,2016,1,1,0,0,0,0,0,0,0,0,0,0,0,0,1
101,2016,1,1,0,0,0,0,0,1,1,0,0,0,0,0,1
102,2016,0,0,0,0,0,0,0,0,0,0,0,0,0,0,0
103,2016,0,1,0,0,0,0,0,0,0,0,0,0,0,0,1
104,2016,1,1,1,0,0,0,0,0,0,0,1,0,0,0,1
105,2016,1,1,1,0,0,0,0,0,0,0,0,0,0,0,0
106,2016,0,0,0,0,0,0,0,0,0,0,0,0,0,0,0
107,2016,1,1,0,0,0,1,1,1,1,0,0,0,0,0,1
108,2016,1,1,0,0,0,0,0,0,0,0,0,0,0,0,1
109,2016,1,1,0,0,0,0,0,0,0,0,0,0,0,0,1
110,2016,1,1,0,0,0,0,0,0,0,0,0,0,0,0,0
111,2016,1,1,0,0,0,1,0,0,0,0,1,0,0,0,1
112,2016,1,0,0,0,0,0,0,0,0,0,0,0,0,0,0
113,2016,1,1,0,0,0,0,0,0,0,0,0,0,0,0,1
114,2016,1,1,0,0,0,0,0,0,0,0,0,0,0,0,1
115,2016,0,1,0,0,0,0,0,0,1,0,0,0,0,0,1
116,2016,1,1,1,0,0,0,0,0,0,0,1,0,0,0,1
117,2016,1,1,1,0,0,0,0,0,0,0,0,0,0,0,0
118,2016,1,0,1,0,0,0,1,0,0,0,0,0,0,0,1
119,2016,1,1,0,0,0,0,0,0,0,0,1,0,0,0,1
120,2016,1,1,1,0,0,0,0,0,0,0,1,0,0,0,0
121,2016,1,0,0,0,0,0,0,0,0,0,0,0,0,0,1
122,2016,1,1,0,0,0,0,0,0,0,0,0,0,0,0,0
123,2016,0,1,0,0,0,0,0,0,0,0,0,0,0,0,1
124,2016,1,0,0,0,0,0,0,0,0,0,0,0,0,0,0
125,2016,0,1,0,0,0,0,1,0,0,0,0,0,0,0,1
126,2016,1,1,0,0,0,0,0,0,1,0,0,0,0,0,1
127,2016,1,1,0,0,0,0,0,0,0,0,0,0,0,0,0
128,2016,1,1,0,0,0,0,0,0,0,1,0,0,0,0,1
129,2016,0,1,0,0,0,0,0,0,0,0,0,0,0,0,0
130,2016,0,1,0,0,0,0,0,1,0,0,1,0,0,0,1
131,2016,1,1,0,0,0,0,0,1,1,1,0,0,0,0,1
132,2016,1,1,0,0,0,0,0,1,0,0,0,0,0,0,1
133,2016,0,1,0,0,0,0,0,0,0,0,0,0,0,0,0
134,2016,0,0,1,0,0,0,0,1,1,0,1,0,0,0,1
135,2016,0,0,1,0,0,0,1,0,0,0,1,0,0,0,0
136,2016,1,1,0,0,0,0,0,0,0,0,1,0,0,0,1
137,2016,1,1,0,0,0,0,0,0,0,0,1,0,0,0,1
138,2016,1,1,0,0,0,1,0,0,0,0,1,0,0,0,1
139,2016,0,0,0,0,0,0,0,1,0,0,0,0,0,0,0
140,2016,0,0,0,0,0,0,0,0,1,0,0,0,0,0,0
141,2016,0,1,0,0,0,1,0,0,0,0,0,0,0,0,1
142,2016,1,0,0,0,0,1,0,1,1,0,0,0,0,0,0
143,2016,1,1,0,0,0,0,0,0,0,0,0,0,0,0,1
144,2016,1,1,1,0,0,0,1,1,1,0,1,0,0,0,1
145,2016,1,1,0,0,0,0,0,0,0,0,0,0,0,0,0
146,2016,1,1,0,0,0,0,0,0,0,0,1,0,0,0,1
147,2016,1,1,0,0,0,0,0,0,0,0,1,0,0,0,0
148,2016,1,1,1,0,0,0,1,1,1,0,1,0,0,0,1
149,2016,1,1,1,0,0,0,0,0,0,0,0,0,0,0,1
150,2016,1,1,0,0,0,0,0,0,0,0,0,0,0,0,0
151,2016,1,1,0,0,0,0,0,0,0,0,0,0,0,0,1
152,2016,1,1,0,0,0,0,0,0,0,0,1,0,0,0,1
153,2016,1,1,0,0,0,0,0,0,0,0,1,0,0,0,1
154,2016,1,1,1,0,0,0,0,0,0,0,1,0,0,0,0
155,2016,1,1,0,0,0,0,0,0,0,0,1,0,0,0,0
156,2016,1,1,0,0,0,0,0,1,1,0,0,0,0,0,1
157,2016,1,1,1,0,0,0,1,1,1,0,1,0,0,0,1
158,2016,1,1,0,0,0,0,0,0,0,0,0,0,0,0,1
159,2016,0,1,0,0,0,0,0,0,0,0,1,0,0,0,0
160,2016,1,1,1,0,0,0,1,0,1,0,1,0,0,0,1
161,2016,1,1,0,0,0,0,0,0,0,0,0,0,0,0,1
162,2016,0,0,0,0,0,0,0,1,1,0,0,0,0,0,0
163,2016,1,1,0,0,0,0,1,0,1,1,1,0,0,0,0
164,2016,1,1,0,0,0,0,0,0,0,0,1,0,0,0,0
165,2016,1,1,0,0,0,0,0,1,0,0,0,0,0,0,1
166,2016,1,1,0,0,0,0,0,0,0,0,0,0,0,0,0
167,2016,1,1,0,0,0,0,0,0,0,0,1,0,0,0,1
168,2016,1,1,1,0,0,0,0,0,0,0,0,0,0,0,1
169,2016,1,1,0,0,0,0,0,0,0,0,0,0,0,0,1
170,2016,1,1,1,0,0,0,1,0,1,0,1,0,0,0,0
171,2016,1,1,0,0,0,0,0,0,0,0,1,0,0,0,1
172,2016,1,1,0,0,0,0,1,0,0,0,1,0,0,1,0
173,2016,1,1,0,0,0,0,0,0,0,0,0,0,0,0,1
174,2016,1,1,0,0,0,0,0,1,1,0,0,0,0,0,1
175,2016,1,1,0,0,0,0,0,0,0,0,1,0,0,0,0
176,2016,1,1,0,0,0,0,0,0,0,0,0,0,0,0,1
177,2016,1,1,0,0,0,0,0,0,0,0,0,0,0,0,1
178,2016,0,0,0,0,0,0,1,0,0,0,1,0,0,0,1
179,2016,1,1,0,0,0,0,0,1,0,0,0,0,0,0,1
180,2016,1,1,0,0,0,0,0,1,0,0,1,0,0,0,1
181,2016,0,1,1,0,0,0,1,0,0,0,0,0,0,0,1
182,2016,1,1,0,0,0,1,0,0,0,0,1,0,0,0,0
183,2016,1,0,1,0,0,0,1,1,1,0,1,0,0,0,1
184,2016,1,1,1,0,0,0,0,1,0,0,0,0,0,0,1
185,2016,1,1,1,0,0,0,1,0,0,0,1,0,0,0,1
186,2016,1,1,0,0,0,0,0,0,0,0,1,0,0,0,0
187,2016,1,1,0,0,0,0,0,0,0,0,0,0,0,0,1
188,2016,1,1,1,0,0,0,0,1,0,1,1,0,0,0,0
189,2016,1,1,0,0,0,0,0,0,0,0,0,0,0,0,1
190,2016,1,1,0,0,0,0,1,1,0,0,1,0,0,0,1
191,2016,1,1,1,0,0,0,0,0,0,0,0,0,0,0,1
192,2016,1,1,0,0,0,1,0,0,0,0,0,0,0,0,1
193,2016,1,1,0,0,0,1,0,0,0,0,0,0,0,0,1
194,2016,1,1,1,0,0,0,1,1,0,0,1,0,0,0,1
195,2016,1,1,0,0,0,0,0,0,0,0,0,0,0,0,1
196,2016,1,1,0,0,0,0,0,0,0,0,1,0,0,0,0
197,2016,1,1,0,0,0,0,0,0,0,0,0,0,0,0,0
198,2016,1,1,0,0,0,0,0,0,0,0,1,0,0,0,1
199,2016,0,0,0,0,0,0,0,0,0,0,0,0,0,0,0
200,2016,1,1,0,0,0,0,0,1,1,0,1,0,0,0,0
201,2016,1,1,0,0,0,0,1,0,0,0,1,0,0,0,1
202,2016,0,1,0,0,0,0,0,0,0,0,1,0,0,0,0
203,2016,1,1,0,0,0,0,0,0,0,0,1,0,0,0,1
204,2016,1,1,1,0,0,0,1,1,1,0,0,1,0,1,1
205,2016,1,1,0,0,0,0,0,0,0,0,1,0,0,0,1
206,2016,1,1,1,0,0,0,1,0,1,0,1,0,0,0,0
207,2016,0,1,1,0,0,0,0,0,0,0,0,0,0,0,1
208,2016,1,1,0,0,0,0,0,0,0,0,0,0,0,0,1
209,2016,1,1,0,0,0,0,1,0,0,0,1,0,0,0,0
210,2016,1,1,0,0,0,0,0,0,0,0,0,0,0,0,0
211,2016,0,0,0,0,0,0,0,0,0,0,0,0,0,0,0
212,2016,1,1,0,0,0,0,1,0,0,0,1,0,0,0,0
213,2016,1,1,0,0,0,0,1,1,1,0,1,0,0,0,0
214,2016,1,1,0,0,0,0,0,0,0,0,0,0,0,0,0
215,2016,1,1,0,0,0,0,0,0,0,1,1,0,0,0,0
216,2016,1,1,0,0,0,0,1,1,0,0,1,0,0,0,0
217,2016,1,1,0,0,0,0,0,0,0,1,1,0,0,0,1
218,2016,1,1,0,0,0,0,1,1,1,0,0,0,0,0,0
219,2016,1,1,0,0,0,0,0,0,0,0,0,0,0,0,1
220,2016,1,1,0,0,0,0,0,0,0,0,1,0,0,0,1
221,2016,1,1,0,0,0,0,0,1,0,0,0,0,0,0,0
222,2016,1,1,0,0,0,0,0,1,0,0,1,0,0,0,1
223,2016,1,1,0,0,0,0,1,0,0,0,1,0,0,0,1
224,2016,1,1,1,0,0,0,0,1,0,0,1,0,0,0,1
225,2016,1,1,0,0,0,0,0,1,0,0,1,0,0,0,1
226,2016,0,1,0,0,0,0,0,0,0,0,0,0,0,0,1
227,2016,1,1,0,0,0,0,0,0,0,0,1,0,0,0,1
228,2016,1,1,0,0,0,0,0,1,0,0,1,0,0,0,0
229,2016,1,1,0,0,0,0,0,0,0,0,0,0,0,0,1
230,2016,1,0,0,0,0,0,0,1,1,0,0,0,0,0,1
231,2016,1,1,0,0,0,0,0,0,0,0,0,0,0,0,0
232,2016,1,1,0,0,0,0,0,0,0,1,1,0,0,0,0
233,2016,1,1,0,0,0,0,1,1,1,1,1,0,0,0,0
234,2016,1,1,0,0,0,0,0,0,0,0,1,0,0,0,0
235,2016,1,1,1,0,0,0,1,1,1,0,0,0,0,0,1
236,2016,0,1,0,0,0,0,0,0,0,0,0,0,0,0,1
237,2016,1,1,0,0,0,0,0,0,0,1,0,0,0,0,1
238,2016,1,1,0,0,0,0,0,1,0,0,1,0,0,0,1
239,2016,1,1,0,0,0,0,0,0,0,0,0,0,0,0,1
240,2016,1,1,0,0,0,0,0,0,0,0,0,0,0,0,1
241,2016,1,1,0,0,0,0,0,0,0,0,0,0,0,0,1
242,2016,1,1,0,0,0,0,0,0,0,0,0,0,0,0,0
243,2016,0,1,0,0,0,0,0,0,0,0,0,0,0,0,1
244,2016,0,1,0,0,0,0,1,0,0,0,1,0,0,0,0
245,2016,1,1,0,0,0,0,0,0,0,0,0,0,0,0,1
246,2016,1,1,1,0,0,0,1,1,1,0,1,0,0,0,1
247,2016,0,1,0,0,0,0,0,0,0,0,0,0,0,0,0
248,2016,1,1,0,0,0,0,0,0,0,0,1,0,0,0,1
249,2016,1,1,0,0,0,0,0,0,0,0,1,0,0,0,1
250,2016,1,1,0,0,0,0,1,1,1,0,1,0,0,0,0
251,2016,1,1,0,0,0,1,0,0,0,0,0,0,0,0,1
252,2016,0,0,0,0,0,0,0,0,0,0,0,0,0,0,0
253,2016,0,1,0,0,0,0,0,0,0,0,1,0,0,0,1
254,2016,1,1,0,0,0,0,0,0,0,0,0,0,0,0,1
255,2016,1,1,0,0,0,0,0,0,0,0,0,0,0,0,1
256,2016,1,1,0,0,0,0,1,0,0,0,0,0,0,0,1
257,2016,1,1,0,0,0,0,0,0,0,0,0,0,0,0,0
258,2016,1,1,0,0,0,0,1,0,0,0,0,0,0,0,1
259,2016,1,1,0,0,0,0,0,0,0,0,1,0,0,0,1
260,2016,1,1,0,0,0,0,0,0,0,0,0,0,0,0,0
261,2016,1,1,0,0,0,0,0,0,0,0,1,0,0,0,0
262,2016,1,1,0,0,0,0,0,0,0,0,0,0,0,0,0
263,2016,1,1,0,0,0,0,1,0,0,0,1,0,0,0,0
264,2016,1,1,0,0,0,0,0,0,0,0,1,0,0,0,1
265,2016,1,1,0,0,0,0,1,0,0,0,1,0,0,0,1
266,2016,1,1,0,0,0,0,0,0,0,0,1,0,0,0,1
267,2016,1,1,0,0,0,0,0,0,0,0,0,0,0,0,0
268,2016,1,1,0,0,0,0,0,0,0,0,0,0,0,0,0
269,2016,1,1,0,0,0,0,0,0,0,1,0,0,0,0,0
270,2016,1,1,0,0,0,0,0,0,0,0,0,0,0,0,0
271,2016,1,1,0,0,0,0,1,0,0,0,1,0,0,0,0
272,2016,1,1,0,0,0,0,0,0,0,0,0,0,0,0,1
273,2016,1,1,0,0,0,0,0,0,0,0,1,0,0,0,1
274,2016,0,1,0,0,0,0,1,0,0,0,0,0,0,0,1
275,2016,0,1,1,0,0,0,0,0,0,0,0,0,0,0,0
276,2016,1,1,0,0,0,0,0,0,0,0,0,0,0,0,1
277,2016,0,1,1,0,0,0,1,1,1,0,1,0,0,0,1
278,2016,1,1,0,0,0,0,0,1,0,0,0,0,0,0,0
279,2016,1,1,0,0,0,0,0,0,0,0,0,0,0,0,1
280,2016,1,1,0,0,0,0,0,0,0,0,0,0,0,0,1
281,2016,1,1,0,0,0,0,0,0,0,0,1,0,0,0,1
282,2016,0,1,0,0,0,0,0,0,0,0,0,0,0,0,0
283,2016,1,1,1,0,0,0,0,1,0,0,0,0,0,0,1
284,2016,1,1,0,0,0,0,0,0,0,0,1,0,0,0,1
285,2016,1,1,0,0,0,0,0,0,0,0,0,0,0,0,0
286,2016,0,0,0,0,0,0,0,0,0,0,0,0,0,0,0
287,2016,1,1,0,0,0,0,0,0,0,0,0,0,0,0,1
288,2016,1,1,1,0,0,0,1,0,0,0,1,0,0,0,1
289,2016,1,1,0,0,0,0,0,0,0,0,1,0,0,0,0
290,2016,1,1,1,0,0,0,1,1,1,0,0,0,0,0,1
291,2016,1,1,0,0,0,0,0,0,0,0,0,0,0,0,1
292,2016,1,1,0,0,0,0,0,1,0,0,1,0,0,0,1
293,2016,1,1,0,0,0,1,0,0,0,0,1,0,0,0,0
294,2016,1,1,0,0,0,0,0,0,0,0,1,0,0,0,1
295,2016,1,1,0,0,0,0,0,0,0,0,0,0,0,0,1
296,2016,0,0,0,0,0,0,0,0,0,0,0,0,0,0,0
297,2016,1,1,0,0,0,0,0,0,0,1,0,0,0,0,1
298,2016,1,1,0,0,0,0,0,0,0,0,1,0,0,0,0
299,2016,1,1,0,0,0,0,0,0,0,0,0,0,0,0,1
300,2016,1,1,0,0,0,0,0,0,0,0,0,0,0,0,0
1,2017,1,1,0,0,0,0,0,0,0,0,0,0,0,0,0
2,2017,0,1,0,0,0,0,0,0,0,0,0,0,0,0,0
3,2017,0,0,0,0,0,0,1,1,1,0,1,0,0,0,1
4,2017,0,0,0,0,0,0,0,0,0,0,0,0,0,1,0
5,2017,0,1,0,0,0,0,0,0,1,0,0,0,0,1,0
6,2017,0,0,0,0,0,0,0,0,0,0,0,0,0,1,1
7,2017,0,1,0,0,0,0,0,0,0,0,0,0,0,0,0
8,2017,0,1,0,0,0,0,0,0,0,0,1,0,0,0,0
9,2017,0,0,0,0,0,0,0,0,1,0,1,0,0,0,0
10,2017,0,0,0,0,0,0,0,1,0,0,0,0,0,0,1
11,2017,0,1,0,0,0,0,0,1,1,0,0,0,0,0,0
12,2017,1,0,1,0,0,0,0,1,1,0,1,0,0,0,1
13,2017,1,1,0,0,0,0,0,1,1,1,1,0,0,0,1
14,2017,0,1,0,0,0,0,0,0,0,0,1,0,0,0,0
15,2017,0,0,0,0,0,0,0,0,0,0,0,0,0,0,0
16,2017,0,0,0,0,0,0,0,0,0,0,0,0,0,0,0
17,2017,0,1,0,0,0,0,0,1,1,0,0,0,0,0,0
18,2017,0,0,0,0,0,0,0,0,1,0,1,0,0,0,1
19,2017,0,1,0,0,0,0,0,1,0,0,0,0,0,0,1
20,2017,0,0,0,0,0,0,0,0,0,0,1,0,0,0,1
21,2017,1,1,0,0,0,0,0,0,0,0,0,0,0,0,0
22,2017,0,0,0,0,0,0,0,0,1,0,1,0,0,0,1
23,2017,1,0,0,0,0,0,0,0,0,0,0,0,0,0,0
24,2017,0,0,0,0,0,0,0,0,0,0,0,0,0,0,0
25,2017,0,0,0,0,0,0,1,0,0,0,0,0,0,0,0
26,2017,0,0,0,0,0,0,0,0,0,0,0,0,0,0,0
27,2017,0,0,0,0,0,0,0,0,0,0,0,0,0,0,1
28,2017,0,0,0,0,0,0,0,0,0,0,0,0,0,0,0
29,2017,0,0,0,0,0,0,0,0,0,0,0,0,0,0,0
30,2017,1,1,0,0,0,0,0,0,0,0,0,0,0,0,1
31,2017,1,1,1,0,0,0,0,1,1,0,1,0,0,0,1
32,2017,0,0,0,0,0,0,0,1,0,0,0,0,0,0,0
33,2017,1,1,0,0,0,0,0,0,0,0,1,0,0,0,0
34,2017,0,1,0,0,0,0,0,1,0,0,1,0,0,0,1
35,2017,1,0,0,0,0,0,0,0,0,0,0,0,0,0,0
36,2017,0,0,0,0,0,0,0,0,0,0,0,0,0,0,1
37,2017,0,0,0,0,0,0,0,0,0,0,0,0,0,0,0
38,2017,0,0,0,0,0,0,0,0,0,0,0,0,0,0,0
39,2017,0,0,0,0,0,0,0,0,0,0,0,0,0,0,0
40,2017,0,0,0,0,0,0,0,0,0,0,1,0,0,1,1
41,2017,0,0,0,0,0,0,0,0,0,0,0,0,0,0,0
42,2017,0,1,0,0,0,0,0,0,1,1,0,0,0,0,0
43,2017,0,0,0,0,0,0,0,0,0,0,0,0,0,0,1
44,2017,0,0,0,0,0,0,0,0,0,0,0,0,0,0,0
45,2017,0,0,0,0,0,0,0,0,0,0,0,0,0,0,1
46,2017,1,1,0,0,0,0,0,0,0,0,1,0,0,0,0
47,2017,0,0,0,0,0,0,0,0,1,0,0,0,0,0,0
48,2017,0,0,0,0,0,0,0,1,0,1,1,0,0,0,0
49,2017,0,0,0,0,0,0,0,0,0,0,0,0,0,0,0
50,2017,0,0,0,0,0,0,0,0,0,0,0,0,0,0,0
51,2017,0,0,0,0,0,0,0,0,0,0,0,0,0,0,0
52,2017,0,1,0,0,0,0,0,0,0,0,0,0,0,0,0
53,2017,1,1,0,0,0,0,0,0,0,0,1,0,0,0,1
54,2017,0,0,0,0,0,0,0,0,0,0,0,0,0,0,0
55,2017,1,1,0,0,0,0,0,0,0,0,0,0,0,0,0
56,2017,1,1,1,0,0,0,0,1,1,0,0,0,0,0,0
57,2017,0,0,0,0,0,0,0,0,0,0,0,0,0,0,0
58,2017,1,0,0,0,0,0,0,0,0,0,0,0,0,0,0
59,2017,0,0,0,0,0,0,0,0,0,0,0,0,0,0,0
60,2017,1,1,0,0,0,0,0,0,0,0,0,0,0,0,0
61,2017,0,0,0,0,0,0,0,0,0,0,0,0,0,0,0
62,2017,1,0,0,0,0,0,0,0,0,0,0,0,0,0,0
63,2017,0,0,0,0,0,0,0,0,0,0,0,0,0,0,0
64,2017,0,0,0,0,0,0,0,0,0,0,0,0,0,0,0
65,2017,0,0,0,0,0,0,0,0,0,0,1,0,0,0,1
66,2017,0,0,0,0,0,0,0,0,0,0,0,0,0,0,0
67,2017,1,1,0,0,0,0,1,0,0,1,1,0,0,0,0
68,2017,1,1,0,0,0,0,0,1,1,0,0,0,0,0,1
69,2017,1,1,0,0,0,0,0,0,0,0,1,0,0,0,0
70,2017,0,1,0,0,0,0,0,0,0,0,1,0,0,0,0
71,2017,1,0,0,0,0,0,0,0,0,0,1,0,0,0,1
72,2017,1,1,0,0,0,0,0,0,0,0,0,0,0,0,0
73,2017,1,1,0,0,0,0,0,0,0,0,0,0,0,0,0
74,2017,0,1,0,0,0,0,0,0,0,0,0,0,0,0,0
75,2017,1,1,0,0,0,0,0,0,0,0,1,0,0,0,0
76,2017,1,1,0,0,0,0,1,1,0,0,1,0,0,0,0
77,2017,1,1,0,0,0,0,0,1,1,0,0,0,0,0,1
78,2017,0,0,0,0,0,0,0,0,0,0,0,0,0,0,0
79,2017,0,1,0,0,0,0,0,0,0,0,1,0,0,0,0
80,2017,0,0,0,0,0,0,0,0,0,0,0,0,0,0,0
81,2017,0,0,0,0,0,0,0,0,0,0,0,0,0,0,1
82,2017,0,1,0,0,0,0,0,1,0,0,1,0,0,0,1
83,2017,1,1,0,0,0,0,0,0,0,0,1,0,0,0,0
84,2017,0,0,0,0,0,0,0,1,1,0,0,0,0,0,0
85,2017,0,0,0,0,0,0,0,0,0,0,1,0,0,0,0
86,2017,0,0,0,0,0,0,0,0,0,0,0,0,0,0,1
87,2017,0,1,0,0,0,0,0,0,0,0,0,0,0,0,0
88,2017,0,1,0,0,0,0,0,0,0,0,0,0,0,0,0
89,2017,1,1,0,0,0,0,0,0,0,0,0,0,0,0,0
90,2017,0,0,0,0,0,0,0,0,0,0,0,0,0,0,0
91,2017,0,0,0,0,0,0,0,0,0,0,0,0,0,0,1
92,2017,0,1,0,0,0,0,0,0,0,0,1,0,0,0,0
93,2017,1,1,0,0,0,0,0,1,1,0,1,0,0,0,0
94,2017,1,1,0,0,0,0,0,0,0,0,0,0,0,0,1
95,2017,1,1,0,0,0,0,0,0,0,0,1,0,0,0,0
96,2017,0,0,0,0,0,0,0,0,0,0,0,0,0,0,0
97,2017,1,1,0,0,0,0,0,0,0,0,1,0,0,0,0
98,2017,1,0,0,0,0,0,0,0,0,0,0,0,0,0,0
99,2017,1,1,0,0,0,0,0,0,0,0,0,0,0,0,1
100,2017,1,1,0,0,0,1,0,0,0,1,1,0,0,0,0
101,2017,0,1,0,0,0,0,0,1,0,0,0,0,0,0,0
102,2017,0,0,0,0,0,0,0,0,0,0,0,0,0,0,0
103,2017,0,0,0,0,0,0,0,0,0,0,0,0,0,0,0
104,2017,1,1,1,0,0,0,0,0,0,0,1,0,0,0,1
105,2017,0,0,0,0,0,0,0,0,0,0,0,0,0,0,1
106,2017,0,0,0,0,0,0,0,0,0,0,0,0,0,0,0
107,2017,0,0,0,0,0,0,0,0,0,0,0,0,0,0,0
108,2017,1,1,0,0,0,0,0,0,0,0,1,0,0,0,0
109,2017,1,0,0,0,0,0,0,0,0,0,0,0,0,0,0
110,2017,1,1,0,0,0,0,0,0,0,0,1,0,0,0,0
111,2017,0,1,1,0,0,0,0,0,0,0,0,0,0,0,1
112,2017,0,0,0,0,0,0,0,0,0,0,0,0,0,0,0
113,2017,0,1,0,0,0,0,0,0,0,0,0,0,0,0,0
114,2017,0,1,0,0,0,0,0,0,0,0,0,0,0,0,0
115,2017,1,0,0,0,0,0,0,0,0,0,0,0,0,0,0
116,2017,1,1,0,0,0,0,0,0,0,0,1,0,0,0,1
117,2017,1,1,0,0,0,0,0,0,0,0,1,0,0,0,0
118,2017,0,0,0,0,0,0,0,0,0,0,0,0,0,0,0
119,2017,0,1,0,0,0,0,0,0,0,0,0,0,0,0,0
120,2017,1,1,0,0,0,0,0,0,0,0,0,0,0,0,0
121,2017,0,0,0,0,0,0,0,0,0,0,0,0,0,0,0
122,2017,1,1,0,0,0,0,1,1,0,0,1,0,0,0,1
123,2017,0,1,0,0,0,0,0,0,0,0,0,0,0,0,0
124,2017,0,0,0,0,0,0,0,0,0,0,0,0,0,0,0
125,2017,1,0,0,0,0,0,0,0,0,0,0,0,0,0,0
126,2017,0,1,0,0,0,0,0,0,0,0,0,0,0,0,0
127,2017,0,1,0,0,0,0,0,0,0,0,0,0,0,0,0
128,2017,1,0,0,0,0,0,0,1,1,0,1,0,0,0,1
129,2017,0,0,0,0,0,0,0,0,0,0,1,0,0,0,1
130,2017,1,0,0,0,0,0,0,0,0,0,0,0,0,0,0
131,2017,1,1,0,0,0,0,0,0,0,0,0,0,0,0,0
132,2017,0,0,0,0,0,0,0,0,0,0,0,0,0,0,0
133,2017,0,0,0,0,0,0,0,0,0,0,0,0,0,0,0
134,2017,0,0,1,0,0,0,0,1,1,0,1,0,0,0,1
135,2017,0,0,0,0,0,0,0,0,0,0,0,0,0,0,0
136,2017,1,1,0,0,0,0,0,0,0,1,0,0,0,0,1
137,2017,1,1,0,0,0,0,0,1,1,0,1,0,0,0,1
138,2017,1,1,0,0,0,0,0,0,0,0,1,0,0,0,1
139,2017,0,0,0,0,0,0,0,0,0,0,0,0,0,1,1
140,2017,0,0,0,0,0,0,0,0,0,0,1,0,0,0,1
141,2017,0,0,0,0,0,0,0,0,0,0,0,0,0,0,0
142,2017,0,0,0,0,0,0,0,0,0,0,0,0,0,0,1
143,2017,0,0,0,0,0,0,0,0,0,0,0,0,0,0,0
144,2017,0,0,0,0,0,0,0,0,0,0,0,0,0,0,0
145,2017,0,0,0,0,0,0,0,0,0,0,0,0,0,0,0
146,2017,1,1,0,0,0,0,0,0,0,0,1,0,0,0,1
147,2017,1,1,0,0,0,0,0,0,0,0,0,0,0,0,1
148,2017,0,1,0,0,0,0,0,0,0,1,1,0,0,0,1
149,2017,1,1,0,0,0,0,1,0,0,0,1,0,0,0,0
150,2017,1,1,0,0,0,0,0,1,1,0,1,0,0,0,1
151,2017,0,1,0,0,0,0,0,0,0,0,0,0,0,0,0
152,2017,1,1,0,0,0,0,0,0,0,0,1,0,0,0,1
153,2017,1,0,0,0,0,0,0,0,0,0,0,0,0,0,1
154,2017,1,1,0,0,0,0,0,0,0,0,1,0,0,0,0
155,2017,1,1,0,0,0,0,0,0,0,0,1,0,0,0,1
156,2017,1,1,0,0,0,0,0,0,0,0,1,0,0,0,0
157,2017,0,1,0,0,0,0,0,1,0,0,1,0,0,0,0
158,2017,0,1,0,0,0,0,0,0,0,0,0,0,0,0,0
159,2017,0,0,0,0,0,0,0,0,0,0,0,0,0,0,0
160,2017,0,0,0,0,0,0,0,0,1,0,0,0,0,0,0
161,2017,0,0,0,0,0,0,0,0,0,0,0,0,0,0,0
162,2017,0,0,0,0,0,0,0,0,0,0,0,0,0,0,0
163,2017,0,0,0,0,0,0,0,0,0,0,0,0,0,0,1
164,2017,1,0,0,0,0,0,0,0,0,0,0,0,0,0,1
165,2017,1,1,1,0,0,0,0,1,1,0,1,0,0,0,1
166,2017,0,1,0,0,0,0,0,1,1,0,0,0,0,0,0
167,2017,1,1,0,0,0,0,0,0,0,0,0,0,0,0,1
168,2017,0,1,0,0,0,0,0,0,0,0,1,0,0,0,0
169,2017,0,1,0,0,0,0,0,0,0,0,1,0,0,0,0
170,2017,1,0,0,0,0,0,1,0,0,0,0,0,0,0,1
171,2017,0,1,0,0,0,0,0,0,0,0,0,0,0,0,0
172,2017,0,0,0,0,0,0,0,1,1,0,0,0,0,0,0
173,2017,0,1,0,0,0,0,0,0,0,0,1,0,0,0,1
174,2017,1,1,0,0,0,0,0,0,0,0,1,0,0,0,0
175,2017,0,0,0,0,0,0,0,0,0,0,0,0,0,0,0
176,2017,0,0,0,0,0,0,0,0,0,0,0,0,0,0,0
177,2017,1,1,0,0,0,0,0,0,0,0,0,0,0,0,1
178,2017,0,1,0,0,0,0,0,0,0,0,0,0,0,0,1
179,2017,0,1,0,0,0,0,0,0,0,0,0,0,0,0,0
180,2017,0,0,0,0,0,0,0,1,1,0,0,0,0,0,0
181,2017,0,0,0,0,0,0,0,0,0,0,1,0,0,0,1
182,2017,1,1,0,0,0,0,0,0,0,0,1,0,0,0,1
183,2017,0,0,1,0,0,0,0,1,1,0,0,0,0,0,0
184,2017,1,1,0,0,0,0,0,0,1,0,1,0,0,0,1
185,2017,0,0,0,0,0,0,0,0,0,0,0,0,0,0,0
186,2017,0,1,0,0,0,0,0,0,0,0,0,0,0,0,0
187,2017,0,1,0,0,0,0,0,1,1,0,0,0,0,0,0
188,2017,1,1,0,0,0,0,1,1,0,1,1,0,0,0,0
189,2017,0,0,0,0,0,0,0,0,0,0,0,0,0,0,0
190,2017,0,0,0,0,0,0,0,0,0,0,0,0,0,0,0
191,2017,0,0,0,0,0,0,0,1,1,0,1,0,0,0,1
192,2017,1,1,0,0,0,0,0,0,0,0,1,0,0,0,0
193,2017,1,1,0,0,0,0,0,0,0,0,1,0,0,0,1
194,2017,1,1,1,0,0,0,0,1,0,0,1,0,0,0,1
195,2017,1,1,0,0,0,0,0,0,0,0,1,0,0,0,0
196,2017,1,0,0,0,0,0,0,0,0,0,1,0,0,0,1
197,2017,1,1,0,0,0,0,0,0,0,0,1,0,0,0,1
198,2017,1,1,0,0,0,0,0,0,0,0,1,0,0,0,0
199,2017,1,1,0,0,0,0,0,0,0,0,1,0,0,0,0
200,2017,1,1,0,0,0,0,0,0,0,0,1,0,0,0,0
201,2017,0,0,0,0,0,0,0,0,0,0,0,0,0,0,1
202,2017,0,0,0,0,0,0,0,0,0,0,0,0,0,0,0
203,2017,0,0,0,0,0,0,0,0,0,0,0,0,0,0,0
204,2017,0,1,0,0,0,0,0,1,1,1,0,0,0,0,0
205,2017,1,0,0,0,0,0,0,0,0,0,0,0,0,0,1
206,2017,1,1,0,0,0,0,0,0,1,0,1,0,0,0,0
207,2017,0,0,0,0,0,0,0,0,0,0,0,0,0,0,0
208,2017,1,1,0,0,0,0,0,0,0,1,1,0,0,0,0
209,2017,0,0,0,0,0,0,0,0,0,0,0,0,0,0,1
210,2017,1,1,0,0,0,0,0,0,0,0,0,0,0,0,0
211,2017,0,0,0,0,0,0,0,0,0,0,0,0,0,0,1
212,2017,1,1,1,0,0,0,0,1,1,0,1,0,0,0,1
213,2017,0,1,1,0,0,0,1,0,0,1,0,0,0,0,0
214,2017,0,0,0,0,0,0,0,0,0,0,0,0,0,0,0
215,2017,1,1,1,0,0,0,0,1,1,0,1,0,0,0,1
216,2017,1,1,0,0,0,0,0,0,0,0,1,0,0,0,0
217,2017,1,1,1,0,0,0,0,1,1,1,0,0,0,0,1
218,2017,1,1,0,0,0,0,0,1,0,0,1,0,0,0,0
219,2017,0,0,0,0,0,0,0,0,0,0,0,0,0,0,1
220,2017,1,1,0,0,0,0,0,0,0,0,1,0,0,0,1
221,2017,1,1,0,0,0,0,0,0,0,0,1,0,0,0,0
222,2017,0,0,0,0,0,0,1,0,0,0,0,0,0,0,0
223,2017,1,1,1,0,0,0,0,1,1,1,1,0,0,0,1
224,2017,1,0,1,0,0,0,1,1,1,0,1,0,0,0,1
225,2017,0,1,0,0,0,0,0,0,0,0,0,0,0,0,0
226,2017,0,1,0,0,0,0,0,0,0,0,0,0,0,0,0
227,2017,1,1,0,0,0,0,0,1,1,0,0,0,0,0,0
228,2017,1,1,0,0,0,0,0,0,0,1,1,0,0,0,0
229,2017,1,0,0,0,0,0,0,0,0,0,0,0,0,0,0
230,2017,0,1,0,0,0,0,1,1,1,0,1,0,0,0,0
231,2017,1,0,0,0,0,0,0,0,0,0,0,0,0,0,1
232,2017,1,0,0,0,0,0,0,0,0,0,0,0,0,0,0
233,2017,1,1,1,0,0,0,0,0,0,0,1,0,0,0,0
234,2017,1,1,0,0,0,0,0,0,0,0,1,0,0,0,1
235,2017,0,0,0,0,0,0,0,0,1,1,0,0,0,0,0
236,2017,0,1,0,0,0,0,0,1,1,0,1,0,0,0,1
237,2017,1,1,0,0,0,0,0,0,0,0,1,0,0,0,0
238,2017,1,1,0,0,0,0,1,0,0,0,1,0,0,0,0
239,2017,0,0,0,0,0,0,0,0,0,0,0,0,0,0,0
240,2017,1,1,0,0,0,0,0,0,0,0,1,0,0,0,1
241,2017,0,0,0,0,0,0,0,0,0,0,0,0,0,0,0
242,2017,1,0,0,0,0,0,0,0,1,0,1,0,0,0,0
243,2017,0,0,0,0,0,0,0,0,0,0,0,0,0,0,0
244,2017,0,1,0,0,0,0,0,0,0,0,1,0,0,0,0
245,2017,1,1,0,0,0,0,0,0,0,0,1,0,0,0,0
246,2017,1,0,1,0,1,0,0,1,1,0,1,0,0,0,1
247,2017,0,0,0,0,0,0,0,1,1,0,0,0,0,0,0
248,2017,0,0,0,0,0,0,0,0,0,0,0,0,0,0,0
249,2017,0,0,0,0,0,0,0,0,0,0,0,0,0,0,0
250,2017,1,1,0,0,0,0,0,1,0,0,1,0,0,0,0
251,2017,0,0,0,0,0,0,0,0,1,0,0,0,0,0,1
252,2017,0,1,0,0,0,0,0,0,0,0,0,0,0,0,0
253,2017,0,0,0,0,0,0,0,0,0,0,1,0,0,0,1
254,2017,1,1,0,0,0,0,0,0,0,0,0,0,0,0,0
255,2017,1,1,0,0,0,0,0,0,0,0,1,0,0,0,0
256,2017,1,1,0,0,0,0,0,0,0,0,0,0,0,0,0
257,2017,1,0,0,0,0,0,0,0,0,0,0,0,0,0,1
258,2017,1,0,0,0,0,0,0,0,0,0,0,0,0,0,1
259,2017,1,1,0,0,0,0,0,0,0,0,1,0,0,0,0
260,2017,0,1,0,0,0,0,0,0,0,0,1,0,0,0,1
261,2017,1,1,0,0,0,0,0,0,0,0,1,0,0,0,1
262,2017,1,1,0,0,0,0,0,0,0,0,1,0,0,0,1
263,2017,1,1,0,0,0,0,0,0,0,0,0,0,0,0,1
264,2017,1,1,0,0,0,0,0,0,0,0,0,0,0,0,1
265,2017,1,1,0,0,0,0,0,1,1,0,1,0,0,0,0
266,2017,1,0,0,0,0,0,0,1,1,1,0,0,0,0,0
267,2017,0,1,0,0,0,0,0,0,0,0,1,0,0,0,0
268,2017,1,1,0,0,0,0,0,1,1,1,1,0,0,0,1
269,2017,1,1,0,0,0,0,0,0,0,0,1,0,0,0,1
270,2017,1,1,0,0,0,0,0,0,0,0,0,0,0,0,0
271,2017,1,1,1,0,0,0,0,1,1,0,1,0,0,0,1
272,2017,1,1,0,0,0,0,0,0,0,0,0,0,0,0,0
273,2017,1,0,1,0,0,0,1,1,0,0,0,0,0,0,1
274,2017,1,1,0,0,0,0,1,0,0,0,0,0,0,0,0
275,2017,1,1,0,0,0,0,0,0,0,0,1,0,0,0,1
276,2017,0,0,0,0,0,0,0,0,1,0,0,0,0,0,0
277,2017,0,0,0,0,0,0,0,1,1,0,1,0,0,0,1
278,2017,1,1,0,0,0,0,0,1,1,1,0,0,0,0,1
279,2017,1,0,0,0,0,0,0,0,0,0,0,0,0,0,0
280,2017,0,1,0,0,0,0,0,0,0,0,1,0,0,0,1
281,2017,0,0,0,0,0,0,0,0,0,1,1,0,0,0,0
282,2017,1,0,0,0,0,0,0,0,0,0,0,0,0,0,1
283,2017,1,1,0,0,0,0,0,1,1,1,1,0,0,0,1
284,2017,1,1,0,0,0,0,0,0,0,0,0,0,0,0,0
285,2017,0,0,0,0,0,0,0,0,0,0,0,0,0,0,0
286,2017,0,0,0,0,0,0,0,0,0,0,0,0,0,0,0
287,2017,0,0,0,0,0,0,0,0,0,0,0,0,0,0,0
288,2017,0,0,0,0,0,0,0,0,0,0,0,0,0,0,0
289,2017,1,1,0,0,0,0,0,0,0,0,1,0,0,0,1
290,2017,1,0,0,0,0,0,0,0,0,0,0,0,0,0,0
291,2017,0,0,0,0,0,0,0,0,0,0,0,0,0,0,0
292,2017,1,1,0,0,0,0,0,1,1,0,0,0,0,0,0
293,2017,0,0,0,0,0,0,0,0,0,0,0,0,0,0,0
294,2017,0,1,0,0,0,0,0,1,0,0,0,0,0,0,0
295,2017,0,0,0,0,0,0,0,0,0,0,0,0,0,0,0
296,2017,1,0,0,0,0,0,0,0,0,0,0,0,0,0,0
297,2017,1,1,1,0,0,0,1,1,0,0,1,0,0,0,1
298,2017,1,1,0,0,0,0,0,0,0,0,0,0,0,0,1
299,2017,0,0,0,0,0,0,0,0,0,0,1,0,0,0,1
300,2017,1,0,0,0,0,0,0,0,0,0,0,0,0,0,0
1,2018,0,0,0,0,0,0,0,1,0,0,1,0,0,0,0
2,2018,0,1,0,0,0,0,0,0,0,0,0,0,0,0,1
3,2018,0,1,0,0,0,0,0,1,1,0,0,0,0,0,0
4,2018,0,1,0,0,0,0,0,0,0,0,0,0,0,0,0
5,2018,0,0,0,0,0,0,0,0,0,0,0,0,0,0,0
6,2018,0,0,0,0,0,0,0,0,0,0,0,0,0,0,0
7,2018,0,0,0,0,0,0,0,0,0,0,0,0,0,0,1
8,2018,0,1,0,0,0,0,0,1,0,0,1,0,0,0,1
9,2018,0,0,0,0,0,0,0,0,0,0,0,0,0,0,0
10,2018,0,1,0,0,0,0,0,1,1,0,0,0,0,0,1
11,2018,0,1,0,0,0,0,0,0,0,0,0,0,0,0,1
12,2018,1,1,0,0,0,0,0,0,0,0,0,0,0,0,0
13,2018,1,1,0,0,0,0,0,0,0,0,0,0,0,0,0
14,2018,0,1,0,0,0,0,0,0,0,0,0,0,0,0,1
15,2018,0,0,0,0,0,0,0,0,0,0,0,0,0,0,0
16,2018,0,0,0,0,0,0,0,0,0,0,0,0,0,0,1
17,2018,0,1,0,0,0,0,1,0,0,0,1,0,0,0,1
18,2018,0,1,0,0,0,0,0,0,0,0,0,0,0,0,0
19,2018,0,0,0,0,0,0,0,0,0,0,0,0,0,0,0
20,2018,0,0,0,0,0,0,0,0,0,0,0,0,0,0,1
21,2018,0,0,0,0,0,0,0,0,0,0,0,0,0,0,0
22,2018,0,0,0,0,0,0,0,0,0,0,0,0,0,0,0
23,2018,0,0,0,0,0,0,0,0,0,0,0,0,0,0,0
24,2018,0,0,0,0,0,0,0,0,0,0,0,0,0,0,0
25,2018,0,0,0,0,0,0,0,0,0,0,1,0,0,0,0
26,2018,0,0,0,0,0,0,0,0,0,0,0,0,0,0,0
27,2018,0,0,0,0,0,0,0,0,0,0,0,0,0,0,1
28,2018,0,1,0,0,0,0,0,0,0,0,0,0,0,0,0
29,2018,0,1,0,0,0,0,0,0,0,0,0,0,0,0,1
30,2018,0,1,0,0,0,0,0,1,0,0,0,0,0,0,1
31,2018,1,1,0,0,0,0,0,0,0,1,1,0,0,0,0
32,2018,1,1,0,0,0,0,0,0,0,0,0,0,0,0,0
33,2018,1,1,0,0,0,0,0,0,0,0,1,0,0,0,0
34,2018,1,1,0,0,0,0,0,0,0,0,0,0,0,0,1
35,2018,0,0,0,0,0,0,0,0,0,0,0,0,0,0,0
36,2018,0,0,0,0,0,0,0,0,0,0,0,0,0,0,0
37,2018,0,0,0,0,0,0,0,0,0,0,0,0,0,0,0
38,2018,0,1,0,0,0,0,0,0,0,0,0,0,0,0,0
39,2018,0,0,0,0,0,0,0,0,0,0,0,0,0,0,0
40,2018,0,0,0,0,0,0,0,0,0,0,0,0,0,0,0
41,2018,0,1,0,0,0,0,0,0,0,0,1,0,0,0,0
42,2018,0,0,0,0,0,0,0,0,0,0,1,0,0,0,1
43,2018,0,0,0,0,0,0,0,0,0,0,0,0,0,0,1
44,2018,1,1,0,0,0,0,0,0,0,0,0,0,0,0,0
45,2018,0,1,0,0,0,0,0,0,0,0,0,0,0,0,1
46,2018,1,0,0,0,0,0,0,0,0,0,0,0,0,0,1
47,2018,0,0,0,0,0,0,0,0,0,0,0,0,0,0,0
48,2018,1,1,0,0,0,0,0,0,0,0,0,0,0,0,0
49,2018,0,0,0,0,0,0,0,0,0,0,0,0,0,0,0
50,2018,0,0,0,0,0,0,0,0,0,0,0,0,0,0,0
51,2018,0,0,0,0,0,0,0,0,0,0,0,0,0,0,0
52,2018,0,0,0,0,0,0,0,0,0,0,0,0,0,0,0
53,2018,1,1,0,0,0,0,0,0,0,0,0,0,0,0,0
54,2018,0,1,0,0,0,0,0,0,0,0,0,0,0,0,1
55,2018,1,1,0,0,0,0,0,0,0,0,1,0,0,0,1
56,2018,1,1,0,0,0,0,0,1,0,0,1,0,0,0,1
57,2018,0,0,0,0,0,0,1,0,0,0,0,0,0,0,0
58,2018,0,1,0,0,0,0,0,0,0,0,0,0,0,0,0
59,2018,0,0,0,0,0,0,0,0,0,0,0,0,0,0,0
60,2018,1,1,0,0,0,0,0,0,0,0,0,0,0,0,1
61,2018,0,0,0,0,0,0,0,0,0,0,0,0,0,0,0
62,2018,1,1,0,0,0,0,0,0,0,0,0,0,0,0,0
63,2018,0,0,0,0,0,0,0,0,0,0,0,0,0,0,0
64,2018,0,0,0,0,0,0,0,0,0,0,1,0,0,0,1
65,2018,0,0,0,0,0,0,0,0,0,0,0,0,0,0,0
66,2018,0,1,0,0,0,0,0,0,0,0,0,0,0,0,1
67,2018,1,1,0,0,0,0,0,0,0,0,1,0,0,0,0
68,2018,0,1,0,0,0,0,0,0,0,0,1,0,0,0,0
69,2018,1,1,0,0,0,0,0,0,0,0,1,0,0,0,1
70,2018,0,1,0,0,0,0,0,0,0,0,0,0,0,0,0
71,2018,1,1,0,0,0,0,0,0,0,0,0,0,0,0,0
72,2018,0,1,0,0,0,0,0,0,0,0,0,0,0,0,0
73,2018,0,1,0,0,0,0,0,0,0,0,0,0,0,0,0
74,2018,1,0,0,0,0,0,0,0,0,0,0,0,0,0,0
75,2018,1,1,0,0,0,0,0,0,0,0,1,0,0,0,1
76,2018,1,1,0,0,0,0,0,0,0,0,1,0,0,0,1
77,2018,1,1,0,0,0,0,0,0,0,0,0,0,0,0,0
78,2018,0,0,0,0,0,0,0,0,0,0,0,0,0,0,0
79,2018,0,1,0,0,0,0,0,0,0,0,0,0,0,0,1
80,2018,0,0,0,0,0,0,0,0,0,0,1,0,0,0,0
81,2018,1,1,0,0,0,0,1,0,0,0,0,0,0,0,1
82,2018,1,1,0,0,0,0,0,0,0,0,1,0,0,0,1
83,2018,0,1,0,0,0,0,0,0,0,0,0,0,0,0,1
84,2018,0,0,0,0,0,0,0,1,1,0,1,0,0,0,0
85,2018,0,1,0,0,0,0,0,0,1,0,1,0,0,0,1
86,2018,0,1,0,0,0,0,0,0,0,0,0,0,0,0,1
87,2018,0,0,0,0,0,0,0,0,0,0,0,0,0,0,0
88,2018,0,0,0,0,0,0,0,0,0,0,0,0,0,0,0
89,2018,1,1,0,0,0,0,0,0,0,0,0,0,0,0,1
90,2018,0,0,0,0,0,0,0,0,0,0,0,0,0,0,0
91,2018,0,1,0,0,0,0,0,0,0,0,0,0,0,0,0
92,2018,1,1,0,0,0,0,0,0,0,0,0,0,0,0,0
93,2018,1,1,0,0,0,0,1,0,0,0,0,0,0,0,0
94,2018,1,1,0,0,0,0,0,0,0,0,0,0,0,0,0
95,2018,1,1,0,0,0,0,0,0,0,1,0,0,0,0,1
96,2018,1,1,0,0,0,0,0,0,0,0,0,0,0,0,0
97,2018,1,1,0,0,0,0,0,0,0,0,1,0,0,0,0
98,2018,1,0,0,0,0,0,0,0,0,0,0,0,0,0,1
99,2018,1,0,0,0,0,0,0,0,0,0,0,0,0,0,0
100,2018,1,1,0,0,0,0,0,0,0,0,0,0,0,0,1
101,2018,1,0,0,0,0,0,0,0,0,0,1,0,0,0,1
102,2018,0,0,0,0,0,0,0,0,0,0,0,0,0,0,0
103,2018,0,0,0,0,0,0,0,0,0,0,0,0,0,0,0
104,2018,1,1,1,0,0,0,0,1,0,1,1,1,0,0,0
105,2018,0,0,1,0,0,0,0,0,0,0,0,0,0,0,1
106,2018,0,0,0,0,0,0,0,0,0,0,0,0,0,0,0
107,2018,0,0,0,0,0,0,0,0,0,0,1,0,0,0,0
108,2018,1,1,0,0,0,0,0,0,0,0,0,0,0,0,0
109,2018,1,1,0,0,0,0,0,0,0,0,0,0,0,0,0
110,2018,1,1,0,0,0,0,0,0,0,0,1,0,0,0,0
111,2018,0,1,0,0,0,0,0,1,0,0,1,0,0,0,1
112,2018,0,0,0,0,0,0,0,0,0,0,0,0,0,0,0
113,2018,0,1,0,0,0,0,0,0,0,0,0,0,0,0,1
114,2018,1,1,0,0,0,0,0,0,0,0,0,0,0,0,0
115,2018,0,1,1,0,0,0,1,0,0,0,1,0,0,0,0
116,2018,1,1,0,0,0,0,0,0,0,0,1,0,0,0,0
117,2018,0,1,0,0,0,0,0,0,0,0,1,0,0,0,1
118,2018,0,1,0,0,0,0,0,0,0,0,0,0,0,0,0
119,2018,1,1,0,0,0,0,0,0,0,0,1,0,0,0,0
120,2018,1,1,0,0,0,0,0,0,0,0,0,0,0,0,1
121,2018,0,0,0,0,0,0,0,0,0,0,0,0,0,0,0
122,2018,1,1,1,0,0,0,0,0,0,0,0,0,0,0,1
123,2018,0,0,0,0,0,0,0,0,0,0,0,0,0,0,0
124,2018,0,0,0,0,0,0,0,0,0,0,0,0,0,0,0
125,2018,0,0,0,0,0,0,0,0,0,0,0,0,0,0,0
126,2018,0,0,0,0,0,0,0,0,0,0,1,0,0,0,0
127,2018,1,0,0,0,0,0,0,0,1,0,0,0,0,0,1
128,2018,1,1,0,0,0,0,0,0,0,0,0,0,0,0,0
129,2018,0,1,0,0,0,0,0,0,0,0,0,0,0,0,1
130,2018,0,1,0,0,0,0,0,0,0,0,0,0,0,0,0
131,2018,1,0,0,0,0,0,0,0,0,0,0,0,0,0,0
132,2018,1,0,1,0,1,0,1,1,1,0,1,0,0,0,1
133,2018,0,0,0,0,0,0,0,0,0,0,0,0,0,0,0
134,2018,0,1,0,0,0,0,0,1,0,0,0,0,0,0,1
135,2018,0,0,0,0,0,0,0,0,0,0,0,0,0,0,0
136,2018,1,1,0,0,0,0,0,0,0,0,0,0,0,0,0
137,2018,0,1,0,0,0,0,0,0,0,0,0,0,0,0,0
138,2018,1,1,0,0,0,0,0,0,0,0,0,0,0,0,0
139,2018,0,0,0,0,0,0,0,0,0,0,0,0,0,0,1
140,2018,0,0,0,0,0,0,0,0,0,0,0,0,0,0,0
141,2018,0,0,0,0,0,0,0,0,0,0,0,0,0,0,0
142,2018,0,1,0,0,0,0,0,0,0,0,0,0,0,0,0
143,2018,1,1,0,0,0,0,0,0,0,0,0,0,0,0,0
144,2018,0,0,0,0,0,0,0,0,0,0,1,0,0,0,0
145,2018,0,0,0,0,0,0,0,0,0,0,0,0,0,0,0
146,2018,1,0,0,0,0,0,0,0,0,0,0,0,0,0,1
147,2018,1,1,0,0,0,0,0,0,0,0,0,0,0,0,0
148,2018,1,1,0,0,0,0,0,1,0,0,0,0,0,0,1
149,2018,1,1,0,0,0,0,0,0,0,0,1,0,0,0,1
150,2018,0,1,0,0,0,0,0,0,0,0,0,0,0,0,1
151,2018,0,1,0,0,0,0,0,0,0,0,0,0,0,0,0
152,2018,1,1,0,0,0,0,0,0,0,0,1,0,0,0,0
153,2018,1,1,0,0,0,0,0,0,0,0,1,0,0,0,0
154,2018,1,1,0,0,0,0,0,0,0,0,0,0,0,0,1
155,2018,1,1,0,0,0,0,0,0,0,0,1,0,0,0,0
156,2018,1,1,0,0,0,0,0,0,0,0,1,0,0,0,0
157,2018,0,1,0,0,0,0,0,1,1,0,1,0,0,0,1
158,2018,0,0,0,0,0,0,0,0,0,0,0,0,0,0,1
159,2018,0,0,0,0,0,0,0,0,0,0,0,0,0,0,1
160,2018,0,1,0,0,0,0,0,0,0,0,0,0,0,0,0
161,2018,0,1,0,0,0,0,0,0,0,0,0,0,0,0,1
162,2018,0,0,0,0,0,0,0,0,0,0,1,0,0,0,0
163,2018,1,1,0,0,0,0,0,0,0,0,0,0,0,0,0
164,2018,1,1,0,0,0,0,0,0,0,0,0,0,0,0,0
165,2018,1,1,0,0,0,0,0,1,0,0,0,0,0,0,1
166,2018,0,0,0,0,1,0,0,0,0,0,0,1,0,0,1
167,2018,1,1,0,0,0,0,0,0,0,0,1,0,0,0,0
168,2018,0,1,0,0,0,0,0,0,0,0,0,0,0,0,0
169,2018,1,0,0,0,0,0,0,0,0,0,1,0,0,0,0
170,2018,0,1,0,0,0,0,0,1,1,0,1,0,0,0,1
171,2018,0,1,0,0,0,0,0,0,0,0,0,0,0,0,1
172,2018,0,0,0,0,0,0,0,0,0,0,0,0,0,0,0
173,2018,0,1,0,0,0,0,0,0,0,0,0,0,0,0,0
174,2018,1,1,0,0,1,0,0,1,1,0,0,0,0,0,0
175,2018,0,1,0,0,0,0,0,0,0,0,0,0,0,0,0
176,2018,1,1,0,0,0,0,0,0,0,0,0,0,0,0,0
177,2018,1,1,0,0,0,0,0,0,0,0,0,0,0,0,0
178,2018,0,0,0,0,0,0,0,0,0,0,0,0,0,0,0
179,2018,0,0,0,0,0,0,0,0,0,0,0,0,0,0,1
180,2018,0,1,0,0,0,0,0,0,0,0,0,0,0,0,1
181,2018,0,0,0,0,0,0,0,0,0,0,0,0,0,0,0
182,2018,1,1,0,0,0,0,0,0,0,0,0,0,0,0,1
183,2018,1,0,0,0,0,0,0,0,0,0,0,0,0,0,1
184,2018,1,1,0,0,0,0,0,0,0,0,0,0,0,0,0
185,2018,0,1,0,0,0,0,0,0,0,0,1,0,0,0,1
186,2018,1,1,0,0,0,0,0,0,0,0,1,0,0,0,0
187,2018,1,1,0,0,0,0,0,1,1,0,1,0,0,0,1
188,2018,1,1,0,0,0,0,0,1,0,0,1,0,0,0,0
189,2018,0,0,0,0,0,0,0,0,0,0,0,0,0,0,0
190,2018,0,0,0,0,0,0,0,1,1,0,0,0,0,0,1
191,2018,0,1,0,0,0,0,0,0,0,0,0,0,0,0,1
192,2018,1,1,0,0,0,0,0,0,0,0,0,0,0,0,0
193,2018,1,1,0,0,0,0,0,0,0,0,0,0,0,0,0
194,2018,0,1,0,0,0,0,0,0,0,0,0,0,0,0,0
195,2018,0,1,0,0,0,0,0,0,0,0,0,0,0,0,1
196,2018,0,1,0,0,0,0,0,0,0,0,0,0,0,0,0
197,2018,1,1,0,0,0,0,0,0,0,0,0,0,0,0,0
198,2018,1,1,0,0,0,0,0,0,0,0,1,0,0,0,0
199,2018,0,0,0,0,0,0,0,0,0,0,1,0,0,0,1
200,2018,1,1,0,0,0,0,0,0,0,0,0,0,0,0,0
201,2018,1,0,0,0,0,0,1,1,1,0,0,1,0,0,1
202,2018,0,0,0,0,0,0,0,0,0,0,0,0,0,0,0
203,2018,0,1,0,0,0,0,0,0,0,0,0,0,0,0,1
204,2018,0,1,1,0,0,0,0,0,1,0,0,0,0,0,0
205,2018,1,1,0,0,0,0,0,0,0,0,0,0,0,0,0
206,2018,1,1,0,0,0,0,0,0,0,0,1,0,0,0,0
207,2018,0,1,0,0,0,0,0,0,0,0,0,0,0,0,0
208,2018,1,1,0,0,0,0,0,0,0,0,0,0,0,0,1
209,2018,1,1,0,0,0,0,0,0,0,0,0,0,0,0,0
210,2018,1,1,0,0,0,0,0,0,0,0,0,0,0,0,1
211,2018,0,0,0,0,0,0,0,0,0,0,0,0,0,0,0
212,2018,1,1,0,0,0,0,0,0,0,0,1,0,0,0,0
213,2018,1,1,0,0,0,0,0,0,0,0,1,0,0,0,0
214,2018,1,1,0,0,0,0,0,0,0,0,0,0,0,0,0
215,2018,1,1,0,0,0,0,0,0,0,0,0,0,0,0,0
216,2018,0,1,0,0,0,0,0,0,0,0,1,0,0,0,0
217,2018,1,1,0,0,0,0,1,0,0,1,1,0,0,0,0
218,2018,1,0,0,0,0,0,0,0,0,0,1,0,0,0,1
219,2018,0,0,0,0,0,0,0,0,0,0,1,0,0,0,1
220,2018,1,1,0,0,0,0,0,0,0,0,1,0,0,0,1
221,2018,1,1,0,0,0,0,0,0,0,0,1,0,0,0,1
222,2018,0,1,0,0,0,0,0,0,0,0,1,0,0,0,0
223,2018,1,1,0,0,0,0,0,0,0,0,0,0,0,0,0
224,2018,0,1,0,0,0,0,0,0,0,0,1,0,0,0,0
225,2018,0,1,0,0,0,0,0,0,0,0,0,0,0,0,0
226,2018,1,1,0,0,0,0,0,0,0,0,0,0,0,0,0
227,2018,1,1,0,0,0,0,0,0,0,0,0,0,0,0,0
228,2018,1,1,0,0,0,0,0,0,0,1,1,0,0,0,0
229,2018,0,1,0,0,0,0,0,0,0,0,0,0,0,0,0
230,2018,0,1,0,0,0,0,0,0,0,0,1,0,0,0,0
231,2018,1,1,0,0,0,0,0,0,0,0,0,0,0,0,0
232,2018,1,1,0,0,0,0,0,0,0,0,0,0,0,0,1
233,2018,0,1,1,0,0,0,0,0,0,0,1,0,0,0,0
234,2018,0,1,0,0,0,0,0,0,0,0,1,0,0,0,0
235,2018,0,1,0,0,0,0,0,0,0,0,1,0,0,0,0
236,2018,0,1,0,0,0,0,0,0,0,0,0,0,0,0,0
237,2018,1,1,0,0,0,0,0,0,0,1,0,0,0,0,0
238,2018,0,1,0,0,0,0,0,0,0,0,1,0,0,0,1
239,2018,1,1,0,0,0,0,0,0,0,0,0,0,0,0,0
240,2018,1,1,0,0,0,0,0,0,0,0,0,0,0,0,0
241,2018,0,1,0,0,0,0,0,0,0,0,0,0,0,0,1
242,2018,1,1,0,0,0,0,0,0,1,0,0,0,0,0,1
243,2018,0,1,0,0,0,0,0,0,0,0,0,0,0,0,0
244,2018,1,1,0,0,0,0,0,0,0,0,0,0,0,0,0
245,2018,1,1,0,0,0,0,0,0,0,0,0,0,0,0,1
246,2018,0,1,0,0,0,0,0,0,0,0,1,0,0,0,1
247,2018,0,0,0,0,0,0,0,0,0,0,0,0,0,0,0
248,2018,0,0,0,0,0,0,0,0,0,0,0,0,0,0,0
249,2018,0,1,0,0,0,0,0,0,0,0,0,0,0,0,0
250,2018,1,1,0,0,0,0,0,0,0,0,0,0,0,0,0
251,2018,0,0,0,0,0,0,0,0,0,0,0,0,0,0,0
252,2018,0,0,0,0,0,0,0,0,0,0,0,0,0,0,0
253,2018,0,1,0,0,0,0,0,0,0,0,1,0,0,0,1
254,2018,1,1,0,0,0,0,0,0,0,0,0,0,0,0,0
255,2018,1,1,0,0,0,0,0,0,0,0,0,0,0,0,0
256,2018,1,1,0,0,0,0,0,0,0,0,0,0,0,0,0
257,2018,1,1,0,0,0,0,0,0,0,0,0,0,0,0,1
258,2018,0,1,0,0,0,0,0,0,0,0,0,0,0,0,0
259,2018,1,1,0,0,0,0,0,0,0,0,1,0,0,0,0
260,2018,1,1,0,0,0,0,0,0,0,0,0,0,0,0,0
261,2018,1,1,0,0,0,0,0,0,0,0,0,0,0,0,1
262,2018,1,1,0,0,0,0,0,0,0,0,1,0,0,1,0
263,2018,1,1,0,0,0,0,0,0,0,0,1,0,0,0,0
264,2018,1,1,0,0,0,0,0,0,0,0,0,0,0,0,0
265,2018,1,1,0,0,0,0,1,0,0,0,1,0,0,0,0
266,2018,0,1,0,0,0,0,0,0,0,0,1,0,0,0,1
267,2018,1,1,0,0,0,0,0,0,0,0,1,0,0,0,0
268,2018,0,0,0,0,0,0,0,0,0,0,0,0,0,0,0
269,2018,1,1,0,0,0,0,0,0,0,0,0,0,0,0,0
270,2018,1,1,0,0,0,0,0,0,0,0,0,0,0,0,0
271,2018,1,1,0,0,0,0,0,0,0,0,1,0,0,0,0
272,2018,0,0,0,0,0,0,0,0,0,0,0,0,0,0,0
273,2018,1,1,0,0,0,0,0,0,0,0,1,0,0,0,0
274,2018,0,1,0,0,0,0,0,0,0,0,1,0,0,0,0
275,2018,1,1,0,0,0,0,0,0,0,0,0,0,0,0,0
276,2018,1,1,0,0,0,0,0,0,0,0,0,0,0,0,0
277,2018,0,0,1,0,0,0,0,1,1,0,1,0,0,0,1
278,2018,1,1,0,0,0,0,0,0,0,0,0,0,0,0,1
279,2018,1,1,0,0,0,0,0,0,0,0,0,0,0,0,0
280,2018,1,0,0,0,0,0,0,0,0,0,0,0,0,0,1
281,2018,0,1,0,0,0,0,0,0,0,0,1,0,0,0,1
282,2018,0,0,0,0,0,0,0,0,0,0,0,0,0,0,0
283,2018,0,1,0,0,0,0,0,0,0,0,0,0,0,0,1
284,2018,1,0,0,0,0,0,0,0,0,0,0,0,0,0,0
285,2018,0,0,0,0,0,0,0,0,0,0,1,0,0,0,1
286,2018,0,1,1,0,0,0,0,0,0,0,1,0,0,0,0
287,2018,1,1,0,0,0,0,0,0,0,0,0,0,0,0,0
288,2018,0,0,0,0,0,0,0,0,0,0,0,0,0,0,0
289,2018,0,0,0,0,0,0,0,0,0,0,0,0,0,0,0
290,2018,0,0,0,0,0,0,1,0,1,0,1,0,0,0,0
291,2018,0,1,0,0,0,0,0,0,0,0,0,0,0,0,1
292,2018,0,1,0,0,0,0,0,0,0,0,0,0,0,0,1
293,2018,0,1,0,0,0,0,0,0,0,0,0,0,0,0,1
294,2018,0,1,0,0,0,0,0,0,0,0,0,0,0,0,1
295,2018,0,0,0,0,0,0,0,0,0,0,0,0,0,0,0
296,2018,1,0,0,0,0,0,0,0,0,0,0,0,0,0,0
297,2018,1,1,0,0,0,0,0,0,0,0,0,0,0,0,1
298,2018,1,1,0,0,0,0,0,0,0,0,0,0,0,0,0
299,2018,1,1,0,0,0,0,0,0,0,0,1,0,0,0,0
300,2018,1,1,0,0,0,0,0,0,0,0,0,0,0,0,1
1,2019,0,1,0,0,0,0,0,0,0,0,1,0,0,0,0
2,2019,1,1,0,0,0,0,1,0,0,0,0,0,0,0,1
3,2019,1,0,1,0,0,0,1,1,1,0,1,0,0,0,1
4,2019,0,0,0,0,0,0,0,0,1,0,0,0,0,0,0
5,2019,1,0,1,0,0,0,1,0,1,0,1,0,0,1,0
6,2019,0,0,0,0,0,0,0,0,0,0,0,0,0,0,0
7,2019,1,1,0,0,0,0,0,0,0,0,0,0,0,0,0
8,2019,1,1,1,0,0,0,1,0,0,0,1,0,0,0,1
9,2019,1,1,0,0,0,0,0,0,0,0,0,0,0,0,0
10,2019,1,1,0,0,0,0,0,0,0,0,0,0,0,0,1
11,2019,1,0,0,0,0,0,0,0,0,0,0,0,0,0,1
12,2019,1,1,0,0,0,0,0,0,1,0,0,0,0,0,1
13,2019,1,1,0,0,0,0,0,1,1,0,0,0,0,0,0
14,2019,1,1,1,0,0,0,0,0,1,0,0,0,0,0,1
15,2019,0,0,0,0,0,0,0,0,0,0,0,0,0,0,0
16,2019,1,1,0,0,0,0,0,0,0,0,0,0,0,0,0
17,2019,0,0,1,0,0,0,0,1,1,0,0,0,0,0,0
18,2019,0,1,0,0,0,0,0,0,0,0,0,0,0,0,1
19,2019,0,0,0,0,0,0,0,1,1,0,0,0,0,0,0
20,2019,0,0,0,0,0,0,1,0,1,0,1,0,0,0,1
21,2019,1,0,0,0,0,0,0,0,0,0,1,0,0,0,1
22,2019,0,0,0,0,0,0,0,0,0,1,0,0,0,0,0
23,2019,0,1,0,0,0,0,0,1,0,0,0,0,0,0,0
24,2019,0,1,0,0,0,0,0,0,0,0,0,0,0,0,0
25,2019,0,1,0,0,0,0,0,0,0,0,0,0,0,0,0
26,2019,0,1,0,0,0,0,0,0,0,0,1,0,0,0,1
27,2019,0,0,0,0,0,0,0,0,0,0,0,0,0,0,1
28,2019,0,1,0,0,0,0,0,0,0,0,0,0,0,0,0
29,2019,0,1,0,0,0,0,0,0,0,0,0,0,0,0,0
30,2019,1,1,0,0,0,0,0,0,0,0,0,0,0,0,0
31,2019,1,1,0,1,0,0,0,0,0,0,0,0,0,0,1
32,2019,1,1,1,0,0,0,0,1,0,0,1,0,0,0,1
33,2019,1,1,1,0,0,0,0,1,1,0,0,0,0,0,1
34,2019,1,1,0,0,0,0,0,0,0,0,1,0,0,0,0
35,2019,0,1,0,0,0,0,0,1,1,0,0,0,0,0,0
36,2019,0,0,0,0,0,0,0,0,0,0,0,0,0,0,0
37,2019,0,1,0,0,0,0,0,0,0,0,0,0,0,0,0
38,2019,1,0,0,0,0,0,0,0,0,0,0,0,0,0,1
39,2019,0,0,0,0,0,0,0,0,0,0,0,0,0,0,0
40,2019,0,0,0,0,0,0,0,0,0,0,0,0,0,0,0
41,2019,0,1,0,0,0,0,0,0,0,0,0,0,0,0,0
42,2019,0,1,1,0,0,0,0,1,1,1,0,0,0,0,0
43,2019,0,0,0,0,0,0,1,0,0,0,0,0,0,0,0
44,2019,0,1,0,0,0,0,0,0,1,1,0,0,0,0,1
45,2019,0,0,0,0,0,0,0,0,0,0,0,0,0,0,0
46,2019,1,0,0,0,0,0,0,0,1,0,0,0,0,0,1
47,2019,1,0,0,0,0,0,0,0,0,0,0,0,0,0,0
48,2019,1,0,1,0,0,0,0,1,1,0,0,0,0,0,1
49,2019,0,1,0,0,0,0,0,0,0,0,1,0,0,0,1
50,2019,0,1,0,0,0,0,0,0,0,0,0,0,0,0,1
51,2019,0,0,0,0,0,0,0,0,0,0,0,0,0,0,0
52,2019,0,0,0,0,0,0,0,0,1,0,0,0,0,0,0
53,2019,1,1,0,0,0,0,0,0,0,0,0,0,0,0,1
54,2019,1,1,0,0,0,0,0,0,0,0,0,0,0,0,1
55,2019,1,1,0,0,0,0,0,1,1,0,0,0,0,0,1
56,2019,0,0,0,0,0,0,0,0,0,0,1,0,0,0,0
57,2019,0,0,0,0,0,0,0,0,0,0,0,0,0,0,0
58,2019,1,1,0,0,0,0,0,1,0,0,0,0,0,0,0
59,2019,0,0,0,0,0,0,0,0,0,0,0,0,0,0,1
60,2019,1,1,0,0,0,0,0,0,0,0,1,0,0,0,1
61,2019,0,1,0,0,0,0,0,0,0,0,0,0,0,0,0
62,2019,1,1,0,0,0,0,0,0,0,0,0,0,0,0,0
63,2019,0,0,0,0,0,0,0,0,0,0,0,0,0,0,0
64,2019,0,0,0,0,0,0,0,0,0,0,0,0,0,0,0
65,2019,1,1,1,0,0,0,1,0,1,0,1,0,0,0,1
66,2019,1,1,0,0,0,0,0,0,0,0,0,0,0,0,1
67,2019,1,1,0,1,0,0,0,0,0,0,1,0,0,0,1
68,2019,1,1,0,0,0,0,0,0,0,0,0,0,0,0,1
69,2019,1,0,0,0,0,0,0,0,0,0,0,0,0,0,0
70,2019,1,0,1,0,0,0,0,0,1,0,0,0,0,0,0
71,2019,1,1,0,0,0,0,1,1,1,0,1,0,0,0,1
72,2019,1,1,0,0,0,0,1,0,0,0,1,0,0,0,1
73,2019,1,1,0,0,0,0,0,0,0,0,0,0,0,0,1
74,2019,1,1,0,0,0,0,1,1,0,0,1,1,0,0,0
75,2019,1,0,1,0,0,0,0,1,1,1,0,0,0,0,1
76,2019,1,1,1,0,0,0,0,1,0,0,0,0,0,0,1
77,2019,1,1,1,0,0,0,0,0,1,0,1,1,0,0,1
78,2019,0,1,0,0,0,0,0,0,0,0,0,0,0,0,0
79,2019,1,1,0,0,0,0,0,0,0,0,0,0,0,0,0
80,2019,1,1,0,0,0,0,0,0,0,0,0,0,0,0,0
81,2019,0,0,0,0,0,0,0,0,0,0,0,0,0,0,0
82,2019,1,1,1,0,0,0,1,1,1,1,1,0,0,0,1
83,2019,1,1,0,0,0,0,0,1,1,0,0,0,0,0,1
84,2019,0,0,0,0,0,0,0,0,0,0,0,0,0,0,0
85,2019,1,1,0,0,0,0,0,0,0,0,0,0,0,0,1
86,2019,0,0,0,0,0,0,0,0,0,0,0,0,0,0,0
87,2019,0,0,1,0,0,0,0,0,0,0,0,0,0,0,0
88,2019,1,1,0,0,0,0,0,0,0,0,0,0,0,0,1
89,2019,1,0,0,0,0,0,0,0,0,0,0,0,0,0,0
90,2019,0,0,0,0,0,0,1,0,0,0,0,0,0,0,0
91,2019,1,1,0,0,0,0,0,0,0,0,0,0,0,0,0
92,2019,1,0,0,0,0,0,0,1,1,0,1,0,0,0,0
93,2019,1,1,0,0,0,0,0,0,1,1,0,0,0,0,1
94,2019,1,0,0,0,0,0,0,0,0,0,1,0,0,0,1
95,2019,1,1,0,0,0,0,1,1,1,0,0,0,0,0,1
96,2019,1,0,0,0,0,0,0,0,1,0,0,0,0,0,1
97,2019,1,1,1,0,0,0,1,1,0,0,0,0,0,0,1
98,2019,1,1,0,0,0,0,0,0,0,0,1,0,0,0,1
99,2019,1,1,1,0,0,0,0,0,1,0,1,0,0,0,1
100,2019,1,1,0,0,0,0,0,0,0,0,1,0,0,0,1
101,2019,1,1,0,0,0,0,0,0,0,0,1,0,0,0,0
102,2019,0,1,0,0,0,0,0,0,0,0,1,0,0,0,0
103,2019,0,0,0,0,0,0,0,0,0,0,0,0,0,0,0
104,2019,1,1,0,0,0,0,0,1,1,1,1,0,0,0,0
105,2019,0,0,0,0,0,0,1,0,0,0,0,0,0,0,0
106,2019,0,1,0,0,0,0,0,0,0,0,0,0,0,0,0
107,2019,1,1,0,0,0,0,0,0,0,0,0,0,0,0,1
108,2019,1,1,1,0,0,0,1,1,0,0,1,0,0,0,0
109,2019,1,1,0,0,0,0,0,0,1,0,0,0,0,0,1
110,2019,1,1,0,0,0,0,1,1,1,0,0,0,0,0,1
111,2019,0,1,0,0,0,0,0,0,0,0,0,0,0,0,0
112,2019,1,1,0,0,0,0,0,1,1,0,1,1,0,0,1
113,2019,0,0,1,0,0,0,0,0,0,0,0,0,0,0,1
114,2019,1,1,0,0,0,0,0,1,0,0,0,0,0,0,1
115,2019,1,1,0,0,0,0,0,0,0,0,0,0,0,0,1
116,2019,1,1,0,0,0,0,0,0,0,1,1,0,0,0,0
117,2019,1,1,0,0,0,0,0,1,0,0,0,1,0,0,1
118,2019,0,0,0,0,0,0,0,0,0,0,1,0,0,0,0
119,2019,1,1,1,0,0,0,1,0,0,0,1,1,0,0,1
120,2019,1,1,0,0,0,0,0,0,0,1,0,0,0,0,1
121,2019,1,1,0,0,0,0,0,0,0,0,1,0,0,0,0
122,2019,1,1,0,0,0,0,0,0,0,0,0,0,0,0,1
123,2019,0,0,1,0,0,0,0,0,0,0,1,0,0,0,1
124,2019,0,1,0,0,0,0,0,0,0,0,1,0,0,0,0
125,2019,1,1,0,0,0,0,0,0,0,0,0,0,0,0,1
126,2019,1,1,0,0,0,0,0,0,0,1,0,0,0,0,0
127,2019,1,1,0,0,0,0,0,1,1,0,0,0,0,0,1
128,2019,1,1,0,0,0,0,0,1,1,1,0,0,0,0,1
129,2019,0,0,1,0,0,0,1,1,1,0,1,0,0,0,1
130,2019,1,0,0,0,0,0,0,0,0,0,0,0,0,0,0
131,2019,1,1,1,0,0,0,1,1,1,0,1,0,0,0,1
132,2019,1,1,1,0,0,0,0,1,1,1,0,0,0,0,0
133,2019,0,1,0,0,0,0,0,0,0,0,0,0,0,0,0
134,2019,1,0,1,0,0,0,1,1,1,0,1,0,0,0,1
135,2019,0,0,0,0,0,0,0,0,0,0,0,0,0,0,0
136,2019,1,1,0,0,0,0,0,0,0,0,0,0,0,0,1
137,2019,0,1,0,0,0,0,1,0,0,0,1,0,0,0,1
138,2019,0,0,0,0,0,0,0,0,0,0,0,0,0,0,1
139,2019,0,0,0,0,0,0,0,0,0,0,0,0,0,0,0
140,2019,0,0,0,0,0,0,1,0,1,0,0,0,0,0,1
141,2019,0,1,0,0,0,0,0,0,0,0,0,0,0,0,1
142,2019,1,1,0,0,0,0,0,0,0,0,0,0,0,0,1
143,2019,0,0,0,0,0,0,1,0,0,0,1,0,0,0,1
144,2019,0,1,0,0,0,0,1,0,0,0,1,0,0,0,1
145,2019,1,1,0,0,0,0,0,0,0,0,0,0,0,0,1
146,2019,1,1,0,0,0,0,0,0,0,0,1,0,0,0,0
147,2019,1,1,0,0,0,0,0,0,0,0,1,0,0,0,0
148,2019,1,1,1,0,0,0,0,0,0,0,1,0,0,0,1
149,2019,1,1,0,0,0,0,1,0,0,0,1,0,0,0,1
150,2019,1,1,0,0,0,0,0,0,0,0,0,0,0,0,0
151,2019,1,0,0,0,0,0,0,0,0,0,0,0,0,0,0
152,2019,1,1,0,0,0,0,0,1,1,0,1,0,0,0,1
153,2019,1,1,0,0,0,0,0,0,0,0,0,0,0,0,1
154,2019,1,1,0,0,0,0,0,1,0,0,1,0,0,0,1
155,2019,1,1,0,0,0,0,0,0,0,0,1,0,0,0,1
156,2019,1,1,1,0,0,0,0,0,1,1,1,0,0,0,1
157,2019,1,1,0,0,0,0,1,0,0,0,1,0,0,0,1
158,2019,1,0,0,0,0,0,0,0,0,1,0,0,0,0,0
159,2019,0,0,0,0,0,0,0,0,0,0,0,0,0,0,0
160,2019,0,0,1,0,0,0,1,0,0,0,1,0,0,0,0
161,2019,1,1,0,0,0,0,1,1,0,0,1,0,0,0,1
162,2019,0,0,0,0,0,0,0,0,1,0,0,0,0,0,0
163,2019,1,1,0,0,0,0,0,0,1,1,0,0,0,0,1
164,2019,1,1,0,0,0,0,0,1,1,0,0,0,0,0,1
165,2019,0,1,0,0,0,0,0,0,0,0,1,0,0,0,1
166,2019,0,1,0,0,0,0,0,0,0,0,0,0,0,0,0
167,2019,1,1,0,0,0,0,0,0,0,0,1,0,0,0,1
168,2019,1,0,0,0,0,0,0,0,0,0,0,0,0,0,1
169,2019,0,1,0,0,0,0,0,1,1,0,1,0,0,0,1
170,2019,0,1,0,0,0,0,0,0,0,0,0,0,0,0,1
171,2019,0,1,0,0,0,0,0,1,0,0,0,0,0,0,1
172,2019,0,1,0,0,0,0,0,0,0,0,0,0,0,0,0
173,2019,1,1,1,0,0,0,0,0,0,0,0,0,0,0,1
174,2019,1,1,0,0,0,0,0,0,0,0,1,0,0,0,1
175,2019,1,0,0,0,0,0,0,0,0,0,0,0,0,0,1
176,2019,1,1,0,0,0,0,0,0,1,0,0,0,0,0,1
177,2019,1,1,0,0,0,0,0,1,1,0,0,0,0,0,1
178,2019,0,0,0,0,0,0,1,0,0,0,0,0,0,0,1
179,2019,1,0,0,0,0,0,0,0,0,0,0,0,0,0,1
180,2019,0,1,1,0,0,0,0,0,0,0,1,0,0,0,1
181,2019,0,0,1,0,0,0,1,1,0,0,1,0,0,0,1
182,2019,1,1,0,0,0,0,0,0,0,0,1,0,0,0,1
183,2019,1,0,0,0,0,0,1,1,1,1,0,0,0,0,1
184,2019,0,0,0,0,0,0,0,0,1,1,0,0,0,0,0
185,2019,1,1,0,0,0,0,0,0,0,0,1,0,0,0,1
186,2019,1,0,1,0,0,0,1,1,1,0,0,0,0,0,1
187,2019,1,1,0,0,0,0,0,0,0,0,1,0,0,0,0
188,2019,1,1,1,0,0,0,1,1,1,0,1,0,0,0,1
189,2019,0,0,0,0,0,0,0,0,0,0,0,0,0,0,0
190,2019,1,1,1,0,0,0,1,1,1,0,1,0,0,0,1
191,2019,0,1,0,0,0,0,0,0,0,0,0,0,0,0,1
192,2019,1,0,0,0,0,0,0,0,0,0,0,0,0,0,0
193,2019,1,1,0,0,0,0,0,0,0,0,1,0,0,0,1
194,2019,1,1,0,0,0,0,0,0,0,0,1,0,0,0,1
195,2019,1,1,0,0,0,0,0,0,0,0,1,0,0,0,1
196,2019,1,1,0,0,0,0,0,0,0,0,1,0,0,0,0
197,2019,1,1,0,0,0,0,1,0,1,0,0,0,0,0,0
198,2019,1,1,1,0,0,0,0,0,0,0,1,0,0,0,1
199,2019,1,1,0,0,0,0,0,0,0,0,0,0,0,0,0
200,2019,1,1,0,0,0,0,0,0,0,0,0,0,0,0,0
201,2019,1,1,1,0,0,0,0,1,1,0,0,0,0,0,0
202,2019,0,0,0,0,0,0,0,0,0,0,0,0,0,0,1
203,2019,1,0,0,0,0,0,0,0,0,0,0,0,0,0,0
204,2019,0,0,0,0,0,0,0,1,1,0,0,0,0,0,0
205,2019,1,1,0,0,0,0,0,0,1,1,1,0,0,0,1
206,2019,1,0,0,0,0,0,0,0,0,1,0,0,0,0,1
207,2019,0,0,0,0,0,0,0,0,0,0,0,0,0,0,0
208,2019,1,1,0,0,0,0,0,0,0,0,0,0,0,0,0
209,2019,1,0,1,0,0,0,1,0,0,0,1,0,0,0,1
210,2019,1,1,0,0,0,0,0,0,0,0,0,0,0,0,1
211,2019,1,1,0,0,0,0,0,0,0,0,0,0,0,0,0
212,2019,1,1,1,0,0,0,0,0,0,0,1,0,0,0,1
213,2019,1,1,1,0,0,0,1,0,0,0,1,0,0,0,1
214,2019,1,1,1,0,0,0,1,0,0,0,1,0,0,0,1
215,2019,1,1,1,0,0,0,1,0,0,0,1,0,0,0,1
216,2019,0,1,0,0,0,0,0,0,0,0,0,0,0,0,0
217,2019,1,1,0,0,0,0,1,0,1,0,1,0,0,0,1
218,2019,1,0,0,0,1,0,1,0,0,0,0,0,0,0,1
219,2019,0,1,0,0,0,0,0,0,0,0,0,0,0,0,0
220,2019,1,1,1,0,0,0,0,0,0,0,1,0,0,0,1
221,2019,1,1,0,0,0,0,0,0,0,0,0,0,0,0,1
222,2019,0,1,0,0,0,0,1,0,0,0,0,0,0,0,1
223,2019,1,1,1,0,0,0,0,1,0,1,1,0,0,0,1
224,2019,1,0,0,0,0,0,1,0,0,0,0,0,0,0,0
225,2019,1,1,0,0,0,0,0,0,0,0,1,0,0,0,0
226,2019,0,1,0,0,0,0,0,0,0,0,0,0,0,0,0
227,2019,1,1,1,0,0,0,1,1,1,0,1,0,0,0,1
228,2019,1,1,1,0,0,0,0,0,0,0,0,0,0,0,1
229,2019,1,1,0,0,0,0,0,1,0,0,0,0,0,0,0
230,2019,1,1,1,0,0,0,1,1,0,0,0,0,0,0,1
231,2019,1,1,0,0,0,0,0,0,1,0,1,0,0,0,1
232,2019,1,1,0,0,0,0,0,0,0,0,1,0,0,0,1
233,2019,1,1,0,0,0,0,0,1,0,1,1,0,0,0,0
234,2019,1,1,0,0,0,0,0,0,0,0,1,0,0,0,0
235,2019,1,1,0,0,0,0,0,0,0,0,0,0,0,0,1
236,2019,1,0,0,0,0,0,0,0,0,0,1,0,0,0,1
237,2019,1,1,0,0,0,0,1,0,0,0,0,0,0,0,1
238,2019,1,1,1,0,0,0,0,0,0,0,1,0,0,0,1
239,2019,1,0,0,0,0,0,0,0,1,0,0,0,0,0,0
240,2019,1,1,0,0,0,0,0,0,0,0,0,0,0,0,0
241,2019,1,0,0,0,0,0,0,1,1,0,0,0,0,0,1
242,2019,1,1,0,0,0,0,0,0,0,0,0,0,0,0,1
243,2019,1,1,0,0,0,0,0,0,0,0,1,0,0,0,1
244,2019,1,0,0,0,0,0,0,0,0,0,0,0,0,0,0
245,2019,1,1,0,0,0,0,0,0,0,1,0,0,0,0,0
246,2019,1,1,0,0,0,0,1,0,0,0,0,0,0,0,1
247,2019,0,0,0,0,0,0,0,0,0,0,0,0,0,0,0
248,2019,1,0,0,0,0,0,0,0,0,0,0,0,0,0,0
249,2019,1,1,0,0,0,0,0,0,0,0,0,0,0,0,1
250,2019,1,1,0,0,0,0,0,0,0,1,0,0,0,0,1
251,2019,1,0,0,0,0,0,0,0,0,0,0,0,0,0,0
252,2019,0,0,0,0,0,0,0,1,0,0,0,0,0,0,0
253,2019,0,1,0,0,0,0,0,0,0,0,0,0,0,0,0
254,2019,1,1,0,0,0,0,0,0,0,0,0,0,0,0,0
255,2019,1,1,0,0,1,0,0,0,1,0,0,0,0,0,1
256,2019,1,1,1,0,0,0,0,0,0,0,1,0,0,0,0
257,2019,1,1,0,0,0,0,0,0,0,0,0,0,0,0,1
258,2019,1,0,1,0,0,0,0,0,1,0,0,0,0,0,1
259,2019,1,1,0,0,0,0,0,0,0,0,1,0,0,0,1
260,2019,0,1,0,0,0,0,0,0,0,0,0,0,0,0,1
261,2019,1,1,0,0,0,0,0,0,0,0,0,0,0,0,1
262,2019,1,1,0,0,0,0,1,0,0,0,0,0,0,0,1
263,2019,1,1,0,0,0,0,0,0,0,0,0,0,0,0,1
264,2019,1,1,1,0,0,0,0,0,1,0,0,0,0,0,1
265,2019,1,1,0,0,0,0,0,0,0,1,1,0,0,0,0
266,2019,1,1,0,0,0,0,0,0,0,0,0,0,0,0,0
267,2019,1,1,0,0,0,0,0,0,0,0,0,0,0,0,0
268,2019,1,1,0,0,0,0,0,0,0,0,1,0,0,0,1
269,2019,1,1,0,0,0,0,0,0,0,0,0,0,0,0,1
270,2019,1,1,0,0,0,0,0,0,0,0,0,0,0,0,1
271,2019,1,1,1,0,0,0,1,1,1,0,1,0,0,0,1
272,2019,1,1,0,0,0,0,0,0,0,0,0,0,0,0,1
273,2019,1,1,1,0,0,0,1,0,0,0,1,0,0,0,1
274,2019,1,1,0,0,0,0,0,0,0,0,1,0,0,0,1
275,2019,1,1,0,0,0,0,0,0,0,0,1,0,0,0,1
276,2019,1,1,0,0,0,0,0,0,0,0,0,0,0,0,0
277,2019,0,1,0,0,0,0,1,1,1,0,0,0,0,0,1
278,2019,1,1,0,0,0,0,0,0,0,0,1,0,0,0,0
279,2019,1,1,1,0,0,0,1,0,0,0,1,0,0,0,1
280,2019,1,1,0,0,0,0,0,0,0,0,0,0,0,0,0
281,2019,0,1,0,0,0,0,1,0,0,0,1,0,0,0,1
282,2019,0,0,0,0,0,0,0,0,0,0,0,0,0,0,0
283,2019,1,1,0,0,0,0,0,0,0,0,0,0,0,0,1
284,2019,1,0,0,0,0,0,0,1,1,0,0,0,0,0,0
285,2019,1,1,0,0,0,0,0,0,0,0,0,0,0,0,0
286,2019,1,1,0,0,0,0,0,0,0,0,0,0,0,0,0
287,2019,1,0,0,0,0,0,0,0,0,0,0,0,0,0,1
288,2019,0,0,0,0,0,0,0,0,0,0,0,0,0,0,0
289,2019,1,1,0,0,0,0,0,0,0,0,1,0,0,0,0
290,2019,1,1,1,0,0,0,0,1,1,0,1,0,0,0,1
291,2019,1,1,0,0,0,0,0,0,0,0,0,0,0,0,1
292,2019,1,1,0,0,0,0,0,0,0,0,0,0,0,0,0
293,2019,1,0,0,0,0,0,0,0,0,0,0,0,0,0,1
294,2019,1,0,0,0,0,0,0,0,0,0,1,0,0,0,0
295,2019,1,1,0,0,0,0,0,0,0,0,0,0,0,0,0
296,2019,0,0,0,0,0,0,0,0,0,0,0,0,0,0,0
297,2019,1,1,1,0,0,0,0,1,0,0,1,0,0,0,1
298,2019,1,1,0,0,0,0,0,0,0,1,0,0,0,0,1
299,2019,1,1,0,0,0,0,0,0,0,0,1,0,0,0,1
300,2019,1,0,0,0,0,0,0,0,0,0,0,0,0,0,0
